Price ID,Date,Week No,Year,Season,Vegetable,District,Price (Rs/kg),Month,Temperature (°C),Rainfall (mm),Humidity (%),Cultivated Area (ha),Production Volume (Mt),Yield (Mt/ha)
1,2021-01-04,1,2021,Maha,Beans,Kandy,175.0,1,24.5,143.1,87.0,501.4,3073.7,6.130235341045074
11,2021-01-07,1,2021,Maha,Beans,Kandy,165.0,1,24.5,143.1,87.0,501.4,3073.7,6.130235341045074
21,2021-01-28,4,2021,Maha,Beans,Kandy,195.0,1,24.5,143.1,87.0,501.4,3073.7,6.130235341045074
26,2021-02-12,6,2021,Maha,Beans,Kandy,210.0,2,25.0,54.6,80.5,501.4,3073.7,6.130235341045074
36,2021-02-18,7,2021,Maha,Beans,Kandy,135.0,2,25.0,54.6,80.5,501.4,3073.7,6.130235341045074
46,2021-02-25,8,2021,Maha,Beans,Kandy,125.0,2,25.0,54.6,80.5,501.4,3073.7,6.130235341045074
56,2021-03-18,11,2021,Maha,Beans,Kandy,190.0,3,26.0,86.4,80.5,501.4,3073.7,6.130235341045074
66,2021-03-25,12,2021,Maha,Beans,Kandy,175.0,3,26.0,86.4,80.5,501.4,3073.7,6.130235341045074
81,2021-04-03,13,2021,Yala,Beans,Kandy,115.0,4,26.4,285.6,83.5,486.9,4480.6,9.202300266995277
91,2021-04-11,14,2021,Yala,Beans,Kandy,170.0,4,26.4,285.6,83.5,486.9,4480.6,9.202300266995277
101,2021-04-22,16,2021,Yala,Beans,Kandy,65.0,4,26.4,285.6,83.5,486.9,4480.6,9.202300266995277
111,2021-04-29,17,2021,Yala,Beans,Kandy,95.0,4,26.4,285.6,83.5,486.9,4480.6,9.202300266995277
121,2021-05-08,18,2021,Yala,Beans,Kandy,215.0,5,26.1,326.9,87.5,486.9,4480.6,9.202300266995277
131,2021-05-13,19,2021,Yala,Beans,Kandy,95.0,5,26.1,326.9,87.5,486.9,4480.6,9.202300266995277
136,2021-05-20,20,2021,Yala,Beans,Kandy,125.0,5,26.1,326.9,87.5,486.9,4480.6,9.202300266995277
141,2021-06-05,22,2021,Yala,Beans,Kandy,95.0,6,25.5,125.4,85.0,486.9,4480.6,9.202300266995277
146,2021-07-10,27,2021,Yala,Beans,Kandy,210.0,7,25.6,165.1,85.5,486.9,4480.6,9.202300266995277
156,2021-07-15,28,2021,Yala,Beans,Kandy,205.0,7,25.6,165.1,85.5,486.9,4480.6,9.202300266995277
166,2021-07-22,29,2021,Yala,Beans,Kandy,210.0,7,25.6,165.1,85.5,486.9,4480.6,9.202300266995277
176,2021-07-29,30,2021,Yala,Beans,Kandy,245.0,7,25.6,165.1,85.5,486.9,4480.6,9.202300266995277
186,2021-08-04,31,2021,Yala,Beans,Kandy,165.0,8,25.2,136.6,85.5,486.9,4480.6,9.202300266995277
196,2021-08-07,31,2021,Yala,Beans,Kandy,145.0,8,25.2,136.6,85.5,486.9,4480.6,9.202300266995277
206,2021-08-19,33,2021,Yala,Beans,Kandy,195.0,8,25.2,136.6,85.5,486.9,4480.6,9.202300266995277
216,2021-09-09,36,2021,Maha,Beans,Kandy,130.0,9,25.3,162.6,86.5,501.4,3073.7,6.130235341045074
226,2021-09-16,37,2021,Maha,Beans,Kandy,130.0,9,25.3,162.6,86.5,501.4,3073.7,6.130235341045074
236,2021-09-23,38,2021,Maha,Beans,Kandy,125.0,9,25.3,162.6,86.5,501.4,3073.7,6.130235341045074
246,2021-09-30,39,2021,Maha,Beans,Kandy,125.0,9,25.3,162.6,86.5,501.4,3073.7,6.130235341045074
256,2021-10-14,41,2021,Maha,Beans,Kandy,275.0,10,25.4,438.5,88.5,501.4,3073.7,6.130235341045074
266,2021-10-21,42,2021,Maha,Beans,Kandy,235.0,10,25.4,438.5,88.5,501.4,3073.7,6.130235341045074
276,2021-10-28,43,2021,Maha,Beans,Kandy,160.0,10,25.4,438.5,88.5,501.4,3073.7,6.130235341045074
291,2021-11-11,45,2021,Maha,Beans,Kandy,230.0,11,24.7,451.6,90.0,501.4,3073.7,6.130235341045074
301,2021-11-18,46,2021,Maha,Beans,Kandy,365.0,11,24.7,451.6,90.0,501.4,3073.7,6.130235341045074
311,2021-11-25,47,2021,Maha,Beans,Kandy,350.0,11,24.7,451.6,90.0,501.4,3073.7,6.130235341045074
321,2021-12-08,49,2021,Maha,Beans,Kandy,215.0,12,25.2,46.4,84.0,501.4,3073.7,6.130235341045074
336,2021-12-23,51,2021,Maha,Beans,Kandy,370.0,12,25.2,46.4,84.0,501.4,3073.7,6.130235341045074
346,2021-12-30,52,2021,Maha,Beans,Kandy,370.0,12,25.2,46.4,84.0,501.4,3073.7,6.130235341045074
356,2022-01-09,1,2022,Maha,Beans,Kandy,260.0,1,24.8,14.2,79.5,423.3,3062.4,7.234585400425231
366,2022-01-12,2,2022,Maha,Beans,Kandy,255.0,1,24.8,14.2,79.5,423.3,3062.4,7.234585400425231
376,2022-01-13,2,2022,Maha,Beans,Kandy,280.0,1,24.8,14.2,79.5,423.3,3062.4,7.234585400425231
386,2022-01-20,3,2022,Maha,Beans,Kandy,335.0,1,24.8,14.2,79.5,423.3,3062.4,7.234585400425231
396,2022-01-27,4,2022,Maha,Beans,Kandy,415.0,1,24.8,14.2,79.5,423.3,3062.4,7.234585400425231
406,2022-02-06,5,2022,Maha,Beans,Kandy,515.0,2,25.0,29.4,78.0,423.3,3062.4,7.234585400425231
416,2022-02-17,7,2022,Maha,Beans,Kandy,170.0,2,25.0,29.4,78.0,423.3,3062.4,7.234585400425231
426,2022-02-24,8,2022,Maha,Beans,Kandy,210.0,2,25.0,29.4,78.0,423.3,3062.4,7.234585400425231
436,2022-03-02,9,2022,Maha,Beans,Kandy,190.0,3,26.5,80.0,80.0,423.3,3062.4,7.234585400425231
446,2022-03-03,9,2022,Maha,Beans,Kandy,190.0,3,26.5,80.0,80.0,423.3,3062.4,7.234585400425231
456,2022-03-11,10,2022,Maha,Beans,Kandy,385.0,3,26.5,80.0,80.0,423.3,3062.4,7.234585400425231
466,2022-03-17,11,2022,Maha,Beans,Kandy,190.0,3,26.5,80.0,80.0,423.3,3062.4,7.234585400425231
476,2022-03-24,12,2022,Maha,Beans,Kandy,170.0,3,26.5,80.0,80.0,423.3,3062.4,7.234585400425231
486,2022-03-31,13,2022,Maha,Beans,Kandy,130.0,3,26.5,80.0,80.0,423.3,3062.4,7.234585400425231
496,2022-04-08,14,2022,Yala,Beans,Kandy,290.0,4,26.3,250.2,85.5,428.2,3022.0,7.057449789817842
506,2022-04-21,16,2022,Yala,Beans,Kandy,185.0,4,26.3,250.2,85.5,428.2,3022.0,7.057449789817842
516,2022-05-05,18,2022,Yala,Beans,Kandy,335.0,5,25.5,230.55,84.5,428.2,3022.0,7.057449789817842
526,2022-05-19,20,2022,Yala,Beans,Kandy,340.0,5,25.5,230.55,84.5,428.2,3022.0,7.057449789817842
536,2022-05-26,21,2022,Yala,Beans,Kandy,435.0,5,25.5,230.55,84.5,428.2,3022.0,7.057449789817842
546,2022-06-10,23,2022,Yala,Beans,Kandy,275.0,6,25.5,19.5,83.0,428.2,3022.0,7.057449789817842
556,2022-06-16,24,2022,Yala,Beans,Kandy,565.0,6,25.5,19.5,83.0,428.2,3022.0,7.057449789817842
566,2022-06-23,25,2022,Yala,Beans,Kandy,540.0,6,25.5,19.5,83.0,428.2,3022.0,7.057449789817842
576,2022-06-30,26,2022,Yala,Beans,Kandy,475.0,6,25.5,19.5,83.0,428.2,3022.0,7.057449789817842
586,2022-07-04,27,2022,Yala,Beans,Kandy,140.0,7,25.5,157.5,82.5,428.2,3022.0,7.057449789817842
596,2022-07-07,27,2022,Yala,Beans,Kandy,310.0,7,25.5,157.5,82.5,428.2,3022.0,7.057449789817842
606,2022-07-14,28,2022,Yala,Beans,Kandy,315.0,7,25.5,157.5,82.5,428.2,3022.0,7.057449789817842
616,2022-07-21,29,2022,Yala,Beans,Kandy,335.0,7,25.5,157.5,82.5,428.2,3022.0,7.057449789817842
626,2022-07-28,30,2022,Yala,Beans,Kandy,280.0,7,25.5,157.5,82.5,428.2,3022.0,7.057449789817842
636,2022-08-09,32,2022,Yala,Beans,Kandy,375.0,8,25.0,265.0,84.0,428.2,3022.0,7.057449789817842
646,2022-08-12,32,2022,Yala,Beans,Kandy,135.0,8,25.0,265.0,84.0,428.2,3022.0,7.057449789817842
656,2022-08-18,33,2022,Yala,Beans,Kandy,440.0,8,25.0,265.0,84.0,428.2,3022.0,7.057449789817842
666,2022-08-25,34,2022,Yala,Beans,Kandy,190.0,8,25.0,265.0,84.0,428.2,3022.0,7.057449789817842
676,2022-09-06,36,2022,Maha,Beans,Kandy,540.0,9,24.9,171.9,82.5,423.3,3062.4,7.234585400425231
686,2022-09-15,37,2022,Maha,Beans,Kandy,390.0,9,24.9,171.9,82.5,423.3,3062.4,7.234585400425231
696,2022-09-22,38,2022,Maha,Beans,Kandy,275.0,9,24.9,171.9,82.5,423.3,3062.4,7.234585400425231
706,2022-09-29,39,2022,Maha,Beans,Kandy,240.0,9,24.9,171.9,82.5,423.3,3062.4,7.234585400425231
716,2022-10-02,39,2022,Maha,Beans,Kandy,190.0,10,24.7,249.7,87.0,423.3,3062.4,7.234585400425231
726,2022-10-03,40,2022,Maha,Beans,Kandy,190.0,10,24.7,249.7,87.0,423.3,3062.4,7.234585400425231
736,2022-10-11,41,2022,Maha,Beans,Kandy,290.0,10,24.7,249.7,87.0,423.3,3062.4,7.234585400425231
746,2022-10-13,41,2022,Maha,Beans,Kandy,365.0,10,24.7,249.7,87.0,423.3,3062.4,7.234585400425231
756,2022-10-20,42,2022,Maha,Beans,Kandy,255.0,10,24.7,249.7,87.0,423.3,3062.4,7.234585400425231
766,2022-10-27,43,2022,Maha,Beans,Kandy,265.0,10,24.7,249.7,87.0,423.3,3062.4,7.234585400425231
776,2022-11-08,45,2022,Maha,Beans,Kandy,415.0,11,24.6,292.4,85.5,423.3,3062.4,7.234585400425231
786,2022-11-17,46,2022,Maha,Beans,Kandy,365.0,11,24.6,292.4,85.5,423.3,3062.4,7.234585400425231
796,2022-11-24,47,2022,Maha,Beans,Kandy,335.0,11,24.6,292.4,85.5,423.3,3062.4,7.234585400425231
806,2022-12-15,50,2022,Maha,Beans,Kandy,425.0,12,23.7,292.3,87.5,423.3,3062.4,7.234585400425231
816,2022-12-22,51,2022,Maha,Beans,Kandy,440.0,12,23.7,292.3,87.5,423.3,3062.4,7.234585400425231
826,2022-12-29,52,2022,Maha,Beans,Kandy,565.0,12,23.7,292.3,87.5,423.3,3062.4,7.234585400425231
836,2023-01-12,2,2023,Maha,Beans,Kandy,325.0,1,23.5,45.3,83.5,385.3,2877.2,7.467427978198805
846,2023-01-19,3,2023,Maha,Beans,Kandy,420.0,1,23.5,45.3,83.5,385.3,2877.2,7.467427978198805
856,2023-01-26,4,2023,Maha,Beans,Kandy,375.0,1,23.5,45.3,83.5,385.3,2877.2,7.467427978198805
866,2023-02-02,5,2023,Maha,Beans,Kandy,435.0,2,24.4,90.5,82.0,385.3,2877.2,7.467427978198805
876,2023-02-09,6,2023,Maha,Beans,Kandy,390.0,2,24.4,90.5,82.0,385.3,2877.2,7.467427978198805
886,2023-02-16,7,2023,Maha,Beans,Kandy,365.0,2,24.4,90.5,82.0,385.3,2877.2,7.467427978198805
896,2023-02-23,8,2023,Maha,Beans,Kandy,315.0,2,24.4,90.5,82.0,385.3,2877.2,7.467427978198805
906,2023-03-02,9,2023,Maha,Beans,Kandy,220.0,3,26.2,66.5,81.0,385.3,2877.2,7.467427978198805
916,2023-03-09,10,2023,Maha,Beans,Kandy,210.0,3,26.2,66.5,81.0,385.3,2877.2,7.467427978198805
926,2023-03-16,11,2023,Maha,Beans,Kandy,210.0,3,26.2,66.5,81.0,385.3,2877.2,7.467427978198805
936,2023-03-23,12,2023,Maha,Beans,Kandy,160.0,3,26.2,66.5,81.0,385.3,2877.2,7.467427978198805
946,2023-03-30,13,2023,Maha,Beans,Kandy,130.0,3,26.2,66.5,81.0,385.3,2877.2,7.467427978198805
956,2023-04-06,14,2023,Yala,Beans,Kandy,120.0,4,27.0,149.9,84.0,369.2,2380.8,6.448537378114843
966,2023-04-20,16,2023,Yala,Beans,Kandy,90.0,4,27.0,149.9,84.0,369.2,2380.8,6.448537378114843
976,2023-04-27,17,2023,Yala,Beans,Kandy,150.0,4,27.0,149.9,84.0,369.2,2380.8,6.448537378114843
986,2023-05-04,18,2023,Yala,Beans,Kandy,230.0,5,26.6,134.2,85.0,369.2,2380.8,6.448537378114843
996,2023-05-11,19,2023,Yala,Beans,Kandy,290.0,5,26.6,134.2,85.0,369.2,2380.8,6.448537378114843
1006,2023-05-18,20,2023,Yala,Beans,Kandy,435.0,5,26.6,134.2,85.0,369.2,2380.8,6.448537378114843
1016,2023-05-25,21,2023,Yala,Beans,Kandy,265.0,5,26.6,134.2,85.0,369.2,2380.8,6.448537378114843
1026,2023-06-01,22,2023,Yala,Beans,Kandy,310.0,6,26.1,72.8,84.5,369.2,2380.8,6.448537378114843
1036,2023-06-08,23,2023,Yala,Beans,Kandy,245.0,6,26.1,72.8,84.5,369.2,2380.8,6.448537378114843
1046,2023-06-15,24,2023,Yala,Beans,Kandy,375.0,6,26.1,72.8,84.5,369.2,2380.8,6.448537378114843
1056,2023-06-22,25,2023,Yala,Beans,Kandy,390.0,6,26.1,72.8,84.5,369.2,2380.8,6.448537378114843
1057,2023-06-22,25,2023,Yala,Beans,Kandy,390.0,6,26.1,72.8,84.5,369.2,2380.8,6.448537378114843
1076,2023-06-29,26,2023,Yala,Beans,Kandy,415.0,6,26.1,72.8,84.5,369.2,2380.8,6.448537378114843
1086,2023-07-06,27,2023,Yala,Beans,Kandy,315.0,7,25.8,64.2,480.5,369.2,2380.8,6.448537378114843
1096,2023-07-13,28,2023,Yala,Beans,Kandy,410.0,7,25.8,64.2,480.5,369.2,2380.8,6.448537378114843
1106,2023-07-20,29,2023,Yala,Beans,Kandy,325.0,7,25.8,64.2,480.5,369.2,2380.8,6.448537378114843
1116,2023-07-27,30,2023,Yala,Beans,Kandy,360.0,7,25.8,64.2,480.5,369.2,2380.8,6.448537378114843
1126,2023-08-03,31,2023,Yala,Beans,Kandy,365.0,8,26.5,27.1,76.5,369.2,2380.8,6.448537378114843
1136,2023-08-10,32,2023,Yala,Beans,Kandy,335.0,8,26.5,27.1,76.5,369.2,2380.8,6.448537378114843
1146,2023-08-17,33,2023,Yala,Beans,Kandy,355.0,8,26.5,27.1,76.5,369.2,2380.8,6.448537378114843
1156,2023-08-24,34,2023,Yala,Beans,Kandy,315.0,8,26.5,27.1,76.5,369.2,2380.8,6.448537378114843
1166,2023-08-31,35,2023,Yala,Beans,Kandy,290.0,8,26.5,27.1,76.5,369.2,2380.8,6.448537378114843
1176,2023-09-07,36,2023,Maha,Beans,Kandy,240.0,9,25.2,175.1,86.0,385.3,2877.2,7.467427978198805
1186,2023-09-14,37,2023,Maha,Beans,Kandy,350.0,9,25.2,175.1,86.0,385.3,2877.2,7.467427978198805
1196,2023-09-21,38,2023,Maha,Beans,Kandy,340.0,9,25.2,175.1,86.0,385.3,2877.2,7.467427978198805
1206,2023-09-28,39,2023,Maha,Beans,Kandy,215.0,9,25.2,175.1,86.0,385.3,2877.2,7.467427978198805
1216,2023-10-05,40,2023,Maha,Beans,Kandy,235.0,10,25.5,505.5,88.5,385.3,2877.2,7.467427978198805
1226,2023-10-12,41,2023,Maha,Beans,Kandy,315.0,10,25.5,505.5,88.5,385.3,2877.2,7.467427978198805
1236,2023-10-19,42,2023,Maha,Beans,Kandy,335.0,10,25.5,505.5,88.5,385.3,2877.2,7.467427978198805
1246,2023-10-26,43,2023,Maha,Beans,Kandy,400.0,10,25.5,505.5,88.5,385.3,2877.2,7.467427978198805
1256,2023-11-02,44,2023,Maha,Beans,Kandy,375.0,11,26.0,545.5,88.5,385.3,2877.2,7.467427978198805
1266,2023-11-09,45,2023,Maha,Beans,Kandy,265.0,11,26.0,545.5,88.5,385.3,2877.2,7.467427978198805
1276,2023-11-16,46,2023,Maha,Beans,Kandy,315.0,11,26.0,545.5,88.5,385.3,2877.2,7.467427978198805
1286,2023-11-23,47,2023,Maha,Beans,Kandy,435.0,11,26.0,545.5,88.5,385.3,2877.2,7.467427978198805
1296,2023-11-30,48,2023,Maha,Beans,Kandy,475.0,11,26.0,545.5,88.5,385.3,2877.2,7.467427978198805
1306,2023-12-07,49,2023,Maha,Beans,Kandy,425.0,12,25.3,388.2,89.0,385.3,2877.2,7.467427978198805
1316,2023-12-14,50,2023,Maha,Beans,Kandy,425.0,12,25.3,388.2,89.0,385.3,2877.2,7.467427978198805
1326,2023-12-21,51,2023,Maha,Beans,Kandy,375.0,12,25.3,388.2,89.0,385.3,2877.2,7.467427978198805
1336,2023-12-28,52,2023,Maha,Beans,Kandy,575.0,12,25.3,388.2,89.0,385.3,2877.2,7.467427978198805
1346,2024-01-04,1,2024,Maha,Beans,Kandy,475.0,1,25.0,171.9,84.75,352.2,2398.3,6.809483248154458
1356,2024-01-11,2,2024,Maha,Beans,Kandy,475.0,1,25.0,171.9,84.75,352.2,2398.3,6.809483248154458
1366,2024-01-18,3,2024,Maha,Beans,Kandy,950.0,1,25.0,171.9,84.75,352.2,2398.3,6.809483248154458
1376,2024-01-25,4,2024,Maha,Beans,Kandy,630.0,1,25.0,171.9,84.75,352.2,2398.3,6.809483248154458
1386,2024-02-01,5,2024,Maha,Beans,Kandy,575.0,2,25.9,56.4,79.0,352.2,2398.3,6.809483248154458
1396,2024-02-08,6,2024,Maha,Beans,Kandy,830.0,2,25.9,56.4,79.0,352.2,2398.3,6.809483248154458
1406,2024-02-15,7,2024,Maha,Beans,Kandy,775.0,2,25.9,56.4,79.0,352.2,2398.3,6.809483248154458
1416,2024-02-22,8,2024,Maha,Beans,Kandy,525.0,2,25.9,56.4,79.0,352.2,2398.3,6.809483248154458
1426,2024-02-29,9,2024,Maha,Beans,Kandy,430.0,2,25.9,56.4,79.0,352.2,2398.3,6.809483248154458
1436,2024-03-07,10,2024,Maha,Beans,Kandy,425.0,3,27.2,31.0,75.0,352.2,2398.3,6.809483248154458
1446,2024-03-14,11,2024,Maha,Beans,Kandy,275.0,3,27.2,31.0,75.0,352.2,2398.3,6.809483248154458
1456,2024-03-21,12,2024,Maha,Beans,Kandy,160.0,3,27.2,31.0,75.0,352.2,2398.3,6.809483248154458
1466,2024-03-28,13,2024,Maha,Beans,Kandy,110.0,3,27.2,31.0,75.0,352.2,2398.3,6.809483248154458
1476,2024-04-04,14,2024,Yala,Beans,Kandy,110.0,4,28.4,20.5,78.5,369.2,2380.8,6.448537378114843
1491,2024-04-25,17,2024,Yala,Beans,Kandy,120.0,4,28.4,20.5,78.5,369.2,2380.8,6.448537378114843
1501,2024-05-02,18,2024,Yala,Beans,Kandy,165.0,5,26.9,343.3,86.0,369.2,2380.8,6.448537378114843
1511,2024-05-11,19,2024,Yala,Beans,Kandy,175.0,5,26.9,343.3,86.0,369.2,2380.8,6.448537378114843
1516,2024-05-16,20,2024,Yala,Beans,Kandy,215.0,5,26.9,343.3,86.0,369.2,2380.8,6.448537378114843
1526,2024-05-23,21,2024,Yala,Beans,Kandy,375.0,5,26.9,343.3,86.0,369.2,2380.8,6.448537378114843
1541,2024-05-30,22,2024,Yala,Beans,Kandy,575.0,5,26.9,343.3,86.0,369.2,2380.8,6.448537378114843
1551,2024-06-06,23,2024,Yala,Beans,Kandy,625.0,6,25.9,128.8,85.5,369.2,2380.8,6.448537378114843
1561,2024-06-13,24,2024,Yala,Beans,Kandy,415.0,6,25.9,128.8,85.5,369.2,2380.8,6.448537378114843
1571,2024-06-20,25,2024,Yala,Beans,Kandy,525.0,6,25.9,128.8,85.5,369.2,2380.8,6.448537378114843
1581,2024-06-27,26,2024,Yala,Beans,Kandy,525.0,6,25.9,128.8,85.5,369.2,2380.8,6.448537378114843
1591,2024-07-04,27,2024,Yala,Beans,Kandy,540.0,7,26.0,134.7,82.5,369.2,2380.8,6.448537378114843
1601,2024-07-11,28,2024,Yala,Beans,Kandy,475.0,7,26.0,134.7,82.5,369.2,2380.8,6.448537378114843
1611,2024-07-18,29,2024,Yala,Beans,Kandy,475.0,7,26.0,134.7,82.5,369.2,2380.8,6.448537378114843
1621,2024-07-25,30,2024,Yala,Beans,Kandy,475.0,7,26.0,134.7,82.5,369.2,2380.8,6.448537378114843
1631,2024-08-01,31,2024,Yala,Beans,Kandy,465.0,8,25.9,145.7,85.5,369.2,2380.8,6.448537378114843
1641,2024-08-08,32,2024,Yala,Beans,Kandy,375.0,8,25.9,145.7,85.5,369.2,2380.8,6.448537378114843
1651,2024-08-15,33,2024,Yala,Beans,Kandy,375.0,8,25.9,145.7,85.5,369.2,2380.8,6.448537378114843
1661,2024-08-22,34,2024,Yala,Beans,Kandy,365.0,8,25.9,145.7,85.5,369.2,2380.8,6.448537378114843
1671,2024-08-29,35,2024,Yala,Beans,Kandy,315.0,8,25.9,145.7,85.5,369.2,2380.8,6.448537378114843
1681,2024-09-05,36,2024,Maha,Beans,Kandy,225.0,9,25.7,95.8,84.5,352.2,2398.3,6.809483248154458
1691,2024-09-12,37,2024,Maha,Beans,Kandy,210.0,9,25.7,95.8,84.5,352.2,2398.3,6.809483248154458
1701,2024-09-19,38,2024,Maha,Beans,Kandy,165.0,9,25.7,95.8,84.5,352.2,2398.3,6.809483248154458
1711,2024-09-26,39,2024,Maha,Beans,Kandy,265.0,9,25.7,95.8,84.5,352.2,2398.3,6.809483248154458
1721,2024-10-03,40,2024,Maha,Beans,Kandy,225.0,10,25.8,142.1,85.5,352.2,2398.3,6.809483248154458
1731,2024-10-10,41,2024,Maha,Beans,Kandy,325.0,10,25.8,142.1,85.5,352.2,2398.3,6.809483248154458
1741,2024-10-17,42,2024,Maha,Beans,Kandy,300.0,10,25.8,142.1,85.5,352.2,2398.3,6.809483248154458
1751,2024-10-24,43,2024,Maha,Beans,Kandy,335.0,10,25.8,142.1,85.5,352.2,2398.3,6.809483248154458
1761,2024-10-31,44,2024,Maha,Beans,Kandy,275.0,10,25.8,142.1,85.5,352.2,2398.3,6.809483248154458
1771,2024-11-07,45,2024,Maha,Beans,Kandy,225.0,11,25.1,608.1,89.0,352.2,2398.3,6.809483248154458
1781,2024-11-14,46,2024,Maha,Beans,Kandy,365.0,11,25.1,608.1,89.0,352.2,2398.3,6.809483248154458
1791,2024-11-21,47,2024,Maha,Beans,Kandy,375.0,11,25.1,608.1,89.0,352.2,2398.3,6.809483248154458
1801,2024-11-28,48,2024,Maha,Beans,Kandy,375.0,11,25.1,608.1,89.0,352.2,2398.3,6.809483248154458
1811,2024-12-05,49,2024,Maha,Beans,Kandy,625.0,12,24.8,150.9,85.5,352.2,2398.3,6.809483248154458
1821,2024-12-12,50,2024,Maha,Beans,Kandy,525.0,12,24.8,150.9,85.5,352.2,2398.3,6.809483248154458
1831,2024-12-19,51,2024,Maha,Beans,Kandy,265.0,12,24.8,150.9,85.5,352.2,2398.3,6.809483248154458
1841,2024-12-26,52,2024,Maha,Beans,Kandy,425.0,12,24.8,150.9,85.5,352.2,2398.3,6.809483248154458
1851,2025-01-09,2,2025,Maha,Beans,Kandy,365.0,1,23.5,304.7,86.35,398.8,2434.7,6.10506519558676
1861,2025-01-16,3,2025,Maha,Beans,Kandy,275.0,1,23.5,304.7,86.35,398.8,2434.7,6.10506519558676
1871,2025-01-23,4,2025,Maha,Beans,Kandy,465.0,1,23.5,304.7,86.35,398.8,2434.7,6.10506519558676
1881,2025-01-30,5,2025,Maha,Beans,Kandy,475.0,1,23.5,304.7,86.35,398.8,2434.7,6.10506519558676
1891,2025-02-06,6,2025,Maha,Beans,Kandy,500.0,2,23.0,14.9,72.5,398.8,2434.7,6.10506519558676
1901,2025-02-13,7,2025,Maha,Beans,Kandy,425.0,2,23.0,14.9,72.5,398.8,2434.7,6.10506519558676
1911,2025-02-20,8,2025,Maha,Beans,Kandy,325.0,2,23.0,14.9,72.5,398.8,2434.7,6.10506519558676
1916,2025-02-27,9,2025,Maha,Beans,Kandy,240.0,2,23.0,14.9,72.5,398.8,2434.7,6.10506519558676
1926,2025-03-06,10,2025,Maha,Beans,Kandy,165.0,3,24.0,73.9,71.0,398.8,2434.7,6.10506519558676
1936,2025-03-13,11,2025,Maha,Beans,Kandy,475.0,3,24.0,73.9,71.0,398.8,2434.7,6.10506519558676
1946,2025-03-20,12,2025,Maha,Beans,Kandy,475.0,3,24.0,73.9,71.0,398.8,2434.7,6.10506519558676
1956,2025-03-27,13,2025,Maha,Beans,Kandy,475.0,3,24.0,73.9,71.0,398.8,2434.7,6.10506519558676
1966,2025-04-03,14,2025,Yala,Beans,Kandy,475.0,4,24.0,233.0,79.0,456.3,2442.4,5.35261889108043
1976,2025-04-10,15,2025,Yala,Beans,Kandy,425.0,4,24.0,233.0,79.0,456.3,2442.4,5.35261889108043
1986,2025-04-24,17,2025,Yala,Beans,Kandy,375.0,4,24.0,233.0,79.0,456.3,2442.4,5.35261889108043
1996,2025-05-01,18,2025,Yala,Beans,Kandy,475.0,5,24.0,124.9,82.5,456.3,2442.4,5.35261889108043
2006,2025-05-08,19,2025,Yala,Beans,Kandy,575.0,5,24.0,124.9,82.5,456.3,2442.4,5.35261889108043
2016,2025-05-15,20,2025,Yala,Beans,Kandy,425.0,5,24.0,124.9,82.5,456.3,2442.4,5.35261889108043
2026,2025-05-22,21,2025,Yala,Beans,Kandy,225.0,5,24.0,124.9,82.5,456.3,2442.4,5.35261889108043
2036,2025-05-29,22,2025,Yala,Beans,Kandy,225.0,5,24.0,124.9,82.5,456.3,2442.4,5.35261889108043
2046,2025-06-05,23,2025,Yala,Beans,Kandy,375.0,6,24.0,96.2,84.0,456.3,2442.4,5.35261889108043
2051,2025-06-12,24,2025,Yala,Beans,Kandy,375.0,6,24.0,96.2,84.0,456.3,2442.4,5.35261889108043
2061,2025-06-19,25,2025,Yala,Beans,Kandy,475.0,6,24.0,96.2,84.0,456.3,2442.4,5.35261889108043
2071,2025-06-26,26,2025,Yala,Beans,Kandy,575.0,6,24.0,96.2,84.0,456.3,2442.4,5.35261889108043
2081,2025-07-03,27,2025,Yala,Beans,Kandy,425.0,7,24.0,190.1,83.0,456.3,2442.4,5.35261889108043
2091,2025-07-10,28,2025,Yala,Beans,Kandy,375.0,7,24.0,190.1,83.0,456.3,2442.4,5.35261889108043
2101,2025-07-17,29,2025,Yala,Beans,Kandy,325.0,7,24.0,190.1,83.0,456.3,2442.4,5.35261889108043
2111,2025-07-24,30,2025,Yala,Beans,Kandy,400.0,7,24.0,190.1,83.0,456.3,2442.4,5.35261889108043
2121,2025-07-31,31,2025,Yala,Beans,Kandy,675.0,7,24.0,190.1,83.0,456.3,2442.4,5.35261889108043
2131,2025-08-07,32,2025,Yala,Beans,Kandy,625.0,8,23.9,77.2,82.0,456.3,2442.4,5.35261889108043
2141,2025-08-14,33,2025,Yala,Beans,Kandy,575.0,8,23.9,77.2,82.0,456.3,2442.4,5.35261889108043
2151,2025-08-21,34,2025,Yala,Beans,Kandy,525.0,8,23.9,77.2,82.0,456.3,2442.4,5.35261889108043
2161,2025-08-28,35,2025,Yala,Beans,Kandy,375.0,8,23.9,77.2,82.0,456.3,2442.4,5.35261889108043
2171,2025-09-04,36,2025,Maha,Beans,Kandy,315.0,9,24.1,110.5,81.5,398.8,2434.7,6.10506519558676
2181,2025-09-11,37,2025,Maha,Beans,Kandy,365.0,9,24.1,110.5,81.5,398.8,2434.7,6.10506519558676
2191,2025-09-18,38,2025,Maha,Beans,Kandy,375.0,9,24.1,110.5,81.5,398.8,2434.7,6.10506519558676
2201,2025-09-25,39,2025,Maha,Beans,Kandy,265.0,9,24.1,110.5,81.5,398.8,2434.7,6.10506519558676
2211,2025-10-02,40,2025,Maha,Beans,Kandy,265.0,10,24.0,284.2,85.0,398.8,2434.7,6.10506519558676
2221,2025-10-09,41,2025,Maha,Beans,Kandy,275.0,10,24.0,284.2,85.0,398.8,2434.7,6.10506519558676
2231,2025-10-16,42,2025,Maha,Beans,Kandy,285.0,10,24.0,284.2,85.0,398.8,2434.7,6.10506519558676
2241,2025-10-23,43,2025,Maha,Beans,Kandy,185.0,10,24.0,284.2,85.0,398.8,2434.7,6.10506519558676
2251,2025-10-30,44,2025,Maha,Beans,Kandy,335.0,10,24.0,284.2,85.0,398.8,2434.7,6.10506519558676
2261,2025-11-06,45,2025,Maha,Beans,Kandy,425.0,11,23.0,615.0,86.5,398.8,2434.7,6.10506519558676
2271,2025-11-13,46,2025,Maha,Beans,Kandy,265.0,11,23.0,615.0,86.5,398.8,2434.7,6.10506519558676
2281,2025-11-20,47,2025,Maha,Beans,Kandy,300.0,11,23.0,615.0,86.5,398.8,2434.7,6.10506519558676
2291,2025-12-04,49,2025,Maha,Beans,Kandy,750.0,12,23.0,96.6,81.5,398.8,2434.7,6.10506519558676
6,2021-01-04,1,2021,Maha,Beans,Matale,165.0,1,26.5,158.9,83.0,214.6,2851.0,13.2851817334576
16,2021-01-07,1,2021,Maha,Beans,Matale,145.0,1,26.5,158.9,83.0,214.6,2851.0,13.2851817334576
31,2021-02-12,6,2021,Maha,Beans,Matale,250.0,2,28.0,3.6,70.5,214.6,2851.0,13.2851817334576
41,2021-02-18,7,2021,Maha,Beans,Matale,125.0,2,28.0,3.6,70.5,214.6,2851.0,13.2851817334576
51,2021-02-25,8,2021,Maha,Beans,Matale,155.0,2,28.0,3.6,70.5,214.6,2851.0,13.2851817334576
61,2021-03-18,11,2021,Maha,Beans,Matale,190.0,3,28.7,66.6,73.5,214.6,2851.0,13.2851817334576
71,2021-03-25,12,2021,Maha,Beans,Matale,145.0,3,28.7,66.6,73.5,214.6,2851.0,13.2851817334576
76,2021-04-02,13,2021,Yala,Beans,Matale,145.0,4,29.1,165.0,78.75,262.7,3317.4,12.62809288161401
86,2021-04-03,13,2021,Yala,Beans,Matale,140.0,4,29.1,165.0,78.75,262.7,3317.4,12.62809288161401
96,2021-04-11,14,2021,Yala,Beans,Matale,120.0,4,29.1,165.0,78.75,262.7,3317.4,12.62809288161401
106,2021-04-22,16,2021,Yala,Beans,Matale,45.0,4,29.1,165.0,78.75,262.7,3317.4,12.62809288161401
116,2021-04-29,17,2021,Yala,Beans,Matale,100.0,4,29.1,165.0,78.75,262.7,3317.4,12.62809288161401
126,2021-05-08,18,2021,Yala,Beans,Matale,245.0,5,28.2,467.9,90.0,262.7,3317.4,12.62809288161401
151,2021-07-10,27,2021,Yala,Beans,Matale,210.0,7,28.2,103.5,83.0,262.7,3317.4,12.62809288161401
161,2021-07-15,28,2021,Yala,Beans,Matale,185.0,7,28.2,103.5,83.0,262.7,3317.4,12.62809288161401
171,2021-07-22,29,2021,Yala,Beans,Matale,235.0,7,28.2,103.5,83.0,262.7,3317.4,12.62809288161401
181,2021-07-29,30,2021,Yala,Beans,Matale,245.0,7,28.2,103.5,83.0,262.7,3317.4,12.62809288161401
191,2021-08-04,31,2021,Yala,Beans,Matale,105.0,8,28.0,81.3,79.5,262.7,3317.4,12.62809288161401
201,2021-08-07,31,2021,Yala,Beans,Matale,110.0,8,28.0,81.3,79.5,262.7,3317.4,12.62809288161401
211,2021-08-19,33,2021,Yala,Beans,Matale,195.0,8,28.0,81.3,79.5,262.7,3317.4,12.62809288161401
221,2021-09-09,36,2021,Maha,Beans,Matale,135.0,9,27.9,194.0,81.5,214.6,2851.0,13.2851817334576
231,2021-09-16,37,2021,Maha,Beans,Matale,90.0,9,27.9,194.0,81.5,214.6,2851.0,13.2851817334576
241,2021-09-23,38,2021,Maha,Beans,Matale,105.0,9,27.9,194.0,81.5,214.6,2851.0,13.2851817334576
251,2021-09-30,39,2021,Maha,Beans,Matale,155.0,9,27.9,194.0,81.5,214.6,2851.0,13.2851817334576
261,2021-10-14,41,2021,Maha,Beans,Matale,230.0,10,27.5,318.2,84.5,214.6,2851.0,13.2851817334576
271,2021-10-21,42,2021,Maha,Beans,Matale,190.0,10,27.5,318.2,84.5,214.6,2851.0,13.2851817334576
281,2021-10-28,43,2021,Maha,Beans,Matale,180.0,10,27.5,318.2,84.5,214.6,2851.0,13.2851817334576
286,2021-11-02,44,2021,Maha,Beans,Matale,110.0,11,26.2,717.6,82.5,214.6,2851.0,13.2851817334576
296,2021-11-11,45,2021,Maha,Beans,Matale,265.0,11,26.2,717.6,82.5,214.6,2851.0,13.2851817334576
306,2021-11-18,46,2021,Maha,Beans,Matale,415.0,11,26.2,717.6,82.5,214.6,2851.0,13.2851817334576
316,2021-11-25,47,2021,Maha,Beans,Matale,325.0,11,26.2,717.6,82.5,214.6,2851.0,13.2851817334576
326,2021-12-08,49,2021,Maha,Beans,Matale,245.0,12,27.2,47.7,76.5,214.6,2851.0,13.2851817334576
331,2021-12-16,50,2021,Maha,Beans,Matale,345.0,12,27.2,47.7,76.5,214.6,2851.0,13.2851817334576
341,2021-12-23,51,2021,Maha,Beans,Matale,250.0,12,27.2,47.7,76.5,214.6,2851.0,13.2851817334576
351,2021-12-30,52,2021,Maha,Beans,Matale,345.0,12,27.2,47.7,76.5,214.6,2851.0,13.2851817334576
361,2022-01-09,1,2022,Maha,Beans,Matale,235.0,1,27.7,9.0,73.0,196.0,2068.9,10.55561224489796
371,2022-01-12,2,2022,Maha,Beans,Matale,245.0,1,27.7,9.0,73.0,196.0,2068.9,10.55561224489796
381,2022-01-13,2,2022,Maha,Beans,Matale,250.0,1,27.7,9.0,73.0,196.0,2068.9,10.55561224489796
391,2022-01-20,3,2022,Maha,Beans,Matale,300.0,1,27.7,9.0,73.0,196.0,2068.9,10.55561224489796
401,2022-01-27,4,2022,Maha,Beans,Matale,375.0,1,27.7,9.0,73.0,196.0,2068.9,10.55561224489796
411,2022-02-06,5,2022,Maha,Beans,Matale,575.0,2,27.8,15.0,69.0,196.0,2068.9,10.55561224489796
421,2022-02-17,7,2022,Maha,Beans,Matale,165.0,2,27.8,15.0,69.0,196.0,2068.9,10.55561224489796
431,2022-02-24,8,2022,Maha,Beans,Matale,175.0,2,27.8,15.0,69.0,196.0,2068.9,10.55561224489796
441,2022-03-02,9,2022,Maha,Beans,Matale,165.0,3,29.8,104.0,71.5,196.0,2068.9,10.55561224489796
451,2022-03-03,9,2022,Maha,Beans,Matale,210.0,3,29.8,104.0,71.5,196.0,2068.9,10.55561224489796
461,2022-03-11,10,2022,Maha,Beans,Matale,425.0,3,29.8,104.0,71.5,196.0,2068.9,10.55561224489796
471,2022-03-17,11,2022,Maha,Beans,Matale,185.0,3,29.8,104.0,71.5,196.0,2068.9,10.55561224489796
481,2022-03-24,12,2022,Maha,Beans,Matale,155.0,3,29.8,104.0,71.5,196.0,2068.9,10.55561224489796
491,2022-03-31,13,2022,Maha,Beans,Matale,140.0,3,29.8,104.0,71.5,196.0,2068.9,10.55561224489796
501,2022-04-08,14,2022,Yala,Beans,Matale,365.0,4,28.6,332.3,81.5,179.3,2284.0,12.73842721695482
511,2022-04-21,16,2022,Yala,Beans,Matale,150.0,4,28.6,332.3,81.5,179.3,2284.0,12.73842721695482
521,2022-05-05,18,2022,Yala,Beans,Matale,405.0,5,28.4,295.85,82.5,179.3,2284.0,12.73842721695482
531,2022-05-19,20,2022,Yala,Beans,Matale,400.0,5,28.4,295.85,82.5,179.3,2284.0,12.73842721695482
541,2022-05-26,21,2022,Yala,Beans,Matale,550.0,5,28.4,295.85,82.5,179.3,2284.0,12.73842721695482
551,2022-06-10,23,2022,Yala,Beans,Matale,305.0,6,28.3,75.5,79.5,179.3,2284.0,12.73842721695482
561,2022-06-16,24,2022,Yala,Beans,Matale,575.0,6,28.3,75.5,79.5,179.3,2284.0,12.73842721695482
571,2022-06-23,25,2022,Yala,Beans,Matale,425.0,6,28.3,75.5,79.5,179.3,2284.0,12.73842721695482
581,2022-06-30,26,2022,Yala,Beans,Matale,375.0,6,28.3,75.5,79.5,179.3,2284.0,12.73842721695482
591,2022-07-04,27,2022,Yala,Beans,Matale,140.0,7,28.3,124.7,78.5,179.3,2284.0,12.73842721695482
601,2022-07-07,27,2022,Yala,Beans,Matale,250.0,7,28.3,124.7,78.5,179.3,2284.0,12.73842721695482
611,2022-07-14,28,2022,Yala,Beans,Matale,275.0,7,28.3,124.7,78.5,179.3,2284.0,12.73842721695482
621,2022-07-21,29,2022,Yala,Beans,Matale,375.0,7,28.3,124.7,78.5,179.3,2284.0,12.73842721695482
631,2022-07-28,30,2022,Yala,Beans,Matale,325.0,7,28.3,124.7,78.5,179.3,2284.0,12.73842721695482
641,2022-08-09,32,2022,Yala,Beans,Matale,405.0,8,27.5,266.8,81.0,179.3,2284.0,12.73842721695482
651,2022-08-12,32,2022,Yala,Beans,Matale,115.0,8,27.5,266.8,81.0,179.3,2284.0,12.73842721695482
661,2022-08-18,33,2022,Yala,Beans,Matale,335.0,8,27.5,266.8,81.0,179.3,2284.0,12.73842721695482
671,2022-08-25,34,2022,Yala,Beans,Matale,200.0,8,27.5,266.8,81.0,179.3,2284.0,12.73842721695482
681,2022-09-06,36,2022,Maha,Beans,Matale,575.0,9,27.8,208.3,78.0,196.0,2068.9,10.55561224489796
691,2022-09-15,37,2022,Maha,Beans,Matale,475.0,9,27.8,208.3,78.0,196.0,2068.9,10.55561224489796
701,2022-09-22,38,2022,Maha,Beans,Matale,275.0,9,27.8,208.3,78.0,196.0,2068.9,10.55561224489796
711,2022-09-29,39,2022,Maha,Beans,Matale,215.0,9,27.8,208.3,78.0,196.0,2068.9,10.55561224489796
721,2022-10-02,39,2022,Maha,Beans,Matale,185.0,10,27.2,315.2,83.0,196.0,2068.9,10.55561224489796
731,2022-10-03,40,2022,Maha,Beans,Matale,200.0,10,27.2,315.2,83.0,196.0,2068.9,10.55561224489796
741,2022-10-11,41,2022,Maha,Beans,Matale,250.0,10,27.2,315.2,83.0,196.0,2068.9,10.55561224489796
751,2022-10-13,41,2022,Maha,Beans,Matale,325.0,10,27.2,315.2,83.0,196.0,2068.9,10.55561224489796
761,2022-10-20,42,2022,Maha,Beans,Matale,265.0,10,27.2,315.2,83.0,196.0,2068.9,10.55561224489796
771,2022-10-27,43,2022,Maha,Beans,Matale,275.0,10,27.2,315.2,83.0,196.0,2068.9,10.55561224489796
781,2022-11-08,45,2022,Maha,Beans,Matale,475.0,11,26.8,260.0,82.0,196.0,2068.9,10.55561224489796
791,2022-11-17,46,2022,Maha,Beans,Matale,335.0,11,26.8,260.0,82.0,196.0,2068.9,10.55561224489796
801,2022-11-24,47,2022,Maha,Beans,Matale,335.0,11,26.8,260.0,82.0,196.0,2068.9,10.55561224489796
811,2022-12-15,50,2022,Maha,Beans,Matale,375.0,12,26.0,273.2,83.5,196.0,2068.9,10.55561224489796
821,2022-12-22,51,2022,Maha,Beans,Matale,410.0,12,26.0,273.2,83.5,196.0,2068.9,10.55561224489796
831,2022-12-29,52,2022,Maha,Beans,Matale,325.0,12,26.0,273.2,83.5,196.0,2068.9,10.55561224489796
841,2023-01-12,2,2023,Maha,Beans,Matale,275.0,1,26.1,19.3,76.5,188.0,2297.2,12.21914893617021
851,2023-01-19,3,2023,Maha,Beans,Matale,375.0,1,26.1,19.3,76.5,188.0,2297.2,12.21914893617021
861,2023-01-26,4,2023,Maha,Beans,Matale,210.0,1,26.1,19.3,76.5,188.0,2297.2,12.21914893617021
871,2023-02-02,5,2023,Maha,Beans,Matale,350.0,2,27.3,23.6,74.5,188.0,2297.2,12.21914893617021
881,2023-02-09,6,2023,Maha,Beans,Matale,325.0,2,27.3,23.6,74.5,188.0,2297.2,12.21914893617021
891,2023-02-16,7,2023,Maha,Beans,Matale,365.0,2,27.3,23.6,74.5,188.0,2297.2,12.21914893617021
901,2023-02-23,8,2023,Maha,Beans,Matale,325.0,2,27.3,23.6,74.5,188.0,2297.2,12.21914893617021
911,2023-03-02,9,2023,Maha,Beans,Matale,210.0,3,29.0,99.6,74.5,188.0,2297.2,12.21914893617021
921,2023-03-09,10,2023,Maha,Beans,Matale,210.0,3,29.0,99.6,74.5,188.0,2297.2,12.21914893617021
931,2023-03-16,11,2023,Maha,Beans,Matale,180.0,3,29.0,99.6,74.5,188.0,2297.2,12.21914893617021
941,2023-03-23,12,2023,Maha,Beans,Matale,140.0,3,29.0,99.6,74.5,188.0,2297.2,12.21914893617021
951,2023-03-30,13,2023,Maha,Beans,Matale,130.0,3,29.0,99.6,74.5,188.0,2297.2,12.21914893617021
961,2023-04-06,14,2023,Yala,Beans,Matale,100.0,4,34.4,365.4,79.0,159.2,2002.9,12.58103015075377
971,2023-04-20,16,2023,Yala,Beans,Matale,85.0,4,34.4,365.4,79.0,159.2,2002.9,12.58103015075377
981,2023-04-27,17,2023,Yala,Beans,Matale,155.0,4,34.4,365.4,79.0,159.2,2002.9,12.58103015075377
991,2023-05-04,18,2023,Yala,Beans,Matale,240.0,5,29.1,143.6,80.5,159.2,2002.9,12.58103015075377
1001,2023-05-11,19,2023,Yala,Beans,Matale,325.0,5,29.1,143.6,80.5,159.2,2002.9,12.58103015075377
1011,2023-05-18,20,2023,Yala,Beans,Matale,360.0,5,29.1,143.6,80.5,159.2,2002.9,12.58103015075377
1021,2023-05-25,21,2023,Yala,Beans,Matale,215.0,5,29.1,143.6,80.5,159.2,2002.9,12.58103015075377
1031,2023-06-01,22,2023,Yala,Beans,Matale,235.0,6,29.2,93.6,79.5,159.2,2002.9,12.58103015075377
1041,2023-06-08,23,2023,Yala,Beans,Matale,325.0,6,29.2,93.6,79.5,159.2,2002.9,12.58103015075377
1051,2023-06-15,24,2023,Yala,Beans,Matale,365.0,6,29.2,93.6,79.5,159.2,2002.9,12.58103015075377
1066,2023-06-22,25,2023,Yala,Beans,Matale,380.0,6,29.2,93.6,79.5,159.2,2002.9,12.58103015075377
1067,2023-06-22,25,2023,Yala,Beans,Matale,380.0,6,29.2,93.6,79.5,159.2,2002.9,12.58103015075377
1081,2023-06-29,26,2023,Yala,Beans,Matale,425.0,6,29.2,93.6,79.5,159.2,2002.9,12.58103015075377
1091,2023-07-06,27,2023,Yala,Beans,Matale,275.0,7,28.6,64.8,78.5,159.2,2002.9,12.58103015075377
1101,2023-07-13,28,2023,Yala,Beans,Matale,400.0,7,28.6,64.8,78.5,159.2,2002.9,12.58103015075377
1111,2023-07-20,29,2023,Yala,Beans,Matale,370.0,7,28.6,64.8,78.5,159.2,2002.9,12.58103015075377
1121,2023-07-27,30,2023,Yala,Beans,Matale,355.0,7,28.6,64.8,78.5,159.2,2002.9,12.58103015075377
1131,2023-08-03,31,2023,Yala,Beans,Matale,405.0,8,29.7,46.5,72.5,159.2,2002.9,12.58103015075377
1141,2023-08-10,32,2023,Yala,Beans,Matale,315.0,8,29.7,46.5,72.5,159.2,2002.9,12.58103015075377
1151,2023-08-17,33,2023,Yala,Beans,Matale,365.0,8,29.7,46.5,72.5,159.2,2002.9,12.58103015075377
1161,2023-08-24,34,2023,Yala,Beans,Matale,365.0,8,29.7,46.5,72.5,159.2,2002.9,12.58103015075377
1171,2023-08-31,35,2023,Yala,Beans,Matale,285.0,8,29.7,46.5,72.5,159.2,2002.9,12.58103015075377
1181,2023-09-07,36,2023,Maha,Beans,Matale,205.0,9,27.5,310.8,85.0,188.0,2297.2,12.21914893617021
1191,2023-09-14,37,2023,Maha,Beans,Matale,325.0,9,27.5,310.8,85.0,188.0,2297.2,12.21914893617021
1201,2023-09-21,38,2023,Maha,Beans,Matale,310.0,9,27.5,310.8,85.0,188.0,2297.2,12.21914893617021
1211,2023-09-28,39,2023,Maha,Beans,Matale,275.0,9,27.5,310.8,85.0,188.0,2297.2,12.21914893617021
1221,2023-10-05,40,2023,Maha,Beans,Matale,235.0,10,27.6,489.1,87.0,188.0,2297.2,12.21914893617021
1231,2023-10-12,41,2023,Maha,Beans,Matale,305.0,10,27.6,489.1,87.0,188.0,2297.2,12.21914893617021
1241,2023-10-19,42,2023,Maha,Beans,Matale,375.0,10,27.6,489.1,87.0,188.0,2297.2,12.21914893617021
1251,2023-10-26,43,2023,Maha,Beans,Matale,480.0,10,27.6,489.1,87.0,188.0,2297.2,12.21914893617021
1261,2023-11-02,44,2023,Maha,Beans,Matale,375.0,11,27.9,538.4,87.0,188.0,2297.2,12.21914893617021
1271,2023-11-09,45,2023,Maha,Beans,Matale,275.0,11,27.9,538.4,87.0,188.0,2297.2,12.21914893617021
1281,2023-11-16,46,2023,Maha,Beans,Matale,325.0,11,27.9,538.4,87.0,188.0,2297.2,12.21914893617021
1291,2023-11-23,47,2023,Maha,Beans,Matale,400.0,11,27.9,538.4,87.0,188.0,2297.2,12.21914893617021
1301,2023-11-30,48,2023,Maha,Beans,Matale,530.0,11,27.9,538.4,87.0,188.0,2297.2,12.21914893617021
1311,2023-12-07,49,2023,Maha,Beans,Matale,275.0,12,27.4,205.4,86.0,188.0,2297.2,12.21914893617021
1321,2023-12-14,50,2023,Maha,Beans,Matale,250.0,12,27.4,205.4,86.0,188.0,2297.2,12.21914893617021
1331,2023-12-21,51,2023,Maha,Beans,Matale,275.0,12,27.4,205.4,86.0,188.0,2297.2,12.21914893617021
1341,2023-12-28,52,2023,Maha,Beans,Matale,520.0,12,27.4,205.4,86.0,188.0,2297.2,12.21914893617021
1351,2024-01-04,1,2024,Maha,Beans,Matale,425.0,1,27.1,232.4,80.0,303.5,2342.9,7.719604612850083
1361,2024-01-11,2,2024,Maha,Beans,Matale,410.0,1,27.1,232.4,80.0,303.5,2342.9,7.719604612850083
1371,2024-01-18,3,2024,Maha,Beans,Matale,925.0,1,27.1,232.4,80.0,303.5,2342.9,7.719604612850083
1381,2024-01-25,4,2024,Maha,Beans,Matale,700.0,1,27.1,232.4,80.0,303.5,2342.9,7.719604612850083
1391,2024-02-01,5,2024,Maha,Beans,Matale,700.0,2,28.8,8.5,72.0,303.5,2342.9,7.719604612850083
1401,2024-02-08,6,2024,Maha,Beans,Matale,640.0,2,28.8,8.5,72.0,303.5,2342.9,7.719604612850083
1411,2024-02-15,7,2024,Maha,Beans,Matale,575.0,2,28.8,8.5,72.0,303.5,2342.9,7.719604612850083
1421,2024-02-22,8,2024,Maha,Beans,Matale,550.0,2,28.8,8.5,72.0,303.5,2342.9,7.719604612850083
1431,2024-02-29,9,2024,Maha,Beans,Matale,375.0,2,28.8,8.5,72.0,303.5,2342.9,7.719604612850083
1441,2024-03-07,10,2024,Maha,Beans,Matale,375.0,3,30.7,13.7,69.0,303.5,2342.9,7.719604612850083
1451,2024-03-14,11,2024,Maha,Beans,Matale,280.0,3,30.7,13.7,69.0,303.5,2342.9,7.719604612850083
1461,2024-03-21,12,2024,Maha,Beans,Matale,135.0,3,30.7,13.7,69.0,303.5,2342.9,7.719604612850083
1471,2024-03-28,13,2024,Maha,Beans,Matale,85.0,3,30.7,13.7,69.0,303.5,2342.9,7.719604612850083
1481,2024-04-04,14,2024,Yala,Beans,Matale,90.0,4,30.6,241.2,78.5,166.1,2149.6,12.9416014449127
1487,2024-04-11,15,2024,Yala,Beans,Matale,120.0,4,30.6,241.2,78.5,166.1,2149.6,12.9416014449127
1496,2024-04-25,17,2024,Yala,Beans,Matale,120.0,4,30.6,241.2,78.5,166.1,2149.6,12.9416014449127
1506,2024-05-02,18,2024,Yala,Beans,Matale,130.0,5,28.8,448.1,86.5,166.1,2149.6,12.9416014449127
1521,2024-05-16,20,2024,Yala,Beans,Matale,210.0,5,28.8,448.1,86.5,166.1,2149.6,12.9416014449127
1531,2024-05-23,21,2024,Yala,Beans,Matale,390.0,5,28.8,448.1,86.5,166.1,2149.6,12.9416014449127
1532,2024-05-23,21,2024,Yala,Beans,Matale,390.0,5,28.8,448.1,86.5,166.1,2149.6,12.9416014449127
1546,2024-05-30,22,2024,Yala,Beans,Matale,615.0,5,28.8,448.1,86.5,166.1,2149.6,12.9416014449127
1556,2024-06-06,23,2024,Yala,Beans,Matale,400.0,6,28.4,136.5,83.5,166.1,2149.6,12.9416014449127
1566,2024-06-13,24,2024,Yala,Beans,Matale,475.0,6,28.4,136.5,83.5,166.1,2149.6,12.9416014449127
1576,2024-06-20,25,2024,Yala,Beans,Matale,540.0,6,28.4,136.5,83.5,166.1,2149.6,12.9416014449127
1586,2024-06-27,26,2024,Yala,Beans,Matale,425.0,6,28.4,136.5,83.5,166.1,2149.6,12.9416014449127
1596,2024-07-04,27,2024,Yala,Beans,Matale,415.0,7,28.6,141.9,79.5,166.1,2149.6,12.9416014449127
1606,2024-07-11,28,2024,Yala,Beans,Matale,475.0,7,28.6,141.9,79.5,166.1,2149.6,12.9416014449127
1616,2024-07-18,29,2024,Yala,Beans,Matale,475.0,7,28.6,141.9,79.5,166.1,2149.6,12.9416014449127
1626,2024-07-25,30,2024,Yala,Beans,Matale,575.0,7,28.6,141.9,79.5,166.1,2149.6,12.9416014449127
1636,2024-08-01,31,2024,Yala,Beans,Matale,525.0,8,28.4,200.0,82.5,166.1,2149.6,12.9416014449127
1646,2024-08-08,32,2024,Yala,Beans,Matale,400.0,8,28.4,200.0,82.5,166.1,2149.6,12.9416014449127
1656,2024-08-15,33,2024,Yala,Beans,Matale,375.0,8,28.4,200.0,82.5,166.1,2149.6,12.9416014449127
1666,2024-08-22,34,2024,Yala,Beans,Matale,375.0,8,28.4,200.0,82.5,166.1,2149.6,12.9416014449127
1676,2024-08-29,35,2024,Yala,Beans,Matale,275.0,8,28.4,200.0,82.5,166.1,2149.6,12.9416014449127
1686,2024-09-05,36,2024,Maha,Beans,Matale,200.0,9,28.7,82.3,81.0,303.5,2342.9,7.719604612850083
1696,2024-09-12,37,2024,Maha,Beans,Matale,175.0,9,28.7,82.3,81.0,303.5,2342.9,7.719604612850083
1706,2024-09-19,38,2024,Maha,Beans,Matale,175.0,9,28.7,82.3,81.0,303.5,2342.9,7.719604612850083
1716,2024-09-26,39,2024,Maha,Beans,Matale,225.0,9,28.7,82.3,81.0,303.5,2342.9,7.719604612850083
1726,2024-10-03,40,2024,Maha,Beans,Matale,305.0,10,27.9,190.1,83.5,303.5,2342.9,7.719604612850083
1736,2024-10-10,41,2024,Maha,Beans,Matale,250.0,10,27.9,190.1,83.5,303.5,2342.9,7.719604612850083
1746,2024-10-17,42,2024,Maha,Beans,Matale,315.0,10,27.9,190.1,83.5,303.5,2342.9,7.719604612850083
1756,2024-10-24,43,2024,Maha,Beans,Matale,325.0,10,27.9,190.1,83.5,303.5,2342.9,7.719604612850083
1766,2024-10-31,44,2024,Maha,Beans,Matale,280.0,10,27.9,190.1,83.5,303.5,2342.9,7.719604612850083
1776,2024-11-07,45,2024,Maha,Beans,Matale,260.0,11,27.1,658.2,87.5,303.5,2342.9,7.719604612850083
1786,2024-11-14,46,2024,Maha,Beans,Matale,375.0,11,27.1,658.2,87.5,303.5,2342.9,7.719604612850083
1796,2024-11-21,47,2024,Maha,Beans,Matale,425.0,11,27.1,658.2,87.5,303.5,2342.9,7.719604612850083
1806,2024-11-28,48,2024,Maha,Beans,Matale,405.0,11,27.1,658.2,87.5,303.5,2342.9,7.719604612850083
1816,2024-12-05,49,2024,Maha,Beans,Matale,615.0,12,27.3,144.3,82.0,303.5,2342.9,7.719604612850083
1826,2024-12-12,50,2024,Maha,Beans,Matale,475.0,12,27.3,144.3,82.0,303.5,2342.9,7.719604612850083
1836,2024-12-19,51,2024,Maha,Beans,Matale,240.0,12,27.3,144.3,82.0,303.5,2342.9,7.719604612850083
1846,2024-12-26,52,2024,Maha,Beans,Matale,395.0,12,27.3,144.3,82.0,303.5,2342.9,7.719604612850083
1856,2025-01-09,2,2025,Maha,Beans,Matale,315.0,1,24.0,397.7,72.5,138.0,1596.5,11.56884057971014
1866,2025-01-16,3,2025,Maha,Beans,Matale,260.0,1,24.0,397.7,72.5,138.0,1596.5,11.56884057971014
1876,2025-01-23,4,2025,Maha,Beans,Matale,425.0,1,24.0,397.7,72.5,138.0,1596.5,11.56884057971014
1886,2025-01-30,5,2025,Maha,Beans,Matale,515.0,1,24.0,397.7,72.5,138.0,1596.5,11.56884057971014
1896,2025-02-06,6,2025,Maha,Beans,Matale,425.0,2,24.0,61.1,66.0,138.0,1596.5,11.56884057971014
1906,2025-02-13,7,2025,Maha,Beans,Matale,415.0,2,24.0,61.1,66.0,138.0,1596.5,11.56884057971014
1921,2025-02-27,9,2025,Maha,Beans,Matale,190.0,2,24.0,61.1,66.0,138.0,1596.5,11.56884057971014
1931,2025-03-06,10,2025,Maha,Beans,Matale,145.0,3,26.0,82.5,64.0,138.0,1596.5,11.56884057971014
1941,2025-03-13,11,2025,Maha,Beans,Matale,400.0,3,26.0,82.5,64.0,138.0,1596.5,11.56884057971014
1951,2025-03-20,12,2025,Maha,Beans,Matale,400.0,3,26.0,82.5,64.0,138.0,1596.5,11.56884057971014
1961,2025-03-27,13,2025,Maha,Beans,Matale,400.0,3,26.0,82.5,64.0,138.0,1596.5,11.56884057971014
1971,2025-04-03,14,2025,Yala,Beans,Matale,565.0,4,26.0,204.7,73.5,456.3,1836.5,4.024764409379794
1981,2025-04-10,15,2025,Yala,Beans,Matale,415.0,4,26.0,204.7,73.5,456.3,1836.5,4.024764409379794
1991,2025-04-24,17,2025,Yala,Beans,Matale,325.0,4,26.0,204.7,73.5,456.3,1836.5,4.024764409379794
2001,2025-05-01,18,2025,Yala,Beans,Matale,475.0,5,27.0,55.7,71.0,456.3,1836.5,4.024764409379794
2011,2025-05-08,19,2025,Yala,Beans,Matale,600.0,5,27.0,55.7,71.0,456.3,1836.5,4.024764409379794
2021,2025-05-15,20,2025,Yala,Beans,Matale,425.0,5,27.0,55.7,71.0,456.3,1836.5,4.024764409379794
2031,2025-05-22,21,2025,Yala,Beans,Matale,250.0,5,27.0,55.7,71.0,456.3,1836.5,4.024764409379794
2041,2025-05-29,22,2025,Yala,Beans,Matale,250.0,5,27.0,55.7,71.0,456.3,1836.5,4.024764409379794
2056,2025-06-12,24,2025,Yala,Beans,Matale,400.0,6,27.0,35.9,69.0,456.3,1836.5,4.024764409379794
2066,2025-06-19,25,2025,Yala,Beans,Matale,475.0,6,27.0,35.9,69.0,456.3,1836.5,4.024764409379794
2076,2025-06-26,26,2025,Yala,Beans,Matale,515.0,6,27.0,35.9,69.0,456.3,1836.5,4.024764409379794
2086,2025-07-03,27,2025,Yala,Beans,Matale,475.0,7,27.0,44.0,68.0,456.3,1836.5,4.024764409379794
2096,2025-07-10,28,2025,Yala,Beans,Matale,350.0,7,27.0,44.0,68.0,456.3,1836.5,4.024764409379794
2106,2025-07-17,29,2025,Yala,Beans,Matale,365.0,7,27.0,44.0,68.0,456.3,1836.5,4.024764409379794
2116,2025-07-24,30,2025,Yala,Beans,Matale,380.0,7,27.0,44.0,68.0,456.3,1836.5,4.024764409379794
2126,2025-07-31,31,2025,Yala,Beans,Matale,525.0,7,27.0,44.0,68.0,456.3,1836.5,4.024764409379794
2136,2025-08-07,32,2025,Yala,Beans,Matale,575.0,8,27.0,46.9,67.5,456.3,1836.5,4.024764409379794
2146,2025-08-14,33,2025,Yala,Beans,Matale,600.0,8,27.0,46.9,67.5,456.3,1836.5,4.024764409379794
2156,2025-08-21,34,2025,Yala,Beans,Matale,475.0,8,27.0,46.9,67.5,456.3,1836.5,4.024764409379794
2166,2025-08-28,35,2025,Yala,Beans,Matale,410.0,8,27.0,46.9,67.5,456.3,1836.5,4.024764409379794
2176,2025-09-04,36,2025,Maha,Beans,Matale,305.0,9,27.0,70.8,70.0,138.0,1596.5,11.56884057971014
2186,2025-09-11,37,2025,Maha,Beans,Matale,300.0,9,27.0,70.8,70.0,138.0,1596.5,11.56884057971014
2196,2025-09-18,38,2025,Maha,Beans,Matale,280.0,9,27.0,70.8,70.0,138.0,1596.5,11.56884057971014
2206,2025-09-25,39,2025,Maha,Beans,Matale,300.0,9,27.0,70.8,70.0,138.0,1596.5,11.56884057971014
2216,2025-10-02,40,2025,Maha,Beans,Matale,275.0,10,26.0,343.5,80.0,138.0,1596.5,11.56884057971014
2226,2025-10-09,41,2025,Maha,Beans,Matale,275.0,10,26.0,343.5,80.0,138.0,1596.5,11.56884057971014
2236,2025-10-16,42,2025,Maha,Beans,Matale,205.0,10,26.0,343.5,80.0,138.0,1596.5,11.56884057971014
2246,2025-10-23,43,2025,Maha,Beans,Matale,225.0,10,26.0,343.5,80.0,138.0,1596.5,11.56884057971014
2256,2025-10-30,44,2025,Maha,Beans,Matale,325.0,10,26.0,343.5,80.0,138.0,1596.5,11.56884057971014
2266,2025-11-06,45,2025,Maha,Beans,Matale,325.0,11,25.0,634.7,83.5,138.0,1596.5,11.56884057971014
2276,2025-11-13,46,2025,Maha,Beans,Matale,250.0,11,25.0,634.7,83.5,138.0,1596.5,11.56884057971014
2286,2025-11-20,47,2025,Maha,Beans,Matale,250.0,11,25.0,634.7,83.5,138.0,1596.5,11.56884057971014
2296,2025-12-04,49,2025,Maha,Beans,Matale,750.0,12,24.0,241.0,78.0,138.0,1596.5,11.56884057971014
2,2021-01-04,1,2021,Maha,Cabbage,Kandy,65.0,1,24.5,143.1,87.0,183.0,2605.4,14.23715846994536
12,2021-01-07,1,2021,Maha,Cabbage,Kandy,125.0,1,24.5,143.1,87.0,183.0,2605.4,14.23715846994536
22,2021-01-28,4,2021,Maha,Cabbage,Kandy,440.0,1,24.5,143.1,87.0,183.0,2605.4,14.23715846994536
27,2021-02-12,6,2021,Maha,Cabbage,Kandy,245.0,2,25.0,54.6,80.5,183.0,2605.4,14.23715846994536
37,2021-02-18,7,2021,Maha,Cabbage,Kandy,70.0,2,25.0,54.6,80.5,183.0,2605.4,14.23715846994536
47,2021-02-25,8,2021,Maha,Cabbage,Kandy,55.0,2,25.0,54.6,80.5,183.0,2605.4,14.23715846994536
57,2021-03-18,11,2021,Maha,Cabbage,Kandy,70.0,3,26.0,86.4,80.5,183.0,2605.4,14.23715846994536
67,2021-03-25,12,2021,Maha,Cabbage,Kandy,65.0,3,26.0,86.4,80.5,183.0,2605.4,14.23715846994536
82,2021-04-03,13,2021,Yala,Cabbage,Kandy,85.0,4,26.4,285.6,83.5,217.4,4427.1,20.36384544618215
92,2021-04-11,14,2021,Yala,Cabbage,Kandy,90.0,4,26.4,285.6,83.5,217.4,4427.1,20.36384544618215
102,2021-04-22,16,2021,Yala,Cabbage,Kandy,65.0,4,26.4,285.6,83.5,217.4,4427.1,20.36384544618215
112,2021-04-29,17,2021,Yala,Cabbage,Kandy,65.0,4,26.4,285.6,83.5,217.4,4427.1,20.36384544618215
122,2021-05-08,18,2021,Yala,Cabbage,Kandy,95.0,5,26.1,326.9,87.5,217.4,4427.1,20.36384544618215
132,2021-05-13,19,2021,Yala,Cabbage,Kandy,55.0,5,26.1,326.9,87.5,217.4,4427.1,20.36384544618215
137,2021-05-20,20,2021,Yala,Cabbage,Kandy,75.0,5,26.1,326.9,87.5,217.4,4427.1,20.36384544618215
142,2021-06-05,22,2021,Yala,Cabbage,Kandy,65.0,6,25.5,125.4,85.0,217.4,4427.1,20.36384544618215
147,2021-07-10,27,2021,Yala,Cabbage,Kandy,75.0,7,25.6,165.1,85.5,217.4,4427.1,20.36384544618215
157,2021-07-15,28,2021,Yala,Cabbage,Kandy,85.0,7,25.6,165.1,85.5,217.4,4427.1,20.36384544618215
167,2021-07-22,29,2021,Yala,Cabbage,Kandy,90.0,7,25.6,165.1,85.5,217.4,4427.1,20.36384544618215
177,2021-07-29,30,2021,Yala,Cabbage,Kandy,110.0,7,25.6,165.1,85.5,217.4,4427.1,20.36384544618215
187,2021-08-04,31,2021,Yala,Cabbage,Kandy,75.0,8,25.2,136.6,85.5,217.4,4427.1,20.36384544618215
197,2021-08-07,31,2021,Yala,Cabbage,Kandy,110.0,8,25.2,136.6,85.5,217.4,4427.1,20.36384544618215
207,2021-08-19,33,2021,Yala,Cabbage,Kandy,110.0,8,25.2,136.6,85.5,217.4,4427.1,20.36384544618215
217,2021-09-09,36,2021,Maha,Cabbage,Kandy,90.0,9,25.3,162.6,86.5,183.0,2605.4,14.23715846994536
227,2021-09-16,37,2021,Maha,Cabbage,Kandy,80.0,9,25.3,162.6,86.5,183.0,2605.4,14.23715846994536
237,2021-09-23,38,2021,Maha,Cabbage,Kandy,80.0,9,25.3,162.6,86.5,183.0,2605.4,14.23715846994536
247,2021-09-30,39,2021,Maha,Cabbage,Kandy,80.0,9,25.3,162.6,86.5,183.0,2605.4,14.23715846994536
257,2021-10-14,41,2021,Maha,Cabbage,Kandy,60.0,10,25.4,438.5,88.5,183.0,2605.4,14.23715846994536
267,2021-10-21,42,2021,Maha,Cabbage,Kandy,80.0,10,25.4,438.5,88.5,183.0,2605.4,14.23715846994536
277,2021-10-28,43,2021,Maha,Cabbage,Kandy,90.0,10,25.4,438.5,88.5,183.0,2605.4,14.23715846994536
292,2021-11-11,45,2021,Maha,Cabbage,Kandy,90.0,11,24.7,451.6,90.0,183.0,2605.4,14.23715846994536
302,2021-11-18,46,2021,Maha,Cabbage,Kandy,120.0,11,24.7,451.6,90.0,183.0,2605.4,14.23715846994536
312,2021-11-25,47,2021,Maha,Cabbage,Kandy,195.0,11,24.7,451.6,90.0,183.0,2605.4,14.23715846994536
322,2021-12-08,49,2021,Maha,Cabbage,Kandy,95.0,12,25.2,46.4,84.0,183.0,2605.4,14.23715846994536
337,2021-12-23,51,2021,Maha,Cabbage,Kandy,285.0,12,25.2,46.4,84.0,183.0,2605.4,14.23715846994536
347,2021-12-30,52,2021,Maha,Cabbage,Kandy,285.0,12,25.2,46.4,84.0,183.0,2605.4,14.23715846994536
357,2022-01-09,1,2022,Maha,Cabbage,Kandy,305.0,1,24.8,14.2,79.5,156.5,2306.7,14.73929712460064
367,2022-01-12,2,2022,Maha,Cabbage,Kandy,155.0,1,24.8,14.2,79.5,156.5,2306.7,14.73929712460064
377,2022-01-13,2,2022,Maha,Cabbage,Kandy,200.0,1,24.8,14.2,79.5,156.5,2306.7,14.73929712460064
387,2022-01-20,3,2022,Maha,Cabbage,Kandy,190.0,1,24.8,14.2,79.5,156.5,2306.7,14.73929712460064
397,2022-01-27,4,2022,Maha,Cabbage,Kandy,160.0,1,24.8,14.2,79.5,156.5,2306.7,14.73929712460064
407,2022-02-06,5,2022,Maha,Cabbage,Kandy,190.0,2,25.0,29.4,78.0,156.5,2306.7,14.73929712460064
417,2022-02-17,7,2022,Maha,Cabbage,Kandy,140.0,2,25.0,29.4,78.0,156.5,2306.7,14.73929712460064
427,2022-02-24,8,2022,Maha,Cabbage,Kandy,100.0,2,25.0,29.4,78.0,156.5,2306.7,14.73929712460064
437,2022-03-02,9,2022,Maha,Cabbage,Kandy,175.0,3,26.5,80.0,80.0,156.5,2306.7,14.73929712460064
447,2022-03-03,9,2022,Maha,Cabbage,Kandy,85.0,3,26.5,80.0,80.0,156.5,2306.7,14.73929712460064
457,2022-03-11,10,2022,Maha,Cabbage,Kandy,175.0,3,26.5,80.0,80.0,156.5,2306.7,14.73929712460064
467,2022-03-17,11,2022,Maha,Cabbage,Kandy,63.0,3,26.5,80.0,80.0,156.5,2306.7,14.73929712460064
477,2022-03-24,12,2022,Maha,Cabbage,Kandy,63.0,3,26.5,80.0,80.0,156.5,2306.7,14.73929712460064
487,2022-03-31,13,2022,Maha,Cabbage,Kandy,60.0,3,26.5,80.0,80.0,156.5,2306.7,14.73929712460064
497,2022-04-08,14,2022,Yala,Cabbage,Kandy,175.0,4,26.3,250.2,85.5,212.6,4045.7,19.02963311382879
507,2022-04-21,16,2022,Yala,Cabbage,Kandy,60.0,4,26.3,250.2,85.5,212.6,4045.7,19.02963311382879
517,2022-05-05,18,2022,Yala,Cabbage,Kandy,60.0,5,25.5,230.55,84.5,212.6,4045.7,19.02963311382879
527,2022-05-19,20,2022,Yala,Cabbage,Kandy,105.0,5,25.5,230.55,84.5,212.6,4045.7,19.02963311382879
537,2022-05-26,21,2022,Yala,Cabbage,Kandy,120.0,5,25.5,230.55,84.5,212.6,4045.7,19.02963311382879
547,2022-06-10,23,2022,Yala,Cabbage,Kandy,245.0,6,25.5,19.5,83.0,212.6,4045.7,19.02963311382879
557,2022-06-16,24,2022,Yala,Cabbage,Kandy,270.0,6,25.5,19.5,83.0,212.6,4045.7,19.02963311382879
567,2022-06-23,25,2022,Yala,Cabbage,Kandy,230.0,6,25.5,19.5,83.0,212.6,4045.7,19.02963311382879
577,2022-06-30,26,2022,Yala,Cabbage,Kandy,235.0,6,25.5,19.5,83.0,212.6,4045.7,19.02963311382879
587,2022-07-04,27,2022,Yala,Cabbage,Kandy,65.0,7,25.5,157.5,82.5,212.6,4045.7,19.02963311382879
597,2022-07-07,27,2022,Yala,Cabbage,Kandy,235.0,7,25.5,157.5,82.5,212.6,4045.7,19.02963311382879
607,2022-07-14,28,2022,Yala,Cabbage,Kandy,225.0,7,25.5,157.5,82.5,212.6,4045.7,19.02963311382879
617,2022-07-21,29,2022,Yala,Cabbage,Kandy,225.0,7,25.5,157.5,82.5,212.6,4045.7,19.02963311382879
627,2022-07-28,30,2022,Yala,Cabbage,Kandy,190.0,7,25.5,157.5,82.5,212.6,4045.7,19.02963311382879
637,2022-08-09,32,2022,Yala,Cabbage,Kandy,225.0,8,25.0,265.0,84.0,212.6,4045.7,19.02963311382879
647,2022-08-12,32,2022,Yala,Cabbage,Kandy,145.0,8,25.0,265.0,84.0,212.6,4045.7,19.02963311382879
657,2022-08-18,33,2022,Yala,Cabbage,Kandy,305.0,8,25.0,265.0,84.0,212.6,4045.7,19.02963311382879
667,2022-08-25,34,2022,Yala,Cabbage,Kandy,355.0,8,25.0,265.0,84.0,212.6,4045.7,19.02963311382879
677,2022-09-06,36,2022,Maha,Cabbage,Kandy,235.0,9,24.9,171.9,82.5,156.5,2306.7,14.73929712460064
687,2022-09-15,37,2022,Maha,Cabbage,Kandy,260.0,9,24.9,171.9,82.5,156.5,2306.7,14.73929712460064
697,2022-09-22,38,2022,Maha,Cabbage,Kandy,335.0,9,24.9,171.9,82.5,156.5,2306.7,14.73929712460064
707,2022-09-29,39,2022,Maha,Cabbage,Kandy,295.0,9,24.9,171.9,82.5,156.5,2306.7,14.73929712460064
717,2022-10-02,39,2022,Maha,Cabbage,Kandy,165.0,10,24.7,249.7,87.0,156.5,2306.7,14.73929712460064
727,2022-10-03,40,2022,Maha,Cabbage,Kandy,75.0,10,24.7,249.7,87.0,156.5,2306.7,14.73929712460064
737,2022-10-11,41,2022,Maha,Cabbage,Kandy,155.0,10,24.7,249.7,87.0,156.5,2306.7,14.73929712460064
747,2022-10-13,41,2022,Maha,Cabbage,Kandy,240.0,10,24.7,249.7,87.0,156.5,2306.7,14.73929712460064
757,2022-10-20,42,2022,Maha,Cabbage,Kandy,160.0,10,24.7,249.7,87.0,156.5,2306.7,14.73929712460064
767,2022-10-27,43,2022,Maha,Cabbage,Kandy,145.0,10,24.7,249.7,87.0,156.5,2306.7,14.73929712460064
777,2022-11-08,45,2022,Maha,Cabbage,Kandy,190.0,11,24.6,292.4,85.5,156.5,2306.7,14.73929712460064
787,2022-11-17,46,2022,Maha,Cabbage,Kandy,125.0,11,24.6,292.4,85.5,156.5,2306.7,14.73929712460064
797,2022-11-24,47,2022,Maha,Cabbage,Kandy,290.0,11,24.6,292.4,85.5,156.5,2306.7,14.73929712460064
807,2022-12-15,50,2022,Maha,Cabbage,Kandy,125.0,12,23.7,292.3,87.5,156.5,2306.7,14.73929712460064
817,2022-12-22,51,2022,Maha,Cabbage,Kandy,125.0,12,23.7,292.3,87.5,156.5,2306.7,14.73929712460064
827,2022-12-29,52,2022,Maha,Cabbage,Kandy,125.0,12,23.7,292.3,87.5,156.5,2306.7,14.73929712460064
837,2023-01-12,2,2023,Maha,Cabbage,Kandy,95.0,1,23.5,45.3,83.5,136.4,2152.9,15.78372434017595
847,2023-01-19,3,2023,Maha,Cabbage,Kandy,75.0,1,23.5,45.3,83.5,136.4,2152.9,15.78372434017595
857,2023-01-26,4,2023,Maha,Cabbage,Kandy,60.0,1,23.5,45.3,83.5,136.4,2152.9,15.78372434017595
867,2023-02-02,5,2023,Maha,Cabbage,Kandy,60.0,2,24.4,90.5,82.0,136.4,2152.9,15.78372434017595
877,2023-02-09,6,2023,Maha,Cabbage,Kandy,60.0,2,24.4,90.5,82.0,136.4,2152.9,15.78372434017595
887,2023-02-16,7,2023,Maha,Cabbage,Kandy,60.0,2,24.4,90.5,82.0,136.4,2152.9,15.78372434017595
897,2023-02-23,8,2023,Maha,Cabbage,Kandy,60.0,2,24.4,90.5,82.0,136.4,2152.9,15.78372434017595
907,2023-03-02,9,2023,Maha,Cabbage,Kandy,52.5,3,26.2,66.5,81.0,136.4,2152.9,15.78372434017595
917,2023-03-09,10,2023,Maha,Cabbage,Kandy,50.0,3,26.2,66.5,81.0,136.4,2152.9,15.78372434017595
927,2023-03-16,11,2023,Maha,Cabbage,Kandy,50.0,3,26.2,66.5,81.0,136.4,2152.9,15.78372434017595
937,2023-03-23,12,2023,Maha,Cabbage,Kandy,55.0,3,26.2,66.5,81.0,136.4,2152.9,15.78372434017595
947,2023-03-30,13,2023,Maha,Cabbage,Kandy,55.0,3,26.2,66.5,81.0,136.4,2152.9,15.78372434017595
957,2023-04-06,14,2023,Yala,Cabbage,Kandy,75.0,4,27.0,149.9,84.0,182.3,3988.6,21.87931980252331
967,2023-04-20,16,2023,Yala,Cabbage,Kandy,135.0,4,27.0,149.9,84.0,182.3,3988.6,21.87931980252331
977,2023-04-27,17,2023,Yala,Cabbage,Kandy,100.0,4,27.0,149.9,84.0,182.3,3988.6,21.87931980252331
987,2023-05-04,18,2023,Yala,Cabbage,Kandy,120.0,5,26.6,134.2,85.0,182.3,3988.6,21.87931980252331
997,2023-05-11,19,2023,Yala,Cabbage,Kandy,140.0,5,26.6,134.2,85.0,182.3,3988.6,21.87931980252331
1007,2023-05-18,20,2023,Yala,Cabbage,Kandy,170.0,5,26.6,134.2,85.0,182.3,3988.6,21.87931980252331
1017,2023-05-25,21,2023,Yala,Cabbage,Kandy,250.0,5,26.6,134.2,85.0,182.3,3988.6,21.87931980252331
1027,2023-06-01,22,2023,Yala,Cabbage,Kandy,310.0,6,26.1,72.8,84.5,182.3,3988.6,21.87931980252331
1037,2023-06-08,23,2023,Yala,Cabbage,Kandy,280.0,6,26.1,72.8,84.5,182.3,3988.6,21.87931980252331
1047,2023-06-15,24,2023,Yala,Cabbage,Kandy,250.0,6,26.1,72.8,84.5,182.3,3988.6,21.87931980252331
1058,2023-06-22,25,2023,Yala,Cabbage,Kandy,155.0,6,26.1,72.8,84.5,182.3,3988.6,21.87931980252331
1059,2023-06-22,25,2023,Yala,Cabbage,Kandy,155.0,6,26.1,72.8,84.5,182.3,3988.6,21.87931980252331
1077,2023-06-29,26,2023,Yala,Cabbage,Kandy,180.0,6,26.1,72.8,84.5,182.3,3988.6,21.87931980252331
1087,2023-07-06,27,2023,Yala,Cabbage,Kandy,180.0,7,25.8,64.2,480.5,182.3,3988.6,21.87931980252331
1097,2023-07-13,28,2023,Yala,Cabbage,Kandy,155.0,7,25.8,64.2,480.5,182.3,3988.6,21.87931980252331
1107,2023-07-20,29,2023,Yala,Cabbage,Kandy,140.0,7,25.8,64.2,480.5,182.3,3988.6,21.87931980252331
1117,2023-07-27,30,2023,Yala,Cabbage,Kandy,160.0,7,25.8,64.2,480.5,182.3,3988.6,21.87931980252331
1127,2023-08-03,31,2023,Yala,Cabbage,Kandy,155.0,8,26.5,27.1,76.5,182.3,3988.6,21.87931980252331
1137,2023-08-10,32,2023,Yala,Cabbage,Kandy,145.0,8,26.5,27.1,76.5,182.3,3988.6,21.87931980252331
1147,2023-08-17,33,2023,Yala,Cabbage,Kandy,140.0,8,26.5,27.1,76.5,182.3,3988.6,21.87931980252331
1157,2023-08-24,34,2023,Yala,Cabbage,Kandy,135.0,8,26.5,27.1,76.5,182.3,3988.6,21.87931980252331
1167,2023-08-31,35,2023,Yala,Cabbage,Kandy,130.0,8,26.5,27.1,76.5,182.3,3988.6,21.87931980252331
1177,2023-09-07,36,2023,Maha,Cabbage,Kandy,95.0,9,25.2,175.1,86.0,136.4,2152.9,15.78372434017595
1187,2023-09-14,37,2023,Maha,Cabbage,Kandy,90.0,9,25.2,175.1,86.0,136.4,2152.9,15.78372434017595
1197,2023-09-21,38,2023,Maha,Cabbage,Kandy,65.0,9,25.2,175.1,86.0,136.4,2152.9,15.78372434017595
1207,2023-09-28,39,2023,Maha,Cabbage,Kandy,70.0,9,25.2,175.1,86.0,136.4,2152.9,15.78372434017595
1217,2023-10-05,40,2023,Maha,Cabbage,Kandy,70.0,10,25.5,505.5,88.5,136.4,2152.9,15.78372434017595
1227,2023-10-12,41,2023,Maha,Cabbage,Kandy,60.0,10,25.5,505.5,88.5,136.4,2152.9,15.78372434017595
1237,2023-10-19,42,2023,Maha,Cabbage,Kandy,60.0,10,25.5,505.5,88.5,136.4,2152.9,15.78372434017595
1247,2023-10-26,43,2023,Maha,Cabbage,Kandy,80.0,10,25.5,505.5,88.5,136.4,2152.9,15.78372434017595
1257,2023-11-02,44,2023,Maha,Cabbage,Kandy,120.0,11,26.0,545.5,88.5,136.4,2152.9,15.78372434017595
1267,2023-11-09,45,2023,Maha,Cabbage,Kandy,165.0,11,26.0,545.5,88.5,136.4,2152.9,15.78372434017595
1277,2023-11-16,46,2023,Maha,Cabbage,Kandy,175.0,11,26.0,545.5,88.5,136.4,2152.9,15.78372434017595
1287,2023-11-23,47,2023,Maha,Cabbage,Kandy,220.0,11,26.0,545.5,88.5,136.4,2152.9,15.78372434017595
1297,2023-11-30,48,2023,Maha,Cabbage,Kandy,320.0,11,26.0,545.5,88.5,136.4,2152.9,15.78372434017595
1307,2023-12-07,49,2023,Maha,Cabbage,Kandy,315.0,12,25.3,388.2,89.0,136.4,2152.9,15.78372434017595
1317,2023-12-14,50,2023,Maha,Cabbage,Kandy,325.0,12,25.3,388.2,89.0,136.4,2152.9,15.78372434017595
1327,2023-12-21,51,2023,Maha,Cabbage,Kandy,310.0,12,25.3,388.2,89.0,136.4,2152.9,15.78372434017595
1337,2023-12-28,52,2023,Maha,Cabbage,Kandy,340.0,12,25.3,388.2,89.0,136.4,2152.9,15.78372434017595
1347,2024-01-04,1,2024,Maha,Cabbage,Kandy,425.0,1,25.0,171.9,84.75,133.9,2061.5,15.39581777445855
1357,2024-01-11,2,2024,Maha,Cabbage,Kandy,380.0,1,25.0,171.9,84.75,133.9,2061.5,15.39581777445855
1367,2024-01-18,3,2024,Maha,Cabbage,Kandy,560.0,1,25.0,171.9,84.75,133.9,2061.5,15.39581777445855
1377,2024-01-25,4,2024,Maha,Cabbage,Kandy,430.0,1,25.0,171.9,84.75,133.9,2061.5,15.39581777445855
1387,2024-02-01,5,2024,Maha,Cabbage,Kandy,525.0,2,25.9,56.4,79.0,133.9,2061.5,15.39581777445855
1397,2024-02-08,6,2024,Maha,Cabbage,Kandy,425.0,2,25.9,56.4,79.0,133.9,2061.5,15.39581777445855
1407,2024-02-15,7,2024,Maha,Cabbage,Kandy,375.0,2,25.9,56.4,79.0,133.9,2061.5,15.39581777445855
1417,2024-02-22,8,2024,Maha,Cabbage,Kandy,375.0,2,25.9,56.4,79.0,133.9,2061.5,15.39581777445855
1427,2024-02-29,9,2024,Maha,Cabbage,Kandy,335.0,2,25.9,56.4,79.0,133.9,2061.5,15.39581777445855
1437,2024-03-07,10,2024,Maha,Cabbage,Kandy,320.0,3,27.2,31.0,75.0,133.9,2061.5,15.39581777445855
1447,2024-03-14,11,2024,Maha,Cabbage,Kandy,300.0,3,27.2,31.0,75.0,133.9,2061.5,15.39581777445855
1457,2024-03-21,12,2024,Maha,Cabbage,Kandy,315.0,3,27.2,31.0,75.0,133.9,2061.5,15.39581777445855
1467,2024-03-28,13,2024,Maha,Cabbage,Kandy,225.0,3,27.2,31.0,75.0,133.9,2061.5,15.39581777445855
1477,2024-04-04,14,2024,Yala,Cabbage,Kandy,175.0,4,28.4,20.5,78.5,182.3,3988.6,21.87931980252331
1492,2024-04-25,17,2024,Yala,Cabbage,Kandy,105.0,4,28.4,20.5,78.5,182.3,3988.6,21.87931980252331
1502,2024-05-02,18,2024,Yala,Cabbage,Kandy,80.0,5,26.9,343.3,86.0,182.3,3988.6,21.87931980252331
1512,2024-05-11,19,2024,Yala,Cabbage,Kandy,175.0,5,26.9,343.3,86.0,182.3,3988.6,21.87931980252331
1517,2024-05-16,20,2024,Yala,Cabbage,Kandy,90.0,5,26.9,343.3,86.0,182.3,3988.6,21.87931980252331
1527,2024-05-23,21,2024,Yala,Cabbage,Kandy,70.0,5,26.9,343.3,86.0,182.3,3988.6,21.87931980252331
1542,2024-05-30,22,2024,Yala,Cabbage,Kandy,90.0,5,26.9,343.3,86.0,182.3,3988.6,21.87931980252331
1552,2024-06-06,23,2024,Yala,Cabbage,Kandy,110.0,6,25.9,128.8,85.5,182.3,3988.6,21.87931980252331
1562,2024-06-13,24,2024,Yala,Cabbage,Kandy,175.0,6,25.9,128.8,85.5,182.3,3988.6,21.87931980252331
1572,2024-06-20,25,2024,Yala,Cabbage,Kandy,175.0,6,25.9,128.8,85.5,182.3,3988.6,21.87931980252331
1582,2024-06-27,26,2024,Yala,Cabbage,Kandy,175.0,6,25.9,128.8,85.5,182.3,3988.6,21.87931980252331
1592,2024-07-04,27,2024,Yala,Cabbage,Kandy,145.0,7,26.0,134.7,82.5,182.3,3988.6,21.87931980252331
1602,2024-07-11,28,2024,Yala,Cabbage,Kandy,180.0,7,26.0,134.7,82.5,182.3,3988.6,21.87931980252331
1612,2024-07-18,29,2024,Yala,Cabbage,Kandy,225.0,7,26.0,134.7,82.5,182.3,3988.6,21.87931980252331
1622,2024-07-25,30,2024,Yala,Cabbage,Kandy,225.0,7,26.0,134.7,82.5,182.3,3988.6,21.87931980252331
1632,2024-08-01,31,2024,Yala,Cabbage,Kandy,225.0,8,25.9,145.7,85.5,182.3,3988.6,21.87931980252331
1642,2024-08-08,32,2024,Yala,Cabbage,Kandy,210.0,8,25.9,145.7,85.5,182.3,3988.6,21.87931980252331
1652,2024-08-15,33,2024,Yala,Cabbage,Kandy,175.0,8,25.9,145.7,85.5,182.3,3988.6,21.87931980252331
1662,2024-08-22,34,2024,Yala,Cabbage,Kandy,145.0,8,25.9,145.7,85.5,182.3,3988.6,21.87931980252331
1672,2024-08-29,35,2024,Yala,Cabbage,Kandy,125.0,8,25.9,145.7,85.5,182.3,3988.6,21.87931980252331
1682,2024-09-05,36,2024,Maha,Cabbage,Kandy,170.0,9,25.7,95.8,84.5,133.9,2061.5,15.39581777445855
1692,2024-09-12,37,2024,Maha,Cabbage,Kandy,130.0,9,25.7,95.8,84.5,133.9,2061.5,15.39581777445855
1702,2024-09-19,38,2024,Maha,Cabbage,Kandy,170.0,9,25.7,95.8,84.5,133.9,2061.5,15.39581777445855
1712,2024-09-26,39,2024,Maha,Cabbage,Kandy,190.0,9,25.7,95.8,84.5,133.9,2061.5,15.39581777445855
1722,2024-10-03,40,2024,Maha,Cabbage,Kandy,130.0,10,25.8,142.1,85.5,133.9,2061.5,15.39581777445855
1732,2024-10-10,41,2024,Maha,Cabbage,Kandy,105.0,10,25.8,142.1,85.5,133.9,2061.5,15.39581777445855
1742,2024-10-17,42,2024,Maha,Cabbage,Kandy,80.0,10,25.8,142.1,85.5,133.9,2061.5,15.39581777445855
1752,2024-10-24,43,2024,Maha,Cabbage,Kandy,105.0,10,25.8,142.1,85.5,133.9,2061.5,15.39581777445855
1762,2024-10-31,44,2024,Maha,Cabbage,Kandy,80.0,10,25.8,142.1,85.5,133.9,2061.5,15.39581777445855
1772,2024-11-07,45,2024,Maha,Cabbage,Kandy,80.0,11,25.1,608.1,89.0,133.9,2061.5,15.39581777445855
1782,2024-11-14,46,2024,Maha,Cabbage,Kandy,75.0,11,25.1,608.1,89.0,133.9,2061.5,15.39581777445855
1792,2024-11-21,47,2024,Maha,Cabbage,Kandy,75.0,11,25.1,608.1,89.0,133.9,2061.5,15.39581777445855
1802,2024-11-28,48,2024,Maha,Cabbage,Kandy,70.0,11,25.1,608.1,89.0,133.9,2061.5,15.39581777445855
1812,2024-12-05,49,2024,Maha,Cabbage,Kandy,70.0,12,24.8,150.9,85.5,133.9,2061.5,15.39581777445855
1822,2024-12-12,50,2024,Maha,Cabbage,Kandy,125.0,12,24.8,150.9,85.5,133.9,2061.5,15.39581777445855
1832,2024-12-19,51,2024,Maha,Cabbage,Kandy,190.0,12,24.8,150.9,85.5,133.9,2061.5,15.39581777445855
1842,2024-12-26,52,2024,Maha,Cabbage,Kandy,130.0,12,24.8,150.9,85.5,133.9,2061.5,15.39581777445855
1852,2025-01-09,2,2025,Maha,Cabbage,Kandy,110.0,1,23.5,304.7,86.35,140.8,1998.5,14.19389204545454
1862,2025-01-16,3,2025,Maha,Cabbage,Kandy,140.0,1,23.5,304.7,86.35,140.8,1998.5,14.19389204545454
1872,2025-01-23,4,2025,Maha,Cabbage,Kandy,155.0,1,23.5,304.7,86.35,140.8,1998.5,14.19389204545454
1882,2025-01-30,5,2025,Maha,Cabbage,Kandy,155.0,1,23.5,304.7,86.35,140.8,1998.5,14.19389204545454
1892,2025-02-06,6,2025,Maha,Cabbage,Kandy,265.0,2,23.0,14.9,72.5,140.8,1998.5,14.19389204545454
1902,2025-02-13,7,2025,Maha,Cabbage,Kandy,235.0,2,23.0,14.9,72.5,140.8,1998.5,14.19389204545454
1912,2025-02-20,8,2025,Maha,Cabbage,Kandy,290.0,2,23.0,14.9,72.5,140.8,1998.5,14.19389204545454
1917,2025-02-27,9,2025,Maha,Cabbage,Kandy,275.0,2,23.0,14.9,72.5,140.8,1998.5,14.19389204545454
1927,2025-03-06,10,2025,Maha,Cabbage,Kandy,235.0,3,24.0,73.9,71.0,140.8,1998.5,14.19389204545454
1937,2025-03-13,11,2025,Maha,Cabbage,Kandy,225.0,3,24.0,73.9,71.0,140.8,1998.5,14.19389204545454
1947,2025-03-20,12,2025,Maha,Cabbage,Kandy,235.0,3,24.0,73.9,71.0,140.8,1998.5,14.19389204545454
1957,2025-03-27,13,2025,Maha,Cabbage,Kandy,235.0,3,24.0,73.9,71.0,140.8,1998.5,14.19389204545454
1967,2025-04-03,14,2025,Yala,Cabbage,Kandy,230.0,4,24.0,233.0,79.0,214.9,3260.5,15.17217310376919
1977,2025-04-10,15,2025,Yala,Cabbage,Kandy,145.0,4,24.0,233.0,79.0,214.9,3260.5,15.17217310376919
1987,2025-04-24,17,2025,Yala,Cabbage,Kandy,235.0,4,24.0,233.0,79.0,214.9,3260.5,15.17217310376919
1997,2025-05-01,18,2025,Yala,Cabbage,Kandy,260.0,5,24.0,124.9,82.5,214.9,3260.5,15.17217310376919
2007,2025-05-08,19,2025,Yala,Cabbage,Kandy,285.0,5,24.0,124.9,82.5,214.9,3260.5,15.17217310376919
2017,2025-05-15,20,2025,Yala,Cabbage,Kandy,325.0,5,24.0,124.9,82.5,214.9,3260.5,15.17217310376919
2027,2025-05-22,21,2025,Yala,Cabbage,Kandy,310.0,5,24.0,124.9,82.5,214.9,3260.5,15.17217310376919
2037,2025-05-29,22,2025,Yala,Cabbage,Kandy,275.0,5,24.0,124.9,82.5,214.9,3260.5,15.17217310376919
2047,2025-06-05,23,2025,Yala,Cabbage,Kandy,290.0,6,24.0,96.2,84.0,214.9,3260.5,15.17217310376919
2052,2025-06-12,24,2025,Yala,Cabbage,Kandy,365.0,6,24.0,96.2,84.0,214.9,3260.5,15.17217310376919
2062,2025-06-19,25,2025,Yala,Cabbage,Kandy,275.0,6,24.0,96.2,84.0,214.9,3260.5,15.17217310376919
2072,2025-06-26,26,2025,Yala,Cabbage,Kandy,215.0,6,24.0,96.2,84.0,214.9,3260.5,15.17217310376919
2082,2025-07-03,27,2025,Yala,Cabbage,Kandy,185.0,7,24.0,190.1,83.0,214.9,3260.5,15.17217310376919
2092,2025-07-10,28,2025,Yala,Cabbage,Kandy,235.0,7,24.0,190.1,83.0,214.9,3260.5,15.17217310376919
2102,2025-07-17,29,2025,Yala,Cabbage,Kandy,215.0,7,24.0,190.1,83.0,214.9,3260.5,15.17217310376919
2112,2025-07-24,30,2025,Yala,Cabbage,Kandy,150.0,7,24.0,190.1,83.0,214.9,3260.5,15.17217310376919
2122,2025-07-31,31,2025,Yala,Cabbage,Kandy,120.0,7,24.0,190.1,83.0,214.9,3260.5,15.17217310376919
2132,2025-08-07,32,2025,Yala,Cabbage,Kandy,165.0,8,23.9,77.2,82.0,214.9,3260.5,15.17217310376919
2142,2025-08-14,33,2025,Yala,Cabbage,Kandy,185.0,8,23.9,77.2,82.0,214.9,3260.5,15.17217310376919
2152,2025-08-21,34,2025,Yala,Cabbage,Kandy,115.0,8,23.9,77.2,82.0,214.9,3260.5,15.17217310376919
2162,2025-08-28,35,2025,Yala,Cabbage,Kandy,135.0,8,23.9,77.2,82.0,214.9,3260.5,15.17217310376919
2172,2025-09-04,36,2025,Maha,Cabbage,Kandy,115.0,9,24.1,110.5,81.5,140.8,1998.5,14.19389204545454
2182,2025-09-11,37,2025,Maha,Cabbage,Kandy,140.0,9,24.1,110.5,81.5,140.8,1998.5,14.19389204545454
2192,2025-09-18,38,2025,Maha,Cabbage,Kandy,95.0,9,24.1,110.5,81.5,140.8,1998.5,14.19389204545454
2202,2025-09-25,39,2025,Maha,Cabbage,Kandy,85.0,9,24.1,110.5,81.5,140.8,1998.5,14.19389204545454
2212,2025-10-02,40,2025,Maha,Cabbage,Kandy,70.0,10,24.0,284.2,85.0,140.8,1998.5,14.19389204545454
2222,2025-10-09,41,2025,Maha,Cabbage,Kandy,60.0,10,24.0,284.2,85.0,140.8,1998.5,14.19389204545454
2232,2025-10-16,42,2025,Maha,Cabbage,Kandy,60.0,10,24.0,284.2,85.0,140.8,1998.5,14.19389204545454
2242,2025-10-23,43,2025,Maha,Cabbage,Kandy,60.0,10,24.0,284.2,85.0,140.8,1998.5,14.19389204545454
2252,2025-10-30,44,2025,Maha,Cabbage,Kandy,70.0,10,24.0,284.2,85.0,140.8,1998.5,14.19389204545454
2262,2025-11-06,45,2025,Maha,Cabbage,Kandy,70.0,11,23.0,615.0,86.5,140.8,1998.5,14.19389204545454
2272,2025-11-13,46,2025,Maha,Cabbage,Kandy,70.0,11,23.0,615.0,86.5,140.8,1998.5,14.19389204545454
2282,2025-11-20,47,2025,Maha,Cabbage,Kandy,80.0,11,23.0,615.0,86.5,140.8,1998.5,14.19389204545454
2292,2025-12-04,49,2025,Maha,Cabbage,Kandy,110.0,12,23.0,96.6,81.5,140.8,1998.5,14.19389204545454
7,2021-01-04,1,2021,Maha,Cabbage,Matale,75.0,1,26.5,158.9,83.0,73.9,824.5,11.15696887686062
17,2021-01-07,1,2021,Maha,Cabbage,Matale,115.0,1,26.5,158.9,83.0,73.9,824.5,11.15696887686062
32,2021-02-12,6,2021,Maha,Cabbage,Matale,240.0,2,28.0,3.6,70.5,73.9,824.5,11.15696887686062
42,2021-02-18,7,2021,Maha,Cabbage,Matale,55.0,2,28.0,3.6,70.5,73.9,824.5,11.15696887686062
52,2021-02-25,8,2021,Maha,Cabbage,Matale,65.0,2,28.0,3.6,70.5,73.9,824.5,11.15696887686062
62,2021-03-18,11,2021,Maha,Cabbage,Matale,75.0,3,28.7,66.6,73.5,73.9,824.5,11.15696887686062
72,2021-03-25,12,2021,Maha,Cabbage,Matale,75.0,3,28.7,66.6,73.5,73.9,824.5,11.15696887686062
77,2021-04-02,13,2021,Yala,Cabbage,Matale,75.0,4,29.1,165.0,78.75,263.4,3776.2,14.33637053910402
87,2021-04-03,13,2021,Yala,Cabbage,Matale,90.0,4,29.1,165.0,78.75,263.4,3776.2,14.33637053910402
97,2021-04-11,14,2021,Yala,Cabbage,Matale,85.0,4,29.1,165.0,78.75,263.4,3776.2,14.33637053910402
107,2021-04-22,16,2021,Yala,Cabbage,Matale,75.0,4,29.1,165.0,78.75,263.4,3776.2,14.33637053910402
117,2021-04-29,17,2021,Yala,Cabbage,Matale,65.0,4,29.1,165.0,78.75,263.4,3776.2,14.33637053910402
127,2021-05-08,18,2021,Yala,Cabbage,Matale,110.0,5,28.2,467.9,90.0,263.4,3776.2,14.33637053910402
152,2021-07-10,27,2021,Yala,Cabbage,Matale,75.0,7,28.2,103.5,83.0,263.4,3776.2,14.33637053910402
162,2021-07-15,28,2021,Yala,Cabbage,Matale,85.0,7,28.2,103.5,83.0,263.4,3776.2,14.33637053910402
172,2021-07-22,29,2021,Yala,Cabbage,Matale,90.0,7,28.2,103.5,83.0,263.4,3776.2,14.33637053910402
182,2021-07-29,30,2021,Yala,Cabbage,Matale,95.0,7,28.2,103.5,83.0,263.4,3776.2,14.33637053910402
192,2021-08-04,31,2021,Yala,Cabbage,Matale,65.0,8,28.0,81.3,79.5,263.4,3776.2,14.33637053910402
202,2021-08-07,31,2021,Yala,Cabbage,Matale,100.0,8,28.0,81.3,79.5,263.4,3776.2,14.33637053910402
212,2021-08-19,33,2021,Yala,Cabbage,Matale,110.0,8,28.0,81.3,79.5,263.4,3776.2,14.33637053910402
222,2021-09-09,36,2021,Maha,Cabbage,Matale,90.0,9,27.9,194.0,81.5,73.9,824.5,11.15696887686062
232,2021-09-16,37,2021,Maha,Cabbage,Matale,80.0,9,27.9,194.0,81.5,73.9,824.5,11.15696887686062
242,2021-09-23,38,2021,Maha,Cabbage,Matale,95.0,9,27.9,194.0,81.5,73.9,824.5,11.15696887686062
252,2021-09-30,39,2021,Maha,Cabbage,Matale,80.0,9,27.9,194.0,81.5,73.9,824.5,11.15696887686062
262,2021-10-14,41,2021,Maha,Cabbage,Matale,80.0,10,27.5,318.2,84.5,73.9,824.5,11.15696887686062
272,2021-10-21,42,2021,Maha,Cabbage,Matale,75.0,10,27.5,318.2,84.5,73.9,824.5,11.15696887686062
282,2021-10-28,43,2021,Maha,Cabbage,Matale,75.0,10,27.5,318.2,84.5,73.9,824.5,11.15696887686062
287,2021-11-02,44,2021,Maha,Cabbage,Matale,55.0,11,26.2,717.6,82.5,73.9,824.5,11.15696887686062
297,2021-11-11,45,2021,Maha,Cabbage,Matale,110.0,11,26.2,717.6,82.5,73.9,824.5,11.15696887686062
307,2021-11-18,46,2021,Maha,Cabbage,Matale,135.0,11,26.2,717.6,82.5,73.9,824.5,11.15696887686062
317,2021-11-25,47,2021,Maha,Cabbage,Matale,205.0,11,26.2,717.6,82.5,73.9,824.5,11.15696887686062
327,2021-12-08,49,2021,Maha,Cabbage,Matale,110.0,12,27.2,47.7,76.5,73.9,824.5,11.15696887686062
332,2021-12-16,50,2021,Maha,Cabbage,Matale,280.0,12,27.2,47.7,76.5,73.9,824.5,11.15696887686062
342,2021-12-23,51,2021,Maha,Cabbage,Matale,235.0,12,27.2,47.7,76.5,73.9,824.5,11.15696887686062
352,2021-12-30,52,2021,Maha,Cabbage,Matale,210.0,12,27.2,47.7,76.5,73.9,824.5,11.15696887686062
362,2022-01-09,1,2022,Maha,Cabbage,Matale,295.0,1,27.7,9.0,73.0,104.8,1466.9,13.99713740458015
372,2022-01-12,2,2022,Maha,Cabbage,Matale,190.0,1,27.7,9.0,73.0,104.8,1466.9,13.99713740458015
382,2022-01-13,2,2022,Maha,Cabbage,Matale,165.0,1,27.7,9.0,73.0,104.8,1466.9,13.99713740458015
392,2022-01-20,3,2022,Maha,Cabbage,Matale,165.0,1,27.7,9.0,73.0,104.8,1466.9,13.99713740458015
402,2022-01-27,4,2022,Maha,Cabbage,Matale,130.0,1,27.7,9.0,73.0,104.8,1466.9,13.99713740458015
412,2022-02-06,5,2022,Maha,Cabbage,Matale,200.0,2,27.8,15.0,69.0,104.8,1466.9,13.99713740458015
422,2022-02-17,7,2022,Maha,Cabbage,Matale,120.0,2,27.8,15.0,69.0,104.8,1466.9,13.99713740458015
432,2022-02-24,8,2022,Maha,Cabbage,Matale,70.0,2,27.8,15.0,69.0,104.8,1466.9,13.99713740458015
442,2022-03-02,9,2022,Maha,Cabbage,Matale,210.0,3,29.8,104.0,71.5,104.8,1466.9,13.99713740458015
452,2022-03-03,9,2022,Maha,Cabbage,Matale,73.0,3,29.8,104.0,71.5,104.8,1466.9,13.99713740458015
462,2022-03-11,10,2022,Maha,Cabbage,Matale,190.0,3,29.8,104.0,71.5,104.8,1466.9,13.99713740458015
472,2022-03-17,11,2022,Maha,Cabbage,Matale,75.0,3,29.8,104.0,71.5,104.8,1466.9,13.99713740458015
482,2022-03-24,12,2022,Maha,Cabbage,Matale,62.0,3,29.8,104.0,71.5,104.8,1466.9,13.99713740458015
492,2022-03-31,13,2022,Maha,Cabbage,Matale,50.0,3,29.8,104.0,71.5,104.8,1466.9,13.99713740458015
502,2022-04-08,14,2022,Yala,Cabbage,Matale,185.0,4,28.6,332.3,81.5,122.2,1734.7,14.19558101472995
512,2022-04-21,16,2022,Yala,Cabbage,Matale,45.0,4,28.6,332.3,81.5,122.2,1734.7,14.19558101472995
522,2022-05-05,18,2022,Yala,Cabbage,Matale,60.0,5,28.4,295.85,82.5,122.2,1734.7,14.19558101472995
532,2022-05-19,20,2022,Yala,Cabbage,Matale,150.0,5,28.4,295.85,82.5,122.2,1734.7,14.19558101472995
542,2022-05-26,21,2022,Yala,Cabbage,Matale,135.0,5,28.4,295.85,82.5,122.2,1734.7,14.19558101472995
552,2022-06-10,23,2022,Yala,Cabbage,Matale,320.0,6,28.3,75.5,79.5,122.2,1734.7,14.19558101472995
562,2022-06-16,24,2022,Yala,Cabbage,Matale,225.0,6,28.3,75.5,79.5,122.2,1734.7,14.19558101472995
572,2022-06-23,25,2022,Yala,Cabbage,Matale,190.0,6,28.3,75.5,79.5,122.2,1734.7,14.19558101472995
582,2022-06-30,26,2022,Yala,Cabbage,Matale,185.0,6,28.3,75.5,79.5,122.2,1734.7,14.19558101472995
592,2022-07-04,27,2022,Yala,Cabbage,Matale,50.0,7,28.3,124.7,78.5,122.2,1734.7,14.19558101472995
602,2022-07-07,27,2022,Yala,Cabbage,Matale,195.0,7,28.3,124.7,78.5,122.2,1734.7,14.19558101472995
612,2022-07-14,28,2022,Yala,Cabbage,Matale,225.0,7,28.3,124.7,78.5,122.2,1734.7,14.19558101472995
622,2022-07-21,29,2022,Yala,Cabbage,Matale,230.0,7,28.3,124.7,78.5,122.2,1734.7,14.19558101472995
632,2022-07-28,30,2022,Yala,Cabbage,Matale,185.0,7,28.3,124.7,78.5,122.2,1734.7,14.19558101472995
642,2022-08-09,32,2022,Yala,Cabbage,Matale,235.0,8,27.5,266.8,81.0,122.2,1734.7,14.19558101472995
652,2022-08-12,32,2022,Yala,Cabbage,Matale,130.0,8,27.5,266.8,81.0,122.2,1734.7,14.19558101472995
662,2022-08-18,33,2022,Yala,Cabbage,Matale,325.0,8,27.5,266.8,81.0,122.2,1734.7,14.19558101472995
672,2022-08-25,34,2022,Yala,Cabbage,Matale,325.0,8,27.5,266.8,81.0,122.2,1734.7,14.19558101472995
682,2022-09-06,36,2022,Maha,Cabbage,Matale,235.0,9,27.8,208.3,78.0,104.8,1466.9,13.99713740458015
692,2022-09-15,37,2022,Maha,Cabbage,Matale,265.0,9,27.8,208.3,78.0,104.8,1466.9,13.99713740458015
702,2022-09-22,38,2022,Maha,Cabbage,Matale,305.0,9,27.8,208.3,78.0,104.8,1466.9,13.99713740458015
712,2022-09-29,39,2022,Maha,Cabbage,Matale,280.0,9,27.8,208.3,78.0,104.8,1466.9,13.99713740458015
722,2022-10-02,39,2022,Maha,Cabbage,Matale,165.0,10,27.2,315.2,83.0,104.8,1466.9,13.99713740458015
732,2022-10-03,40,2022,Maha,Cabbage,Matale,73.0,10,27.2,315.2,83.0,104.8,1466.9,13.99713740458015
742,2022-10-11,41,2022,Maha,Cabbage,Matale,165.0,10,27.2,315.2,83.0,104.8,1466.9,13.99713740458015
752,2022-10-13,41,2022,Maha,Cabbage,Matale,245.0,10,27.2,315.2,83.0,104.8,1466.9,13.99713740458015
762,2022-10-20,42,2022,Maha,Cabbage,Matale,170.0,10,27.2,315.2,83.0,104.8,1466.9,13.99713740458015
772,2022-10-27,43,2022,Maha,Cabbage,Matale,150.0,10,27.2,315.2,83.0,104.8,1466.9,13.99713740458015
782,2022-11-08,45,2022,Maha,Cabbage,Matale,260.0,11,26.8,260.0,82.0,104.8,1466.9,13.99713740458015
792,2022-11-17,46,2022,Maha,Cabbage,Matale,125.0,11,26.8,260.0,82.0,104.8,1466.9,13.99713740458015
802,2022-11-24,47,2022,Maha,Cabbage,Matale,150.0,11,26.8,260.0,82.0,104.8,1466.9,13.99713740458015
812,2022-12-15,50,2022,Maha,Cabbage,Matale,100.0,12,26.0,273.2,83.5,104.8,1466.9,13.99713740458015
822,2022-12-22,51,2022,Maha,Cabbage,Matale,95.0,12,26.0,273.2,83.5,104.8,1466.9,13.99713740458015
832,2022-12-29,52,2022,Maha,Cabbage,Matale,85.0,12,26.0,273.2,83.5,104.8,1466.9,13.99713740458015
842,2023-01-12,2,2023,Maha,Cabbage,Matale,60.0,1,26.1,19.3,76.5,59.8,886.1,14.81772575250836
852,2023-01-19,3,2023,Maha,Cabbage,Matale,43.0,1,26.1,19.3,76.5,59.8,886.1,14.81772575250836
862,2023-01-26,4,2023,Maha,Cabbage,Matale,43.0,1,26.1,19.3,76.5,59.8,886.1,14.81772575250836
872,2023-02-02,5,2023,Maha,Cabbage,Matale,33.0,2,27.3,23.6,74.5,59.8,886.1,14.81772575250836
882,2023-02-09,6,2023,Maha,Cabbage,Matale,35.0,2,27.3,23.6,74.5,59.8,886.1,14.81772575250836
892,2023-02-16,7,2023,Maha,Cabbage,Matale,35.0,2,27.3,23.6,74.5,59.8,886.1,14.81772575250836
902,2023-02-23,8,2023,Maha,Cabbage,Matale,50.0,2,27.3,23.6,74.5,59.8,886.1,14.81772575250836
912,2023-03-02,9,2023,Maha,Cabbage,Matale,45.0,3,29.0,99.6,74.5,59.8,886.1,14.81772575250836
922,2023-03-09,10,2023,Maha,Cabbage,Matale,53.0,3,29.0,99.6,74.5,59.8,886.1,14.81772575250836
932,2023-03-16,11,2023,Maha,Cabbage,Matale,55.0,3,29.0,99.6,74.5,59.8,886.1,14.81772575250836
942,2023-03-23,12,2023,Maha,Cabbage,Matale,55.0,3,29.0,99.6,74.5,59.8,886.1,14.81772575250836
952,2023-03-30,13,2023,Maha,Cabbage,Matale,80.0,3,29.0,99.6,74.5,59.8,886.1,14.81772575250836
962,2023-04-06,14,2023,Yala,Cabbage,Matale,75.0,4,34.4,365.4,79.0,145.6,2010.4,13.80769230769231
972,2023-04-20,16,2023,Yala,Cabbage,Matale,130.0,4,34.4,365.4,79.0,145.6,2010.4,13.80769230769231
982,2023-04-27,17,2023,Yala,Cabbage,Matale,110.0,4,34.4,365.4,79.0,145.6,2010.4,13.80769230769231
992,2023-05-04,18,2023,Yala,Cabbage,Matale,125.0,5,29.1,143.6,80.5,145.6,2010.4,13.80769230769231
1002,2023-05-11,19,2023,Yala,Cabbage,Matale,160.0,5,29.1,143.6,80.5,145.6,2010.4,13.80769230769231
1012,2023-05-18,20,2023,Yala,Cabbage,Matale,190.0,5,29.1,143.6,80.5,145.6,2010.4,13.80769230769231
1022,2023-05-25,21,2023,Yala,Cabbage,Matale,285.0,5,29.1,143.6,80.5,145.6,2010.4,13.80769230769231
1032,2023-06-01,22,2023,Yala,Cabbage,Matale,280.0,6,29.2,93.6,79.5,145.6,2010.4,13.80769230769231
1042,2023-06-08,23,2023,Yala,Cabbage,Matale,285.0,6,29.2,93.6,79.5,145.6,2010.4,13.80769230769231
1052,2023-06-15,24,2023,Yala,Cabbage,Matale,155.0,6,29.2,93.6,79.5,145.6,2010.4,13.80769230769231
1068,2023-06-22,25,2023,Yala,Cabbage,Matale,140.0,6,29.2,93.6,79.5,145.6,2010.4,13.80769230769231
1069,2023-06-22,25,2023,Yala,Cabbage,Matale,140.0,6,29.2,93.6,79.5,145.6,2010.4,13.80769230769231
1082,2023-06-29,26,2023,Yala,Cabbage,Matale,165.0,6,29.2,93.6,79.5,145.6,2010.4,13.80769230769231
1092,2023-07-06,27,2023,Yala,Cabbage,Matale,170.0,7,28.6,64.8,78.5,145.6,2010.4,13.80769230769231
1102,2023-07-13,28,2023,Yala,Cabbage,Matale,135.0,7,28.6,64.8,78.5,145.6,2010.4,13.80769230769231
1112,2023-07-20,29,2023,Yala,Cabbage,Matale,135.0,7,28.6,64.8,78.5,145.6,2010.4,13.80769230769231
1122,2023-07-27,30,2023,Yala,Cabbage,Matale,130.0,7,28.6,64.8,78.5,145.6,2010.4,13.80769230769231
1132,2023-08-03,31,2023,Yala,Cabbage,Matale,125.0,8,29.7,46.5,72.5,145.6,2010.4,13.80769230769231
1142,2023-08-10,32,2023,Yala,Cabbage,Matale,160.0,8,29.7,46.5,72.5,145.6,2010.4,13.80769230769231
1152,2023-08-17,33,2023,Yala,Cabbage,Matale,125.0,8,29.7,46.5,72.5,145.6,2010.4,13.80769230769231
1162,2023-08-24,34,2023,Yala,Cabbage,Matale,145.0,8,29.7,46.5,72.5,145.6,2010.4,13.80769230769231
1172,2023-08-31,35,2023,Yala,Cabbage,Matale,120.0,8,29.7,46.5,72.5,145.6,2010.4,13.80769230769231
1182,2023-09-07,36,2023,Maha,Cabbage,Matale,70.0,9,27.5,310.8,85.0,59.8,886.1,14.81772575250836
1192,2023-09-14,37,2023,Maha,Cabbage,Matale,60.0,9,27.5,310.8,85.0,59.8,886.1,14.81772575250836
1202,2023-09-21,38,2023,Maha,Cabbage,Matale,55.0,9,27.5,310.8,85.0,59.8,886.1,14.81772575250836
1212,2023-09-28,39,2023,Maha,Cabbage,Matale,55.0,9,27.5,310.8,85.0,59.8,886.1,14.81772575250836
1222,2023-10-05,40,2023,Maha,Cabbage,Matale,70.0,10,27.6,489.1,87.0,59.8,886.1,14.81772575250836
1232,2023-10-12,41,2023,Maha,Cabbage,Matale,55.0,10,27.6,489.1,87.0,59.8,886.1,14.81772575250836
1242,2023-10-19,42,2023,Maha,Cabbage,Matale,65.0,10,27.6,489.1,87.0,59.8,886.1,14.81772575250836
1252,2023-10-26,43,2023,Maha,Cabbage,Matale,120.0,10,27.6,489.1,87.0,59.8,886.1,14.81772575250836
1262,2023-11-02,44,2023,Maha,Cabbage,Matale,140.0,11,27.9,538.4,87.0,59.8,886.1,14.81772575250836
1272,2023-11-09,45,2023,Maha,Cabbage,Matale,175.0,11,27.9,538.4,87.0,59.8,886.1,14.81772575250836
1282,2023-11-16,46,2023,Maha,Cabbage,Matale,200.0,11,27.9,538.4,87.0,59.8,886.1,14.81772575250836
1292,2023-11-23,47,2023,Maha,Cabbage,Matale,265.0,11,27.9,538.4,87.0,59.8,886.1,14.81772575250836
1302,2023-11-30,48,2023,Maha,Cabbage,Matale,280.0,11,27.9,538.4,87.0,59.8,886.1,14.81772575250836
1312,2023-12-07,49,2023,Maha,Cabbage,Matale,280.0,12,27.4,205.4,86.0,59.8,886.1,14.81772575250836
1322,2023-12-14,50,2023,Maha,Cabbage,Matale,300.0,12,27.4,205.4,86.0,59.8,886.1,14.81772575250836
1332,2023-12-21,51,2023,Maha,Cabbage,Matale,315.0,12,27.4,205.4,86.0,59.8,886.1,14.81772575250836
1342,2023-12-28,52,2023,Maha,Cabbage,Matale,340.0,12,27.4,205.4,86.0,59.8,886.1,14.81772575250836
1352,2024-01-04,1,2024,Maha,Cabbage,Matale,375.0,1,27.1,232.4,80.0,154.8,1997.3,12.90245478036176
1362,2024-01-11,2,2024,Maha,Cabbage,Matale,435.0,1,27.1,232.4,80.0,154.8,1997.3,12.90245478036176
1372,2024-01-18,3,2024,Maha,Cabbage,Matale,640.0,1,27.1,232.4,80.0,154.8,1997.3,12.90245478036176
1382,2024-01-25,4,2024,Maha,Cabbage,Matale,465.0,1,27.1,232.4,80.0,154.8,1997.3,12.90245478036176
1392,2024-02-01,5,2024,Maha,Cabbage,Matale,625.0,2,28.8,8.5,72.0,154.8,1997.3,12.90245478036176
1402,2024-02-08,6,2024,Maha,Cabbage,Matale,385.0,2,28.8,8.5,72.0,154.8,1997.3,12.90245478036176
1412,2024-02-15,7,2024,Maha,Cabbage,Matale,325.0,2,28.8,8.5,72.0,154.8,1997.3,12.90245478036176
1422,2024-02-22,8,2024,Maha,Cabbage,Matale,325.0,2,28.8,8.5,72.0,154.8,1997.3,12.90245478036176
1432,2024-02-29,9,2024,Maha,Cabbage,Matale,300.0,2,28.8,8.5,72.0,154.8,1997.3,12.90245478036176
1442,2024-03-07,10,2024,Maha,Cabbage,Matale,310.0,3,30.7,13.7,69.0,154.8,1997.3,12.90245478036176
1452,2024-03-14,11,2024,Maha,Cabbage,Matale,390.0,3,30.7,13.7,69.0,154.8,1997.3,12.90245478036176
1462,2024-03-21,12,2024,Maha,Cabbage,Matale,305.0,3,30.7,13.7,69.0,154.8,1997.3,12.90245478036176
1472,2024-03-28,13,2024,Maha,Cabbage,Matale,200.0,3,30.7,13.7,69.0,154.8,1997.3,12.90245478036176
1482,2024-04-04,14,2024,Yala,Cabbage,Matale,115.0,4,30.6,241.2,78.5,159.3,2300.8,14.44318895166353
1488,2024-04-11,15,2024,Yala,Cabbage,Matale,140.0,4,30.6,241.2,78.5,159.3,2300.8,14.44318895166353
1497,2024-04-25,17,2024,Yala,Cabbage,Matale,105.0,4,30.6,241.2,78.5,159.3,2300.8,14.44318895166353
1507,2024-05-02,18,2024,Yala,Cabbage,Matale,85.0,5,28.8,448.1,86.5,159.3,2300.8,14.44318895166353
1522,2024-05-16,20,2024,Yala,Cabbage,Matale,85.0,5,28.8,448.1,86.5,159.3,2300.8,14.44318895166353
1533,2024-05-23,21,2024,Yala,Cabbage,Matale,85.0,5,28.8,448.1,86.5,159.3,2300.8,14.44318895166353
1534,2024-05-23,21,2024,Yala,Cabbage,Matale,85.0,5,28.8,448.1,86.5,159.3,2300.8,14.44318895166353
1547,2024-05-30,22,2024,Yala,Cabbage,Matale,120.0,5,28.8,448.1,86.5,159.3,2300.8,14.44318895166353
1557,2024-06-06,23,2024,Yala,Cabbage,Matale,100.0,6,28.4,136.5,83.5,159.3,2300.8,14.44318895166353
1567,2024-06-13,24,2024,Yala,Cabbage,Matale,135.0,6,28.4,136.5,83.5,159.3,2300.8,14.44318895166353
1577,2024-06-20,25,2024,Yala,Cabbage,Matale,175.0,6,28.4,136.5,83.5,159.3,2300.8,14.44318895166353
1587,2024-06-27,26,2024,Yala,Cabbage,Matale,180.0,6,28.4,136.5,83.5,159.3,2300.8,14.44318895166353
1597,2024-07-04,27,2024,Yala,Cabbage,Matale,160.0,7,28.6,141.9,79.5,159.3,2300.8,14.44318895166353
1607,2024-07-11,28,2024,Yala,Cabbage,Matale,200.0,7,28.6,141.9,79.5,159.3,2300.8,14.44318895166353
1617,2024-07-18,29,2024,Yala,Cabbage,Matale,235.0,7,28.6,141.9,79.5,159.3,2300.8,14.44318895166353
1627,2024-07-25,30,2024,Yala,Cabbage,Matale,260.0,7,28.6,141.9,79.5,159.3,2300.8,14.44318895166353
1637,2024-08-01,31,2024,Yala,Cabbage,Matale,280.0,8,28.4,200.0,82.5,159.3,2300.8,14.44318895166353
1647,2024-08-08,32,2024,Yala,Cabbage,Matale,270.0,8,28.4,200.0,82.5,159.3,2300.8,14.44318895166353
1657,2024-08-15,33,2024,Yala,Cabbage,Matale,200.0,8,28.4,200.0,82.5,159.3,2300.8,14.44318895166353
1667,2024-08-22,34,2024,Yala,Cabbage,Matale,155.0,8,28.4,200.0,82.5,159.3,2300.8,14.44318895166353
1677,2024-08-29,35,2024,Yala,Cabbage,Matale,120.0,8,28.4,200.0,82.5,159.3,2300.8,14.44318895166353
1687,2024-09-05,36,2024,Maha,Cabbage,Matale,150.0,9,28.7,82.3,81.0,154.8,1997.3,12.90245478036176
1697,2024-09-12,37,2024,Maha,Cabbage,Matale,160.0,9,28.7,82.3,81.0,154.8,1997.3,12.90245478036176
1707,2024-09-19,38,2024,Maha,Cabbage,Matale,165.0,9,28.7,82.3,81.0,154.8,1997.3,12.90245478036176
1717,2024-09-26,39,2024,Maha,Cabbage,Matale,55.0,9,28.7,82.3,81.0,154.8,1997.3,12.90245478036176
1727,2024-10-03,40,2024,Maha,Cabbage,Matale,155.0,10,27.9,190.1,83.5,154.8,1997.3,12.90245478036176
1737,2024-10-10,41,2024,Maha,Cabbage,Matale,105.0,10,27.9,190.1,83.5,154.8,1997.3,12.90245478036176
1747,2024-10-17,42,2024,Maha,Cabbage,Matale,100.0,10,27.9,190.1,83.5,154.8,1997.3,12.90245478036176
1757,2024-10-24,43,2024,Maha,Cabbage,Matale,90.0,10,27.9,190.1,83.5,154.8,1997.3,12.90245478036176
1767,2024-10-31,44,2024,Maha,Cabbage,Matale,110.0,10,27.9,190.1,83.5,154.8,1997.3,12.90245478036176
1777,2024-11-07,45,2024,Maha,Cabbage,Matale,75.0,11,27.1,658.2,87.5,154.8,1997.3,12.90245478036176
1787,2024-11-14,46,2024,Maha,Cabbage,Matale,80.0,11,27.1,658.2,87.5,154.8,1997.3,12.90245478036176
1797,2024-11-21,47,2024,Maha,Cabbage,Matale,85.0,11,27.1,658.2,87.5,154.8,1997.3,12.90245478036176
1807,2024-11-28,48,2024,Maha,Cabbage,Matale,70.0,11,27.1,658.2,87.5,154.8,1997.3,12.90245478036176
1817,2024-12-05,49,2024,Maha,Cabbage,Matale,100.0,12,27.3,144.3,82.0,154.8,1997.3,12.90245478036176
1827,2024-12-12,50,2024,Maha,Cabbage,Matale,130.0,12,27.3,144.3,82.0,154.8,1997.3,12.90245478036176
1837,2024-12-19,51,2024,Maha,Cabbage,Matale,200.0,12,27.3,144.3,82.0,154.8,1997.3,12.90245478036176
1847,2024-12-26,52,2024,Maha,Cabbage,Matale,110.0,12,27.3,144.3,82.0,154.8,1997.3,12.90245478036176
1857,2025-01-09,2,2025,Maha,Cabbage,Matale,95.0,1,24.0,397.7,72.5,96.2,1414.3,14.7016632016632
1867,2025-01-16,3,2025,Maha,Cabbage,Matale,120.0,1,24.0,397.7,72.5,96.2,1414.3,14.7016632016632
1877,2025-01-23,4,2025,Maha,Cabbage,Matale,115.0,1,24.0,397.7,72.5,96.2,1414.3,14.7016632016632
1887,2025-01-30,5,2025,Maha,Cabbage,Matale,155.0,1,24.0,397.7,72.5,96.2,1414.3,14.7016632016632
1897,2025-02-06,6,2025,Maha,Cabbage,Matale,240.0,2,24.0,61.1,66.0,96.2,1414.3,14.7016632016632
1907,2025-02-13,7,2025,Maha,Cabbage,Matale,220.0,2,24.0,61.1,66.0,96.2,1414.3,14.7016632016632
1922,2025-02-27,9,2025,Maha,Cabbage,Matale,275.0,2,24.0,61.1,66.0,96.2,1414.3,14.7016632016632
1932,2025-03-06,10,2025,Maha,Cabbage,Matale,275.0,3,26.0,82.5,64.0,96.2,1414.3,14.7016632016632
1942,2025-03-13,11,2025,Maha,Cabbage,Matale,240.0,3,26.0,82.5,64.0,96.2,1414.3,14.7016632016632
1952,2025-03-20,12,2025,Maha,Cabbage,Matale,225.0,3,26.0,82.5,64.0,96.2,1414.3,14.7016632016632
1962,2025-03-27,13,2025,Maha,Cabbage,Matale,225.0,3,26.0,82.5,64.0,96.2,1414.3,14.7016632016632
1972,2025-04-03,14,2025,Yala,Cabbage,Matale,215.0,4,26.0,204.7,73.5,158.4,2291.9,14.46906565656566
1982,2025-04-10,15,2025,Yala,Cabbage,Matale,190.0,4,26.0,204.7,73.5,158.4,2291.9,14.46906565656566
1992,2025-04-24,17,2025,Yala,Cabbage,Matale,235.0,4,26.0,204.7,73.5,158.4,2291.9,14.46906565656566
2002,2025-05-01,18,2025,Yala,Cabbage,Matale,285.0,5,27.0,55.7,71.0,158.4,2291.9,14.46906565656566
2012,2025-05-08,19,2025,Yala,Cabbage,Matale,325.0,5,27.0,55.7,71.0,158.4,2291.9,14.46906565656566
2022,2025-05-15,20,2025,Yala,Cabbage,Matale,325.0,5,27.0,55.7,71.0,158.4,2291.9,14.46906565656566
2032,2025-05-22,21,2025,Yala,Cabbage,Matale,315.0,5,27.0,55.7,71.0,158.4,2291.9,14.46906565656566
2042,2025-05-29,22,2025,Yala,Cabbage,Matale,250.0,5,27.0,55.7,71.0,158.4,2291.9,14.46906565656566
2057,2025-06-12,24,2025,Yala,Cabbage,Matale,325.0,6,27.0,35.9,69.0,158.4,2291.9,14.46906565656566
2067,2025-06-19,25,2025,Yala,Cabbage,Matale,305.0,6,27.0,35.9,69.0,158.4,2291.9,14.46906565656566
2077,2025-06-26,26,2025,Yala,Cabbage,Matale,175.0,6,27.0,35.9,69.0,158.4,2291.9,14.46906565656566
2087,2025-07-03,27,2025,Yala,Cabbage,Matale,196.0,7,27.0,44.0,68.0,158.4,2291.9,14.46906565656566
2097,2025-07-10,28,2025,Yala,Cabbage,Matale,300.0,7,27.0,44.0,68.0,158.4,2291.9,14.46906565656566
2107,2025-07-17,29,2025,Yala,Cabbage,Matale,165.0,7,27.0,44.0,68.0,158.4,2291.9,14.46906565656566
2117,2025-07-24,30,2025,Yala,Cabbage,Matale,160.0,7,27.0,44.0,68.0,158.4,2291.9,14.46906565656566
2127,2025-07-31,31,2025,Yala,Cabbage,Matale,150.0,7,27.0,44.0,68.0,158.4,2291.9,14.46906565656566
2137,2025-08-07,32,2025,Yala,Cabbage,Matale,175.0,8,27.0,46.9,67.5,158.4,2291.9,14.46906565656566
2147,2025-08-14,33,2025,Yala,Cabbage,Matale,175.0,8,27.0,46.9,67.5,158.4,2291.9,14.46906565656566
2157,2025-08-21,34,2025,Yala,Cabbage,Matale,145.0,8,27.0,46.9,67.5,158.4,2291.9,14.46906565656566
2167,2025-08-28,35,2025,Yala,Cabbage,Matale,175.0,8,27.0,46.9,67.5,158.4,2291.9,14.46906565656566
2177,2025-09-04,36,2025,Maha,Cabbage,Matale,160.0,9,27.0,70.8,70.0,96.2,1414.3,14.7016632016632
2187,2025-09-11,37,2025,Maha,Cabbage,Matale,145.0,9,27.0,70.8,70.0,96.2,1414.3,14.7016632016632
2197,2025-09-18,38,2025,Maha,Cabbage,Matale,105.0,9,27.0,70.8,70.0,96.2,1414.3,14.7016632016632
2207,2025-09-25,39,2025,Maha,Cabbage,Matale,85.0,9,27.0,70.8,70.0,96.2,1414.3,14.7016632016632
2217,2025-10-02,40,2025,Maha,Cabbage,Matale,70.0,10,26.0,343.5,80.0,96.2,1414.3,14.7016632016632
2227,2025-10-09,41,2025,Maha,Cabbage,Matale,90.0,10,26.0,343.5,80.0,96.2,1414.3,14.7016632016632
2237,2025-10-16,42,2025,Maha,Cabbage,Matale,80.0,10,26.0,343.5,80.0,96.2,1414.3,14.7016632016632
2247,2025-10-23,43,2025,Maha,Cabbage,Matale,75.0,10,26.0,343.5,80.0,96.2,1414.3,14.7016632016632
2257,2025-10-30,44,2025,Maha,Cabbage,Matale,90.0,10,26.0,343.5,80.0,96.2,1414.3,14.7016632016632
2267,2025-11-06,45,2025,Maha,Cabbage,Matale,85.0,11,25.0,634.7,83.5,96.2,1414.3,14.7016632016632
2277,2025-11-13,46,2025,Maha,Cabbage,Matale,110.0,11,25.0,634.7,83.5,96.2,1414.3,14.7016632016632
2287,2025-11-20,47,2025,Maha,Cabbage,Matale,90.0,11,25.0,634.7,83.5,96.2,1414.3,14.7016632016632
2297,2025-12-04,49,2025,Maha,Cabbage,Matale,85.0,12,24.0,241.0,78.0,96.2,1414.3,14.7016632016632
3,2021-01-04,1,2021,Maha,Carrots,Kandy,125.0,1,24.5,143.1,87.0,43.2,365.5,8.460648148148147
13,2021-01-07,1,2021,Maha,Carrots,Kandy,135.0,1,24.5,143.1,87.0,43.2,365.5,8.460648148148147
23,2021-01-28,4,2021,Maha,Carrots,Kandy,135.0,1,24.5,143.1,87.0,43.2,365.5,8.460648148148147
28,2021-02-12,6,2021,Maha,Carrots,Kandy,285.0,2,25.0,54.6,80.5,43.2,365.5,8.460648148148147
38,2021-02-18,7,2021,Maha,Carrots,Kandy,145.0,2,25.0,54.6,80.5,43.2,365.5,8.460648148148147
48,2021-02-25,8,2021,Maha,Carrots,Kandy,105.0,2,25.0,54.6,80.5,43.2,365.5,8.460648148148147
58,2021-03-18,11,2021,Maha,Carrots,Kandy,135.0,3,26.0,86.4,80.5,43.2,365.5,8.460648148148147
68,2021-03-25,12,2021,Maha,Carrots,Kandy,135.0,3,26.0,86.4,80.5,43.2,365.5,8.460648148148147
83,2021-04-03,13,2021,Yala,Carrots,Kandy,155.0,4,26.4,285.6,83.5,54.3,1227.9,22.61325966850829
93,2021-04-11,14,2021,Yala,Carrots,Kandy,155.0,4,26.4,285.6,83.5,54.3,1227.9,22.61325966850829
103,2021-04-22,16,2021,Yala,Carrots,Kandy,135.0,4,26.4,285.6,83.5,54.3,1227.9,22.61325966850829
113,2021-04-29,17,2021,Yala,Carrots,Kandy,60.0,4,26.4,285.6,83.5,54.3,1227.9,22.61325966850829
123,2021-05-08,18,2021,Yala,Carrots,Kandy,95.0,5,26.1,326.9,87.5,54.3,1227.9,22.61325966850829
133,2021-05-13,19,2021,Yala,Carrots,Kandy,95.0,5,26.1,326.9,87.5,54.3,1227.9,22.61325966850829
138,2021-05-20,20,2021,Yala,Carrots,Kandy,125.0,5,26.1,326.9,87.5,54.3,1227.9,22.61325966850829
143,2021-06-05,22,2021,Yala,Carrots,Kandy,115.0,6,25.5,125.4,85.0,54.3,1227.9,22.61325966850829
148,2021-07-10,27,2021,Yala,Carrots,Kandy,85.0,7,25.6,165.1,85.5,54.3,1227.9,22.61325966850829
158,2021-07-15,28,2021,Yala,Carrots,Kandy,110.0,7,25.6,165.1,85.5,54.3,1227.9,22.61325966850829
168,2021-07-22,29,2021,Yala,Carrots,Kandy,95.0,7,25.6,165.1,85.5,54.3,1227.9,22.61325966850829
178,2021-07-29,30,2021,Yala,Carrots,Kandy,125.0,7,25.6,165.1,85.5,54.3,1227.9,22.61325966850829
188,2021-08-04,31,2021,Yala,Carrots,Kandy,135.0,8,25.2,136.6,85.5,54.3,1227.9,22.61325966850829
198,2021-08-07,31,2021,Yala,Carrots,Kandy,110.0,8,25.2,136.6,85.5,54.3,1227.9,22.61325966850829
208,2021-08-19,33,2021,Yala,Carrots,Kandy,95.0,8,25.2,136.6,85.5,54.3,1227.9,22.61325966850829
218,2021-09-09,36,2021,Maha,Carrots,Kandy,90.0,9,25.3,162.6,86.5,43.2,365.5,8.460648148148147
228,2021-09-16,37,2021,Maha,Carrots,Kandy,95.0,9,25.3,162.6,86.5,43.2,365.5,8.460648148148147
238,2021-09-23,38,2021,Maha,Carrots,Kandy,95.0,9,25.3,162.6,86.5,43.2,365.5,8.460648148148147
248,2021-09-30,39,2021,Maha,Carrots,Kandy,75.0,9,25.3,162.6,86.5,43.2,365.5,8.460648148148147
258,2021-10-14,41,2021,Maha,Carrots,Kandy,85.0,10,25.4,438.5,88.5,43.2,365.5,8.460648148148147
268,2021-10-21,42,2021,Maha,Carrots,Kandy,85.0,10,25.4,438.5,88.5,43.2,365.5,8.460648148148147
278,2021-10-28,43,2021,Maha,Carrots,Kandy,115.0,10,25.4,438.5,88.5,43.2,365.5,8.460648148148147
293,2021-11-11,45,2021,Maha,Carrots,Kandy,190.0,11,24.7,451.6,90.0,43.2,365.5,8.460648148148147
303,2021-11-18,46,2021,Maha,Carrots,Kandy,210.0,11,24.7,451.6,90.0,43.2,365.5,8.460648148148147
313,2021-11-25,47,2021,Maha,Carrots,Kandy,310.0,11,24.7,451.6,90.0,43.2,365.5,8.460648148148147
323,2021-12-08,49,2021,Maha,Carrots,Kandy,95.0,12,25.2,46.4,84.0,43.2,365.5,8.460648148148147
338,2021-12-23,51,2021,Maha,Carrots,Kandy,385.0,12,25.2,46.4,84.0,43.2,365.5,8.460648148148147
348,2021-12-30,52,2021,Maha,Carrots,Kandy,385.0,12,25.2,46.4,84.0,43.2,365.5,8.460648148148147
358,2022-01-09,1,2022,Maha,Carrots,Kandy,270.0,1,24.8,14.2,79.5,44.0,262.9,5.975
368,2022-01-12,2,2022,Maha,Carrots,Kandy,350.0,1,24.8,14.2,79.5,44.0,262.9,5.975
378,2022-01-13,2,2022,Maha,Carrots,Kandy,310.0,1,24.8,14.2,79.5,44.0,262.9,5.975
388,2022-01-20,3,2022,Maha,Carrots,Kandy,390.0,1,24.8,14.2,79.5,44.0,262.9,5.975
398,2022-01-27,4,2022,Maha,Carrots,Kandy,335.0,1,24.8,14.2,79.5,44.0,262.9,5.975
408,2022-02-06,5,2022,Maha,Carrots,Kandy,275.0,2,25.0,29.4,78.0,44.0,262.9,5.975
418,2022-02-17,7,2022,Maha,Carrots,Kandy,415.0,2,25.0,29.4,78.0,44.0,262.9,5.975
428,2022-02-24,8,2022,Maha,Carrots,Kandy,360.0,2,25.0,29.4,78.0,44.0,262.9,5.975
438,2022-03-02,9,2022,Maha,Carrots,Kandy,335.0,3,26.5,80.0,80.0,44.0,262.9,5.975
448,2022-03-03,9,2022,Maha,Carrots,Kandy,265.0,3,26.5,80.0,80.0,44.0,262.9,5.975
458,2022-03-11,10,2022,Maha,Carrots,Kandy,265.0,3,26.5,80.0,80.0,44.0,262.9,5.975
468,2022-03-17,11,2022,Maha,Carrots,Kandy,190.0,3,26.5,80.0,80.0,44.0,262.9,5.975
478,2022-03-24,12,2022,Maha,Carrots,Kandy,170.0,3,26.5,80.0,80.0,44.0,262.9,5.975
488,2022-03-31,13,2022,Maha,Carrots,Kandy,140.0,3,26.5,80.0,80.0,44.0,262.9,5.975
498,2022-04-08,14,2022,Yala,Carrots,Kandy,255.0,4,26.3,250.2,85.5,46.4,1030.5,22.20905172413793
508,2022-04-21,16,2022,Yala,Carrots,Kandy,125.0,4,26.3,250.2,85.5,46.4,1030.5,22.20905172413793
518,2022-05-05,18,2022,Yala,Carrots,Kandy,110.0,5,25.5,230.55,84.5,46.4,1030.5,22.20905172413793
528,2022-05-19,20,2022,Yala,Carrots,Kandy,235.0,5,25.5,230.55,84.5,46.4,1030.5,22.20905172413793
538,2022-05-26,21,2022,Yala,Carrots,Kandy,245.0,5,25.5,230.55,84.5,46.4,1030.5,22.20905172413793
548,2022-06-10,23,2022,Yala,Carrots,Kandy,310.0,6,25.5,19.5,83.0,46.4,1030.5,22.20905172413793
558,2022-06-16,24,2022,Yala,Carrots,Kandy,270.0,6,25.5,19.5,83.0,46.4,1030.5,22.20905172413793
568,2022-06-23,25,2022,Yala,Carrots,Kandy,235.0,6,25.5,19.5,83.0,46.4,1030.5,22.20905172413793
578,2022-06-30,26,2022,Yala,Carrots,Kandy,245.0,6,25.5,19.5,83.0,46.4,1030.5,22.20905172413793
588,2022-07-04,27,2022,Yala,Carrots,Kandy,145.0,7,25.5,157.5,82.5,46.4,1030.5,22.20905172413793
598,2022-07-07,27,2022,Yala,Carrots,Kandy,245.0,7,25.5,157.5,82.5,46.4,1030.5,22.20905172413793
608,2022-07-14,28,2022,Yala,Carrots,Kandy,260.0,7,25.5,157.5,82.5,46.4,1030.5,22.20905172413793
618,2022-07-21,29,2022,Yala,Carrots,Kandy,270.0,7,25.5,157.5,82.5,46.4,1030.5,22.20905172413793
628,2022-07-28,30,2022,Yala,Carrots,Kandy,255.0,7,25.5,157.5,82.5,46.4,1030.5,22.20905172413793
638,2022-08-09,32,2022,Yala,Carrots,Kandy,255.0,8,25.0,265.0,84.0,46.4,1030.5,22.20905172413793
648,2022-08-12,32,2022,Yala,Carrots,Kandy,265.0,8,25.0,265.0,84.0,46.4,1030.5,22.20905172413793
658,2022-08-18,33,2022,Yala,Carrots,Kandy,295.0,8,25.0,265.0,84.0,46.4,1030.5,22.20905172413793
668,2022-08-25,34,2022,Yala,Carrots,Kandy,255.0,8,25.0,265.0,84.0,46.4,1030.5,22.20905172413793
678,2022-09-06,36,2022,Maha,Carrots,Kandy,270.0,9,24.9,171.9,82.5,44.0,262.9,5.975
688,2022-09-15,37,2022,Maha,Carrots,Kandy,290.0,9,24.9,171.9,82.5,44.0,262.9,5.975
698,2022-09-22,38,2022,Maha,Carrots,Kandy,310.0,9,24.9,171.9,82.5,44.0,262.9,5.975
708,2022-09-29,39,2022,Maha,Carrots,Kandy,260.0,9,24.9,171.9,82.5,44.0,262.9,5.975
718,2022-10-02,39,2022,Maha,Carrots,Kandy,370.0,10,24.7,249.7,87.0,44.0,262.9,5.975
728,2022-10-03,40,2022,Maha,Carrots,Kandy,290.0,10,24.7,249.7,87.0,44.0,262.9,5.975
738,2022-10-11,41,2022,Maha,Carrots,Kandy,285.0,10,24.7,249.7,87.0,44.0,262.9,5.975
748,2022-10-13,41,2022,Maha,Carrots,Kandy,310.0,10,24.7,249.7,87.0,44.0,262.9,5.975
758,2022-10-20,42,2022,Maha,Carrots,Kandy,265.0,10,24.7,249.7,87.0,44.0,262.9,5.975
768,2022-10-27,43,2022,Maha,Carrots,Kandy,285.0,10,24.7,249.7,87.0,44.0,262.9,5.975
778,2022-11-08,45,2022,Maha,Carrots,Kandy,240.0,11,24.6,292.4,85.5,44.0,262.9,5.975
788,2022-11-17,46,2022,Maha,Carrots,Kandy,360.0,11,24.6,292.4,85.5,44.0,262.9,5.975
798,2022-11-24,47,2022,Maha,Carrots,Kandy,365.0,11,24.6,292.4,85.5,44.0,262.9,5.975
808,2022-12-15,50,2022,Maha,Carrots,Kandy,270.0,12,23.7,292.3,87.5,44.0,262.9,5.975
818,2022-12-22,51,2022,Maha,Carrots,Kandy,250.0,12,23.7,292.3,87.5,44.0,262.9,5.975
828,2022-12-29,52,2022,Maha,Carrots,Kandy,290.0,12,23.7,292.3,87.5,44.0,262.9,5.975
838,2023-01-12,2,2023,Maha,Carrots,Kandy,155.0,1,23.5,45.3,83.5,40.5,523.7,12.93086419753087
848,2023-01-19,3,2023,Maha,Carrots,Kandy,170.0,1,23.5,45.3,83.5,40.5,523.7,12.93086419753087
858,2023-01-26,4,2023,Maha,Carrots,Kandy,115.0,1,23.5,45.3,83.5,40.5,523.7,12.93086419753087
868,2023-02-02,5,2023,Maha,Carrots,Kandy,100.0,2,24.4,90.5,82.0,40.5,523.7,12.93086419753087
878,2023-02-09,6,2023,Maha,Carrots,Kandy,110.0,2,24.4,90.5,82.0,40.5,523.7,12.93086419753087
888,2023-02-16,7,2023,Maha,Carrots,Kandy,110.0,2,24.4,90.5,82.0,40.5,523.7,12.93086419753087
898,2023-02-23,8,2023,Maha,Carrots,Kandy,150.0,2,24.4,90.5,82.0,40.5,523.7,12.93086419753087
908,2023-03-02,9,2023,Maha,Carrots,Kandy,105.0,3,26.2,66.5,81.0,40.5,523.7,12.93086419753087
918,2023-03-09,10,2023,Maha,Carrots,Kandy,105.0,3,26.2,66.5,81.0,40.5,523.7,12.93086419753087
928,2023-03-16,11,2023,Maha,Carrots,Kandy,100.0,3,26.2,66.5,81.0,40.5,523.7,12.93086419753087
938,2023-03-23,12,2023,Maha,Carrots,Kandy,95.0,3,26.2,66.5,81.0,40.5,523.7,12.93086419753087
948,2023-03-30,13,2023,Maha,Carrots,Kandy,95.0,3,26.2,66.5,81.0,40.5,523.7,12.93086419753087
958,2023-04-06,14,2023,Yala,Carrots,Kandy,110.0,4,27.0,149.9,84.0,41.8,1006.5,24.07894736842105
968,2023-04-20,16,2023,Yala,Carrots,Kandy,135.0,4,27.0,149.9,84.0,41.8,1006.5,24.07894736842105
978,2023-04-27,17,2023,Yala,Carrots,Kandy,135.0,4,27.0,149.9,84.0,41.8,1006.5,24.07894736842105
988,2023-05-04,18,2023,Yala,Carrots,Kandy,130.0,5,26.6,134.2,85.0,41.8,1006.5,24.07894736842105
998,2023-05-11,19,2023,Yala,Carrots,Kandy,130.0,5,26.6,134.2,85.0,41.8,1006.5,24.07894736842105
1008,2023-05-18,20,2023,Yala,Carrots,Kandy,240.0,5,26.6,134.2,85.0,41.8,1006.5,24.07894736842105
1018,2023-05-25,21,2023,Yala,Carrots,Kandy,270.0,5,26.6,134.2,85.0,41.8,1006.5,24.07894736842105
1028,2023-06-01,22,2023,Yala,Carrots,Kandy,290.0,6,26.1,72.8,84.5,41.8,1006.5,24.07894736842105
1038,2023-06-08,23,2023,Yala,Carrots,Kandy,305.0,6,26.1,72.8,84.5,41.8,1006.5,24.07894736842105
1048,2023-06-15,24,2023,Yala,Carrots,Kandy,310.0,6,26.1,72.8,84.5,41.8,1006.5,24.07894736842105
1060,2023-06-22,25,2023,Yala,Carrots,Kandy,290.0,6,26.1,72.8,84.5,41.8,1006.5,24.07894736842105
1061,2023-06-22,25,2023,Yala,Carrots,Kandy,290.0,6,26.1,72.8,84.5,41.8,1006.5,24.07894736842105
1078,2023-06-29,26,2023,Yala,Carrots,Kandy,365.0,6,26.1,72.8,84.5,41.8,1006.5,24.07894736842105
1088,2023-07-06,27,2023,Yala,Carrots,Kandy,425.0,7,25.8,64.2,480.5,41.8,1006.5,24.07894736842105
1098,2023-07-13,28,2023,Yala,Carrots,Kandy,390.0,7,25.8,64.2,480.5,41.8,1006.5,24.07894736842105
1108,2023-07-20,29,2023,Yala,Carrots,Kandy,410.0,7,25.8,64.2,480.5,41.8,1006.5,24.07894736842105
1118,2023-07-27,30,2023,Yala,Carrots,Kandy,430.0,7,25.8,64.2,480.5,41.8,1006.5,24.07894736842105
1128,2023-08-03,31,2023,Yala,Carrots,Kandy,440.0,8,26.5,27.1,76.5,41.8,1006.5,24.07894736842105
1138,2023-08-10,32,2023,Yala,Carrots,Kandy,390.0,8,26.5,27.1,76.5,41.8,1006.5,24.07894736842105
1148,2023-08-17,33,2023,Yala,Carrots,Kandy,370.0,8,26.5,27.1,76.5,41.8,1006.5,24.07894736842105
1158,2023-08-24,34,2023,Yala,Carrots,Kandy,300.0,8,26.5,27.1,76.5,41.8,1006.5,24.07894736842105
1168,2023-08-31,35,2023,Yala,Carrots,Kandy,275.0,8,26.5,27.1,76.5,41.8,1006.5,24.07894736842105
1178,2023-09-07,36,2023,Maha,Carrots,Kandy,205.0,9,25.2,175.1,86.0,40.5,523.7,12.93086419753087
1188,2023-09-14,37,2023,Maha,Carrots,Kandy,190.0,9,25.2,175.1,86.0,40.5,523.7,12.93086419753087
1198,2023-09-21,38,2023,Maha,Carrots,Kandy,155.0,9,25.2,175.1,86.0,40.5,523.7,12.93086419753087
1208,2023-09-28,39,2023,Maha,Carrots,Kandy,120.0,9,25.2,175.1,86.0,40.5,523.7,12.93086419753087
1218,2023-10-05,40,2023,Maha,Carrots,Kandy,215.0,10,25.5,505.5,88.5,40.5,523.7,12.93086419753087
1228,2023-10-12,41,2023,Maha,Carrots,Kandy,160.0,10,25.5,505.5,88.5,40.5,523.7,12.93086419753087
1238,2023-10-19,42,2023,Maha,Carrots,Kandy,160.0,10,25.5,505.5,88.5,40.5,523.7,12.93086419753087
1248,2023-10-26,43,2023,Maha,Carrots,Kandy,175.0,10,25.5,505.5,88.5,40.5,523.7,12.93086419753087
1258,2023-11-02,44,2023,Maha,Carrots,Kandy,260.0,11,26.0,545.5,88.5,40.5,523.7,12.93086419753087
1268,2023-11-09,45,2023,Maha,Carrots,Kandy,240.0,11,26.0,545.5,88.5,40.5,523.7,12.93086419753087
1278,2023-11-16,46,2023,Maha,Carrots,Kandy,315.0,11,26.0,545.5,88.5,40.5,523.7,12.93086419753087
1288,2023-11-23,47,2023,Maha,Carrots,Kandy,280.0,11,26.0,545.5,88.5,40.5,523.7,12.93086419753087
1298,2023-11-30,48,2023,Maha,Carrots,Kandy,300.0,11,26.0,545.5,88.5,40.5,523.7,12.93086419753087
1308,2023-12-07,49,2023,Maha,Carrots,Kandy,290.0,12,25.3,388.2,89.0,40.5,523.7,12.93086419753087
1318,2023-12-14,50,2023,Maha,Carrots,Kandy,310.0,12,25.3,388.2,89.0,40.5,523.7,12.93086419753087
1328,2023-12-21,51,2023,Maha,Carrots,Kandy,410.0,12,25.3,388.2,89.0,40.5,523.7,12.93086419753087
1338,2023-12-28,52,2023,Maha,Carrots,Kandy,575.0,12,25.3,388.2,89.0,40.5,523.7,12.93086419753087
1348,2024-01-04,1,2024,Maha,Carrots,Kandy,610.0,1,25.0,171.9,84.75,37.9,480.4,12.6754617414248
1358,2024-01-11,2,2024,Maha,Carrots,Kandy,740.0,1,25.0,171.9,84.75,37.9,480.4,12.6754617414248
1368,2024-01-18,3,2024,Maha,Carrots,Kandy,1550.0,1,25.0,171.9,84.75,37.9,480.4,12.6754617414248
1378,2024-01-25,4,2024,Maha,Carrots,Kandy,1050.0,1,25.0,171.9,84.75,37.9,480.4,12.6754617414248
1388,2024-02-01,5,2024,Maha,Carrots,Kandy,1175.0,2,25.9,56.4,79.0,37.9,480.4,12.6754617414248
1398,2024-02-08,6,2024,Maha,Carrots,Kandy,725.0,2,25.9,56.4,79.0,37.9,480.4,12.6754617414248
1408,2024-02-15,7,2024,Maha,Carrots,Kandy,625.0,2,25.9,56.4,79.0,37.9,480.4,12.6754617414248
1418,2024-02-22,8,2024,Maha,Carrots,Kandy,360.0,2,25.9,56.4,79.0,37.9,480.4,12.6754617414248
1428,2024-02-29,9,2024,Maha,Carrots,Kandy,425.0,2,25.9,56.4,79.0,37.9,480.4,12.6754617414248
1438,2024-03-07,10,2024,Maha,Carrots,Kandy,290.0,3,27.2,31.0,75.0,37.9,480.4,12.6754617414248
1448,2024-03-14,11,2024,Maha,Carrots,Kandy,340.0,3,27.2,31.0,75.0,37.9,480.4,12.6754617414248
1458,2024-03-21,12,2024,Maha,Carrots,Kandy,290.0,3,27.2,31.0,75.0,37.9,480.4,12.6754617414248
1468,2024-03-28,13,2024,Maha,Carrots,Kandy,265.0,3,27.2,31.0,75.0,37.9,480.4,12.6754617414248
1478,2024-04-04,14,2024,Yala,Carrots,Kandy,250.0,4,28.4,20.5,78.5,42.1,1013.8,24.08076009501188
1493,2024-04-25,17,2024,Yala,Carrots,Kandy,155.0,4,28.4,20.5,78.5,42.1,1013.8,24.08076009501188
1503,2024-05-02,18,2024,Yala,Carrots,Kandy,140.0,5,26.9,343.3,86.0,42.1,1013.8,24.08076009501188
1513,2024-05-11,19,2024,Yala,Carrots,Kandy,265.0,5,26.9,343.3,86.0,42.1,1013.8,24.08076009501188
1518,2024-05-16,20,2024,Yala,Carrots,Kandy,100.0,5,26.9,343.3,86.0,42.1,1013.8,24.08076009501188
1528,2024-05-23,21,2024,Yala,Carrots,Kandy,110.0,5,26.9,343.3,86.0,42.1,1013.8,24.08076009501188
1543,2024-05-30,22,2024,Yala,Carrots,Kandy,135.0,5,26.9,343.3,86.0,42.1,1013.8,24.08076009501188
1553,2024-06-06,23,2024,Yala,Carrots,Kandy,135.0,6,25.9,128.8,85.5,42.1,1013.8,24.08076009501188
1563,2024-06-13,24,2024,Yala,Carrots,Kandy,360.0,6,25.9,128.8,85.5,42.1,1013.8,24.08076009501188
1573,2024-06-20,25,2024,Yala,Carrots,Kandy,345.0,6,25.9,128.8,85.5,42.1,1013.8,24.08076009501188
1583,2024-06-27,26,2024,Yala,Carrots,Kandy,400.0,6,25.9,128.8,85.5,42.1,1013.8,24.08076009501188
1593,2024-07-04,27,2024,Yala,Carrots,Kandy,350.0,7,26.0,134.7,82.5,42.1,1013.8,24.08076009501188
1603,2024-07-11,28,2024,Yala,Carrots,Kandy,340.0,7,26.0,134.7,82.5,42.1,1013.8,24.08076009501188
1613,2024-07-18,29,2024,Yala,Carrots,Kandy,310.0,7,26.0,134.7,82.5,42.1,1013.8,24.08076009501188
1623,2024-07-25,30,2024,Yala,Carrots,Kandy,325.0,7,26.0,134.7,82.5,42.1,1013.8,24.08076009501188
1633,2024-08-01,31,2024,Yala,Carrots,Kandy,310.0,8,25.9,145.7,85.5,42.1,1013.8,24.08076009501188
1643,2024-08-08,32,2024,Yala,Carrots,Kandy,215.0,8,25.9,145.7,85.5,42.1,1013.8,24.08076009501188
1653,2024-08-15,33,2024,Yala,Carrots,Kandy,210.0,8,25.9,145.7,85.5,42.1,1013.8,24.08076009501188
1663,2024-08-22,34,2024,Yala,Carrots,Kandy,185.0,8,25.9,145.7,85.5,42.1,1013.8,24.08076009501188
1673,2024-08-29,35,2024,Yala,Carrots,Kandy,170.0,8,25.9,145.7,85.5,42.1,1013.8,24.08076009501188
1683,2024-09-05,36,2024,Maha,Carrots,Kandy,190.0,9,25.7,95.8,84.5,37.9,480.4,12.6754617414248
1693,2024-09-12,37,2024,Maha,Carrots,Kandy,155.0,9,25.7,95.8,84.5,37.9,480.4,12.6754617414248
1703,2024-09-19,38,2024,Maha,Carrots,Kandy,160.0,9,25.7,95.8,84.5,37.9,480.4,12.6754617414248
1713,2024-09-26,39,2024,Maha,Carrots,Kandy,190.0,9,25.7,95.8,84.5,37.9,480.4,12.6754617414248
1723,2024-10-03,40,2024,Maha,Carrots,Kandy,90.0,10,25.8,142.1,85.5,37.9,480.4,12.6754617414248
1733,2024-10-10,41,2024,Maha,Carrots,Kandy,90.0,10,25.8,142.1,85.5,37.9,480.4,12.6754617414248
1743,2024-10-17,42,2024,Maha,Carrots,Kandy,80.0,10,25.8,142.1,85.5,37.9,480.4,12.6754617414248
1753,2024-10-24,43,2024,Maha,Carrots,Kandy,95.0,10,25.8,142.1,85.5,37.9,480.4,12.6754617414248
1763,2024-10-31,44,2024,Maha,Carrots,Kandy,75.0,10,25.8,142.1,85.5,37.9,480.4,12.6754617414248
1773,2024-11-07,45,2024,Maha,Carrots,Kandy,85.0,11,25.1,608.1,89.0,37.9,480.4,12.6754617414248
1783,2024-11-14,46,2024,Maha,Carrots,Kandy,110.0,11,25.1,608.1,89.0,37.9,480.4,12.6754617414248
1793,2024-11-21,47,2024,Maha,Carrots,Kandy,100.0,11,25.1,608.1,89.0,37.9,480.4,12.6754617414248
1803,2024-11-28,48,2024,Maha,Carrots,Kandy,80.0,11,25.1,608.1,89.0,37.9,480.4,12.6754617414248
1813,2024-12-05,49,2024,Maha,Carrots,Kandy,125.0,12,24.8,150.9,85.5,37.9,480.4,12.6754617414248
1823,2024-12-12,50,2024,Maha,Carrots,Kandy,150.0,12,24.8,150.9,85.5,37.9,480.4,12.6754617414248
1833,2024-12-19,51,2024,Maha,Carrots,Kandy,165.0,12,24.8,150.9,85.5,37.9,480.4,12.6754617414248
1843,2024-12-26,52,2024,Maha,Carrots,Kandy,115.0,12,24.8,150.9,85.5,37.9,480.4,12.6754617414248
1853,2025-01-09,2,2025,Maha,Carrots,Kandy,230.0,1,23.5,304.7,86.35,36.7,462.6,12.60490463215259
1863,2025-01-16,3,2025,Maha,Carrots,Kandy,260.0,1,23.5,304.7,86.35,36.7,462.6,12.60490463215259
1873,2025-01-23,4,2025,Maha,Carrots,Kandy,230.0,1,23.5,304.7,86.35,36.7,462.6,12.60490463215259
1883,2025-01-30,5,2025,Maha,Carrots,Kandy,270.0,1,23.5,304.7,86.35,36.7,462.6,12.60490463215259
1893,2025-02-06,6,2025,Maha,Carrots,Kandy,440.0,2,23.0,14.9,72.5,36.7,462.6,12.60490463215259
1903,2025-02-13,7,2025,Maha,Carrots,Kandy,660.0,2,23.0,14.9,72.5,36.7,462.6,12.60490463215259
1913,2025-02-20,8,2025,Maha,Carrots,Kandy,825.0,2,23.0,14.9,72.5,36.7,462.6,12.60490463215259
1918,2025-02-27,9,2025,Maha,Carrots,Kandy,675.0,2,23.0,14.9,72.5,36.7,462.6,12.60490463215259
1928,2025-03-06,10,2025,Maha,Carrots,Kandy,675.0,3,24.0,73.9,71.0,36.7,462.6,12.60490463215259
1938,2025-03-13,11,2025,Maha,Carrots,Kandy,675.0,3,24.0,73.9,71.0,36.7,462.6,12.60490463215259
1948,2025-03-20,12,2025,Maha,Carrots,Kandy,475.0,3,24.0,73.9,71.0,36.7,462.6,12.60490463215259
1958,2025-03-27,13,2025,Maha,Carrots,Kandy,475.0,3,24.0,73.9,71.0,36.7,462.6,12.60490463215259
1968,2025-04-03,14,2025,Yala,Carrots,Kandy,465.0,4,24.0,233.0,79.0,42.3,478.3,11.30732860520095
1978,2025-04-10,15,2025,Yala,Carrots,Kandy,275.0,4,24.0,233.0,79.0,42.3,478.3,11.30732860520095
1988,2025-04-24,17,2025,Yala,Carrots,Kandy,400.0,4,24.0,233.0,79.0,42.3,478.3,11.30732860520095
1998,2025-05-01,18,2025,Yala,Carrots,Kandy,375.0,5,24.0,124.9,82.5,42.3,478.3,11.30732860520095
2008,2025-05-08,19,2025,Yala,Carrots,Kandy,675.0,5,24.0,124.9,82.5,42.3,478.3,11.30732860520095
2018,2025-05-15,20,2025,Yala,Carrots,Kandy,825.0,5,24.0,124.9,82.5,42.3,478.3,11.30732860520095
2028,2025-05-22,21,2025,Yala,Carrots,Kandy,765.0,5,24.0,124.9,82.5,42.3,478.3,11.30732860520095
2038,2025-05-29,22,2025,Yala,Carrots,Kandy,525.0,5,24.0,124.9,82.5,42.3,478.3,11.30732860520095
2048,2025-06-05,23,2025,Yala,Carrots,Kandy,675.0,6,24.0,96.2,84.0,42.3,478.3,11.30732860520095
2053,2025-06-12,24,2025,Yala,Carrots,Kandy,665.0,6,24.0,96.2,84.0,42.3,478.3,11.30732860520095
2063,2025-06-19,25,2025,Yala,Carrots,Kandy,425.0,6,24.0,96.2,84.0,42.3,478.3,11.30732860520095
2073,2025-06-26,26,2025,Yala,Carrots,Kandy,340.0,6,24.0,96.2,84.0,42.3,478.3,11.30732860520095
2083,2025-07-03,27,2025,Yala,Carrots,Kandy,240.0,7,24.0,190.1,83.0,42.3,478.3,11.30732860520095
2093,2025-07-10,28,2025,Yala,Carrots,Kandy,300.0,7,24.0,190.1,83.0,42.3,478.3,11.30732860520095
2103,2025-07-17,29,2025,Yala,Carrots,Kandy,300.0,7,24.0,190.1,83.0,42.3,478.3,11.30732860520095
2113,2025-07-24,30,2025,Yala,Carrots,Kandy,310.0,7,24.0,190.1,83.0,42.3,478.3,11.30732860520095
2123,2025-07-31,31,2025,Yala,Carrots,Kandy,265.0,7,24.0,190.1,83.0,42.3,478.3,11.30732860520095
2133,2025-08-07,32,2025,Yala,Carrots,Kandy,315.0,8,23.9,77.2,82.0,42.3,478.3,11.30732860520095
2143,2025-08-14,33,2025,Yala,Carrots,Kandy,475.0,8,23.9,77.2,82.0,42.3,478.3,11.30732860520095
2153,2025-08-21,34,2025,Yala,Carrots,Kandy,315.0,8,23.9,77.2,82.0,42.3,478.3,11.30732860520095
2163,2025-08-28,35,2025,Yala,Carrots,Kandy,290.0,8,23.9,77.2,82.0,42.3,478.3,11.30732860520095
2173,2025-09-04,36,2025,Maha,Carrots,Kandy,235.0,9,24.1,110.5,81.5,36.7,462.6,12.60490463215259
2183,2025-09-11,37,2025,Maha,Carrots,Kandy,260.0,9,24.1,110.5,81.5,36.7,462.6,12.60490463215259
2193,2025-09-18,38,2025,Maha,Carrots,Kandy,190.0,9,24.1,110.5,81.5,36.7,462.6,12.60490463215259
2203,2025-09-25,39,2025,Maha,Carrots,Kandy,135.0,9,24.1,110.5,81.5,36.7,462.6,12.60490463215259
2213,2025-10-02,40,2025,Maha,Carrots,Kandy,140.0,10,24.0,284.2,85.0,36.7,462.6,12.60490463215259
2223,2025-10-09,41,2025,Maha,Carrots,Kandy,115.0,10,24.0,284.2,85.0,36.7,462.6,12.60490463215259
2233,2025-10-16,42,2025,Maha,Carrots,Kandy,110.0,10,24.0,284.2,85.0,36.7,462.6,12.60490463215259
2243,2025-10-23,43,2025,Maha,Carrots,Kandy,115.0,10,24.0,284.2,85.0,36.7,462.6,12.60490463215259
2253,2025-10-30,44,2025,Maha,Carrots,Kandy,120.0,10,24.0,284.2,85.0,36.7,462.6,12.60490463215259
2263,2025-11-06,45,2025,Maha,Carrots,Kandy,170.0,11,23.0,615.0,86.5,36.7,462.6,12.60490463215259
2273,2025-11-13,46,2025,Maha,Carrots,Kandy,160.0,11,23.0,615.0,86.5,36.7,462.6,12.60490463215259
2283,2025-11-20,47,2025,Maha,Carrots,Kandy,140.0,11,23.0,615.0,86.5,36.7,462.6,12.60490463215259
2293,2025-12-04,49,2025,Maha,Carrots,Kandy,365.0,12,23.0,96.6,81.5,36.7,462.6,12.60490463215259
8,2021-01-04,1,2021,Maha,Carrots,Matale,120.0,1,26.5,158.9,83.0,0.7,6.5,9.285714285714286
18,2021-01-07,1,2021,Maha,Carrots,Matale,135.0,1,26.5,158.9,83.0,0.7,6.5,9.285714285714286
33,2021-02-12,6,2021,Maha,Carrots,Matale,255.0,2,28.0,3.6,70.5,0.7,6.5,9.285714285714286
43,2021-02-18,7,2021,Maha,Carrots,Matale,130.0,2,28.0,3.6,70.5,0.7,6.5,9.285714285714286
53,2021-02-25,8,2021,Maha,Carrots,Matale,115.0,2,28.0,3.6,70.5,0.7,6.5,9.285714285714286
63,2021-03-18,11,2021,Maha,Carrots,Matale,135.0,3,28.7,66.6,73.5,0.7,6.5,9.285714285714286
73,2021-03-25,12,2021,Maha,Carrots,Matale,125.0,3,28.7,66.6,73.5,0.7,6.5,9.285714285714286
78,2021-04-02,13,2021,Yala,Carrots,Matale,125.0,4,29.1,165.0,78.75,1.0,8.0,8.0
88,2021-04-03,13,2021,Yala,Carrots,Matale,135.0,4,29.1,165.0,78.75,1.0,8.0,8.0
98,2021-04-11,14,2021,Yala,Carrots,Matale,175.0,4,29.1,165.0,78.75,1.0,8.0,8.0
108,2021-04-22,16,2021,Yala,Carrots,Matale,115.0,4,29.1,165.0,78.75,1.0,8.0,8.0
118,2021-04-29,17,2021,Yala,Carrots,Matale,125.0,4,29.1,165.0,78.75,1.0,8.0,8.0
128,2021-05-08,18,2021,Yala,Carrots,Matale,125.0,5,28.2,467.9,90.0,1.0,8.0,8.0
153,2021-07-10,27,2021,Yala,Carrots,Matale,95.0,7,28.2,103.5,83.0,1.0,8.0,8.0
163,2021-07-15,28,2021,Yala,Carrots,Matale,105.0,7,28.2,103.5,83.0,1.0,8.0,8.0
173,2021-07-22,29,2021,Yala,Carrots,Matale,100.0,7,28.2,103.5,83.0,1.0,8.0,8.0
183,2021-07-29,30,2021,Yala,Carrots,Matale,130.0,7,28.2,103.5,83.0,1.0,8.0,8.0
193,2021-08-04,31,2021,Yala,Carrots,Matale,85.0,8,28.0,81.3,79.5,1.0,8.0,8.0
203,2021-08-07,31,2021,Yala,Carrots,Matale,95.0,8,28.0,81.3,79.5,1.0,8.0,8.0
213,2021-08-19,33,2021,Yala,Carrots,Matale,95.0,8,28.0,81.3,79.5,1.0,8.0,8.0
223,2021-09-09,36,2021,Maha,Carrots,Matale,90.0,9,27.9,194.0,81.5,0.7,6.5,9.285714285714286
233,2021-09-16,37,2021,Maha,Carrots,Matale,70.0,9,27.9,194.0,81.5,0.7,6.5,9.285714285714286
243,2021-09-23,38,2021,Maha,Carrots,Matale,75.0,9,27.9,194.0,81.5,0.7,6.5,9.285714285714286
253,2021-09-30,39,2021,Maha,Carrots,Matale,75.0,9,27.9,194.0,81.5,0.7,6.5,9.285714285714286
263,2021-10-14,41,2021,Maha,Carrots,Matale,110.0,10,27.5,318.2,84.5,0.7,6.5,9.285714285714286
273,2021-10-21,42,2021,Maha,Carrots,Matale,100.0,10,27.5,318.2,84.5,0.7,6.5,9.285714285714286
283,2021-10-28,43,2021,Maha,Carrots,Matale,120.0,10,27.5,318.2,84.5,0.7,6.5,9.285714285714286
288,2021-11-02,44,2021,Maha,Carrots,Matale,155.0,11,26.2,717.6,82.5,0.7,6.5,9.285714285714286
298,2021-11-11,45,2021,Maha,Carrots,Matale,200.0,11,26.2,717.6,82.5,0.7,6.5,9.285714285714286
308,2021-11-18,46,2021,Maha,Carrots,Matale,250.0,11,26.2,717.6,82.5,0.7,6.5,9.285714285714286
318,2021-11-25,47,2021,Maha,Carrots,Matale,310.0,11,26.2,717.6,82.5,0.7,6.5,9.285714285714286
328,2021-12-08,49,2021,Maha,Carrots,Matale,125.0,12,27.2,47.7,76.5,0.7,6.5,9.285714285714286
333,2021-12-16,50,2021,Maha,Carrots,Matale,335.0,12,27.2,47.7,76.5,0.7,6.5,9.285714285714286
343,2021-12-23,51,2021,Maha,Carrots,Matale,325.0,12,27.2,47.7,76.5,0.7,6.5,9.285714285714286
353,2021-12-30,52,2021,Maha,Carrots,Matale,415.0,12,27.2,47.7,76.5,0.7,6.5,9.285714285714286
363,2022-01-09,1,2022,Maha,Carrots,Matale,275.0,1,27.7,9.0,73.0,8.8,87.0,9.886363636363635
373,2022-01-12,2,2022,Maha,Carrots,Matale,345.0,1,27.7,9.0,73.0,8.8,87.0,9.886363636363635
383,2022-01-13,2,2022,Maha,Carrots,Matale,240.0,1,27.7,9.0,73.0,8.8,87.0,9.886363636363635
393,2022-01-20,3,2022,Maha,Carrots,Matale,330.0,1,27.7,9.0,73.0,8.8,87.0,9.886363636363635
403,2022-01-27,4,2022,Maha,Carrots,Matale,310.0,1,27.7,9.0,73.0,8.8,87.0,9.886363636363635
413,2022-02-06,5,2022,Maha,Carrots,Matale,290.0,2,27.8,15.0,69.0,8.8,87.0,9.886363636363635
423,2022-02-17,7,2022,Maha,Carrots,Matale,360.0,2,27.8,15.0,69.0,8.8,87.0,9.886363636363635
433,2022-02-24,8,2022,Maha,Carrots,Matale,330.0,2,27.8,15.0,69.0,8.8,87.0,9.886363636363635
443,2022-03-02,9,2022,Maha,Carrots,Matale,320.0,3,29.8,104.0,71.5,8.8,87.0,9.886363636363635
453,2022-03-03,9,2022,Maha,Carrots,Matale,250.0,3,29.8,104.0,71.5,8.8,87.0,9.886363636363635
463,2022-03-11,10,2022,Maha,Carrots,Matale,320.0,3,29.8,104.0,71.5,8.8,87.0,9.886363636363635
473,2022-03-17,11,2022,Maha,Carrots,Matale,215.0,3,29.8,104.0,71.5,8.8,87.0,9.886363636363635
483,2022-03-24,12,2022,Maha,Carrots,Matale,165.0,3,29.8,104.0,71.5,8.8,87.0,9.886363636363635
493,2022-03-31,13,2022,Maha,Carrots,Matale,125.0,3,29.8,104.0,71.5,8.8,87.0,9.886363636363635
503,2022-04-08,14,2022,Yala,Carrots,Matale,180.0,4,28.6,332.3,81.5,0.5,4.9,9.8
513,2022-04-21,16,2022,Yala,Carrots,Matale,110.0,4,28.6,332.3,81.5,0.5,4.9,9.8
523,2022-05-05,18,2022,Yala,Carrots,Matale,150.0,5,28.4,295.85,82.5,0.5,4.9,9.8
533,2022-05-19,20,2022,Yala,Carrots,Matale,225.0,5,28.4,295.85,82.5,0.5,4.9,9.8
543,2022-05-26,21,2022,Yala,Carrots,Matale,225.0,5,28.4,295.85,82.5,0.5,4.9,9.8
553,2022-06-10,23,2022,Yala,Carrots,Matale,305.0,6,28.3,75.5,79.5,0.5,4.9,9.8
563,2022-06-16,24,2022,Yala,Carrots,Matale,280.0,6,28.3,75.5,79.5,0.5,4.9,9.8
573,2022-06-23,25,2022,Yala,Carrots,Matale,220.0,6,28.3,75.5,79.5,0.5,4.9,9.8
583,2022-06-30,26,2022,Yala,Carrots,Matale,225.0,6,28.3,75.5,79.5,0.5,4.9,9.8
593,2022-07-04,27,2022,Yala,Carrots,Matale,155.0,7,28.3,124.7,78.5,0.5,4.9,9.8
603,2022-07-07,27,2022,Yala,Carrots,Matale,200.0,7,28.3,124.7,78.5,0.5,4.9,9.8
613,2022-07-14,28,2022,Yala,Carrots,Matale,250.0,7,28.3,124.7,78.5,0.5,4.9,9.8
623,2022-07-21,29,2022,Yala,Carrots,Matale,240.0,7,28.3,124.7,78.5,0.5,4.9,9.8
633,2022-07-28,30,2022,Yala,Carrots,Matale,195.0,7,28.3,124.7,78.5,0.5,4.9,9.8
643,2022-08-09,32,2022,Yala,Carrots,Matale,260.0,8,27.5,266.8,81.0,0.5,4.9,9.8
653,2022-08-12,32,2022,Yala,Carrots,Matale,275.0,8,27.5,266.8,81.0,0.5,4.9,9.8
663,2022-08-18,33,2022,Yala,Carrots,Matale,290.0,8,27.5,266.8,81.0,0.5,4.9,9.8
673,2022-08-25,34,2022,Yala,Carrots,Matale,275.0,8,27.5,266.8,81.0,0.5,4.9,9.8
683,2022-09-06,36,2022,Maha,Carrots,Matale,245.0,9,27.8,208.3,78.0,8.8,87.0,9.886363636363635
693,2022-09-15,37,2022,Maha,Carrots,Matale,285.0,9,27.8,208.3,78.0,8.8,87.0,9.886363636363635
703,2022-09-22,38,2022,Maha,Carrots,Matale,285.0,9,27.8,208.3,78.0,8.8,87.0,9.886363636363635
713,2022-09-29,39,2022,Maha,Carrots,Matale,305.0,9,27.8,208.3,78.0,8.8,87.0,9.886363636363635
723,2022-10-02,39,2022,Maha,Carrots,Matale,380.0,10,27.2,315.2,83.0,8.8,87.0,9.886363636363635
733,2022-10-03,40,2022,Maha,Carrots,Matale,240.0,10,27.2,315.2,83.0,8.8,87.0,9.886363636363635
743,2022-10-11,41,2022,Maha,Carrots,Matale,300.0,10,27.2,315.2,83.0,8.8,87.0,9.886363636363635
753,2022-10-13,41,2022,Maha,Carrots,Matale,285.0,10,27.2,315.2,83.0,8.8,87.0,9.886363636363635
763,2022-10-20,42,2022,Maha,Carrots,Matale,275.0,10,27.2,315.2,83.0,8.8,87.0,9.886363636363635
773,2022-10-27,43,2022,Maha,Carrots,Matale,275.0,10,27.2,315.2,83.0,8.8,87.0,9.886363636363635
783,2022-11-08,45,2022,Maha,Carrots,Matale,240.0,11,26.8,260.0,82.0,8.8,87.0,9.886363636363635
793,2022-11-17,46,2022,Maha,Carrots,Matale,365.0,11,26.8,260.0,82.0,8.8,87.0,9.886363636363635
803,2022-11-24,47,2022,Maha,Carrots,Matale,335.0,11,26.8,260.0,82.0,8.8,87.0,9.886363636363635
813,2022-12-15,50,2022,Maha,Carrots,Matale,260.0,12,26.0,273.2,83.5,8.8,87.0,9.886363636363635
823,2022-12-22,51,2022,Maha,Carrots,Matale,255.0,12,26.0,273.2,83.5,8.8,87.0,9.886363636363635
833,2022-12-29,52,2022,Maha,Carrots,Matale,200.0,12,26.0,273.2,83.5,8.8,87.0,9.886363636363635
843,2023-01-12,2,2023,Maha,Carrots,Matale,140.0,1,26.1,19.3,76.5,1.2,13.7,11.41666666666667
853,2023-01-19,3,2023,Maha,Carrots,Matale,130.0,1,26.1,19.3,76.5,1.2,13.7,11.41666666666667
863,2023-01-26,4,2023,Maha,Carrots,Matale,120.0,1,26.1,19.3,76.5,1.2,13.7,11.41666666666667
873,2023-02-02,5,2023,Maha,Carrots,Matale,105.0,2,27.3,23.6,74.5,1.2,13.7,11.41666666666667
883,2023-02-09,6,2023,Maha,Carrots,Matale,110.0,2,27.3,23.6,74.5,1.2,13.7,11.41666666666667
893,2023-02-16,7,2023,Maha,Carrots,Matale,105.0,2,27.3,23.6,74.5,1.2,13.7,11.41666666666667
903,2023-02-23,8,2023,Maha,Carrots,Matale,145.0,2,27.3,23.6,74.5,1.2,13.7,11.41666666666667
913,2023-03-02,9,2023,Maha,Carrots,Matale,100.0,3,29.0,99.6,74.5,1.2,13.7,11.41666666666667
923,2023-03-09,10,2023,Maha,Carrots,Matale,105.0,3,29.0,99.6,74.5,1.2,13.7,11.41666666666667
933,2023-03-16,11,2023,Maha,Carrots,Matale,85.0,3,29.0,99.6,74.5,1.2,13.7,11.41666666666667
943,2023-03-23,12,2023,Maha,Carrots,Matale,80.0,3,29.0,99.6,74.5,1.2,13.7,11.41666666666667
953,2023-03-30,13,2023,Maha,Carrots,Matale,120.0,3,29.0,99.6,74.5,1.2,13.7,11.41666666666667
963,2023-04-06,14,2023,Yala,Carrots,Matale,90.0,4,34.4,365.4,79.0,0.5,4.6,9.2
973,2023-04-20,16,2023,Yala,Carrots,Matale,125.0,4,34.4,365.4,79.0,0.5,4.6,9.2
983,2023-04-27,17,2023,Yala,Carrots,Matale,130.0,4,34.4,365.4,79.0,0.5,4.6,9.2
993,2023-05-04,18,2023,Yala,Carrots,Matale,130.0,5,29.1,143.6,80.5,0.5,4.6,9.2
1003,2023-05-11,19,2023,Yala,Carrots,Matale,135.0,5,29.1,143.6,80.5,0.5,4.6,9.2
1013,2023-05-18,20,2023,Yala,Carrots,Matale,200.0,5,29.1,143.6,80.5,0.5,4.6,9.2
1023,2023-05-25,21,2023,Yala,Carrots,Matale,260.0,5,29.1,143.6,80.5,0.5,4.6,9.2
1033,2023-06-01,22,2023,Yala,Carrots,Matale,275.0,6,29.2,93.6,79.5,0.5,4.6,9.2
1043,2023-06-08,23,2023,Yala,Carrots,Matale,300.0,6,29.2,93.6,79.5,0.5,4.6,9.2
1053,2023-06-15,24,2023,Yala,Carrots,Matale,300.0,6,29.2,93.6,79.5,0.5,4.6,9.2
1070,2023-06-22,25,2023,Yala,Carrots,Matale,300.0,6,29.2,93.6,79.5,0.5,4.6,9.2
1071,2023-06-22,25,2023,Yala,Carrots,Matale,300.0,6,29.2,93.6,79.5,0.5,4.6,9.2
1083,2023-06-29,26,2023,Yala,Carrots,Matale,385.0,6,29.2,93.6,79.5,0.5,4.6,9.2
1093,2023-07-06,27,2023,Yala,Carrots,Matale,375.0,7,28.6,64.8,78.5,0.5,4.6,9.2
1103,2023-07-13,28,2023,Yala,Carrots,Matale,375.0,7,28.6,64.8,78.5,0.5,4.6,9.2
1113,2023-07-20,29,2023,Yala,Carrots,Matale,385.0,7,28.6,64.8,78.5,0.5,4.6,9.2
1123,2023-07-27,30,2023,Yala,Carrots,Matale,425.0,7,28.6,64.8,78.5,0.5,4.6,9.2
1133,2023-08-03,31,2023,Yala,Carrots,Matale,405.0,8,29.7,46.5,72.5,0.5,4.6,9.2
1143,2023-08-10,32,2023,Yala,Carrots,Matale,420.0,8,29.7,46.5,72.5,0.5,4.6,9.2
1153,2023-08-17,33,2023,Yala,Carrots,Matale,400.0,8,29.7,46.5,72.5,0.5,4.6,9.2
1163,2023-08-24,34,2023,Yala,Carrots,Matale,290.0,8,29.7,46.5,72.5,0.5,4.6,9.2
1173,2023-08-31,35,2023,Yala,Carrots,Matale,285.0,8,29.7,46.5,72.5,0.5,4.6,9.2
1183,2023-09-07,36,2023,Maha,Carrots,Matale,205.0,9,27.5,310.8,85.0,1.2,13.7,11.41666666666667
1193,2023-09-14,37,2023,Maha,Carrots,Matale,175.0,9,27.5,310.8,85.0,1.2,13.7,11.41666666666667
1203,2023-09-21,38,2023,Maha,Carrots,Matale,150.0,9,27.5,310.8,85.0,1.2,13.7,11.41666666666667
1213,2023-09-28,39,2023,Maha,Carrots,Matale,110.0,9,27.5,310.8,85.0,1.2,13.7,11.41666666666667
1223,2023-10-05,40,2023,Maha,Carrots,Matale,210.0,10,27.6,489.1,87.0,1.2,13.7,11.41666666666667
1233,2023-10-12,41,2023,Maha,Carrots,Matale,150.0,10,27.6,489.1,87.0,1.2,13.7,11.41666666666667
1243,2023-10-19,42,2023,Maha,Carrots,Matale,160.0,10,27.6,489.1,87.0,1.2,13.7,11.41666666666667
1253,2023-10-26,43,2023,Maha,Carrots,Matale,175.0,10,27.6,489.1,87.0,1.2,13.7,11.41666666666667
1263,2023-11-02,44,2023,Maha,Carrots,Matale,260.0,11,27.9,538.4,87.0,1.2,13.7,11.41666666666667
1273,2023-11-09,45,2023,Maha,Carrots,Matale,225.0,11,27.9,538.4,87.0,1.2,13.7,11.41666666666667
1283,2023-11-16,46,2023,Maha,Carrots,Matale,375.0,11,27.9,538.4,87.0,1.2,13.7,11.41666666666667
1293,2023-11-23,47,2023,Maha,Carrots,Matale,280.0,11,27.9,538.4,87.0,1.2,13.7,11.41666666666667
1303,2023-11-30,48,2023,Maha,Carrots,Matale,300.0,11,27.9,538.4,87.0,1.2,13.7,11.41666666666667
1313,2023-12-07,49,2023,Maha,Carrots,Matale,300.0,12,27.4,205.4,86.0,1.2,13.7,11.41666666666667
1323,2023-12-14,50,2023,Maha,Carrots,Matale,275.0,12,27.4,205.4,86.0,1.2,13.7,11.41666666666667
1333,2023-12-21,51,2023,Maha,Carrots,Matale,410.0,12,27.4,205.4,86.0,1.2,13.7,11.41666666666667
1343,2023-12-28,52,2023,Maha,Carrots,Matale,535.0,12,27.4,205.4,86.0,1.2,13.7,11.41666666666667
1353,2024-01-04,1,2024,Maha,Carrots,Matale,600.0,1,27.1,232.4,80.0,0.9,6.6,7.333333333333333
1363,2024-01-11,2,2024,Maha,Carrots,Matale,850.0,1,27.1,232.4,80.0,0.9,6.6,7.333333333333333
1373,2024-01-18,3,2024,Maha,Carrots,Matale,1650.0,1,27.1,232.4,80.0,0.9,6.6,7.333333333333333
1383,2024-01-25,4,2024,Maha,Carrots,Matale,950.0,1,27.1,232.4,80.0,0.9,6.6,7.333333333333333
1393,2024-02-01,5,2024,Maha,Carrots,Matale,1425.0,2,28.8,8.5,72.0,0.9,6.6,7.333333333333333
1403,2024-02-08,6,2024,Maha,Carrots,Matale,700.0,2,28.8,8.5,72.0,0.9,6.6,7.333333333333333
1413,2024-02-15,7,2024,Maha,Carrots,Matale,525.0,2,28.8,8.5,72.0,0.9,6.6,7.333333333333333
1423,2024-02-22,8,2024,Maha,Carrots,Matale,400.0,2,28.8,8.5,72.0,0.9,6.6,7.333333333333333
1433,2024-02-29,9,2024,Maha,Carrots,Matale,335.0,2,28.8,8.5,72.0,0.9,6.6,7.333333333333333
1443,2024-03-07,10,2024,Maha,Carrots,Matale,310.0,3,30.7,13.7,69.0,0.9,6.6,7.333333333333333
1453,2024-03-14,11,2024,Maha,Carrots,Matale,290.0,3,30.7,13.7,69.0,0.9,6.6,7.333333333333333
1463,2024-03-21,12,2024,Maha,Carrots,Matale,290.0,3,30.7,13.7,69.0,0.9,6.6,7.333333333333333
1473,2024-03-28,13,2024,Maha,Carrots,Matale,270.0,3,30.7,13.7,69.0,0.9,6.6,7.333333333333333
1483,2024-04-04,14,2024,Yala,Carrots,Matale,255.0,4,30.6,241.2,78.5,0.9,9.2,10.22222222222222
1489,2024-04-11,15,2024,Yala,Carrots,Matale,225.0,4,30.6,241.2,78.5,0.9,9.2,10.22222222222222
1498,2024-04-25,17,2024,Yala,Carrots,Matale,185.0,4,30.6,241.2,78.5,0.9,9.2,10.22222222222222
1508,2024-05-02,18,2024,Yala,Carrots,Matale,175.0,5,28.8,448.1,86.5,0.9,9.2,10.22222222222222
1523,2024-05-16,20,2024,Yala,Carrots,Matale,115.0,5,28.8,448.1,86.5,0.9,9.2,10.22222222222222
1535,2024-05-23,21,2024,Yala,Carrots,Matale,135.0,5,28.8,448.1,86.5,0.9,9.2,10.22222222222222
1536,2024-05-23,21,2024,Yala,Carrots,Matale,135.0,5,28.8,448.1,86.5,0.9,9.2,10.22222222222222
1548,2024-05-30,22,2024,Yala,Carrots,Matale,150.0,5,28.8,448.1,86.5,0.9,9.2,10.22222222222222
1558,2024-06-06,23,2024,Yala,Carrots,Matale,145.0,6,28.4,136.5,83.5,0.9,9.2,10.22222222222222
1568,2024-06-13,24,2024,Yala,Carrots,Matale,340.0,6,28.4,136.5,83.5,0.9,9.2,10.22222222222222
1578,2024-06-20,25,2024,Yala,Carrots,Matale,375.0,6,28.4,136.5,83.5,0.9,9.2,10.22222222222222
1588,2024-06-27,26,2024,Yala,Carrots,Matale,415.0,6,28.4,136.5,83.5,0.9,9.2,10.22222222222222
1598,2024-07-04,27,2024,Yala,Carrots,Matale,385.0,7,28.6,141.9,79.5,0.9,9.2,10.22222222222222
1608,2024-07-11,28,2024,Yala,Carrots,Matale,340.0,7,28.6,141.9,79.5,0.9,9.2,10.22222222222222
1618,2024-07-18,29,2024,Yala,Carrots,Matale,390.0,7,28.6,141.9,79.5,0.9,9.2,10.22222222222222
1628,2024-07-25,30,2024,Yala,Carrots,Matale,375.0,7,28.6,141.9,79.5,0.9,9.2,10.22222222222222
1638,2024-08-01,31,2024,Yala,Carrots,Matale,315.0,8,28.4,200.0,82.5,0.9,9.2,10.22222222222222
1648,2024-08-08,32,2024,Yala,Carrots,Matale,210.0,8,28.4,200.0,82.5,0.9,9.2,10.22222222222222
1658,2024-08-15,33,2024,Yala,Carrots,Matale,200.0,8,28.4,200.0,82.5,0.9,9.2,10.22222222222222
1668,2024-08-22,34,2024,Yala,Carrots,Matale,180.0,8,28.4,200.0,82.5,0.9,9.2,10.22222222222222
1678,2024-08-29,35,2024,Yala,Carrots,Matale,160.0,8,28.4,200.0,82.5,0.9,9.2,10.22222222222222
1688,2024-09-05,36,2024,Maha,Carrots,Matale,180.0,9,28.7,82.3,81.0,0.9,6.6,7.333333333333333
1698,2024-09-12,37,2024,Maha,Carrots,Matale,175.0,9,28.7,82.3,81.0,0.9,6.6,7.333333333333333
1708,2024-09-19,38,2024,Maha,Carrots,Matale,160.0,9,28.7,82.3,81.0,0.9,6.6,7.333333333333333
1718,2024-09-26,39,2024,Maha,Carrots,Matale,145.0,9,28.7,82.3,81.0,0.9,6.6,7.333333333333333
1728,2024-10-03,40,2024,Maha,Carrots,Matale,90.0,10,27.9,190.1,83.5,0.9,6.6,7.333333333333333
1738,2024-10-10,41,2024,Maha,Carrots,Matale,85.0,10,27.9,190.1,83.5,0.9,6.6,7.333333333333333
1748,2024-10-17,42,2024,Maha,Carrots,Matale,80.0,10,27.9,190.1,83.5,0.9,6.6,7.333333333333333
1758,2024-10-24,43,2024,Maha,Carrots,Matale,80.0,10,27.9,190.1,83.5,0.9,6.6,7.333333333333333
1768,2024-10-31,44,2024,Maha,Carrots,Matale,80.0,10,27.9,190.1,83.5,0.9,6.6,7.333333333333333
1778,2024-11-07,45,2024,Maha,Carrots,Matale,80.0,11,27.1,658.2,87.5,0.9,6.6,7.333333333333333
1788,2024-11-14,46,2024,Maha,Carrots,Matale,95.0,11,27.1,658.2,87.5,0.9,6.6,7.333333333333333
1798,2024-11-21,47,2024,Maha,Carrots,Matale,105.0,11,27.1,658.2,87.5,0.9,6.6,7.333333333333333
1808,2024-11-28,48,2024,Maha,Carrots,Matale,95.0,11,27.1,658.2,87.5,0.9,6.6,7.333333333333333
1818,2024-12-05,49,2024,Maha,Carrots,Matale,115.0,12,27.3,144.3,82.0,0.9,6.6,7.333333333333333
1828,2024-12-12,50,2024,Maha,Carrots,Matale,140.0,12,27.3,144.3,82.0,0.9,6.6,7.333333333333333
1838,2024-12-19,51,2024,Maha,Carrots,Matale,140.0,12,27.3,144.3,82.0,0.9,6.6,7.333333333333333
1848,2024-12-26,52,2024,Maha,Carrots,Matale,120.0,12,27.3,144.3,82.0,0.9,6.6,7.333333333333333
1858,2025-01-09,2,2025,Maha,Carrots,Matale,185.0,1,24.0,397.7,72.5,0.9,9.0,10.0
1868,2025-01-16,3,2025,Maha,Carrots,Matale,185.0,1,24.0,397.7,72.5,0.9,9.0,10.0
1878,2025-01-23,4,2025,Maha,Carrots,Matale,205.0,1,24.0,397.7,72.5,0.9,9.0,10.0
1888,2025-01-30,5,2025,Maha,Carrots,Matale,250.0,1,24.0,397.7,72.5,0.9,9.0,10.0
1898,2025-02-06,6,2025,Maha,Carrots,Matale,365.0,2,24.0,61.1,66.0,0.9,9.0,10.0
1908,2025-02-13,7,2025,Maha,Carrots,Matale,540.0,2,24.0,61.1,66.0,0.9,9.0,10.0
1923,2025-02-27,9,2025,Maha,Carrots,Matale,750.0,2,24.0,61.1,66.0,0.9,9.0,10.0
1933,2025-03-06,10,2025,Maha,Carrots,Matale,675.0,3,26.0,82.5,64.0,0.9,9.0,10.0
1943,2025-03-13,11,2025,Maha,Carrots,Matale,650.0,3,26.0,82.5,64.0,0.9,9.0,10.0
1953,2025-03-20,12,2025,Maha,Carrots,Matale,600.0,3,26.0,82.5,64.0,0.9,9.0,10.0
1963,2025-03-27,13,2025,Maha,Carrots,Matale,600.0,3,26.0,82.5,64.0,0.9,9.0,10.0
1973,2025-04-03,14,2025,Yala,Carrots,Matale,525.0,4,26.0,204.7,73.5,1.1,9.1,8.272727272727272
1983,2025-04-10,15,2025,Yala,Carrots,Matale,340.0,4,26.0,204.7,73.5,1.1,9.1,8.272727272727272
1993,2025-04-24,17,2025,Yala,Carrots,Matale,300.0,4,26.0,204.7,73.5,1.1,9.1,8.272727272727272
2003,2025-05-01,18,2025,Yala,Carrots,Matale,425.0,5,27.0,55.7,71.0,1.1,9.1,8.272727272727272
2013,2025-05-08,19,2025,Yala,Carrots,Matale,725.0,5,27.0,55.7,71.0,1.1,9.1,8.272727272727272
2023,2025-05-15,20,2025,Yala,Carrots,Matale,800.0,5,27.0,55.7,71.0,1.1,9.1,8.272727272727272
2033,2025-05-22,21,2025,Yala,Carrots,Matale,750.0,5,27.0,55.7,71.0,1.1,9.1,8.272727272727272
2043,2025-05-29,22,2025,Yala,Carrots,Matale,575.0,5,27.0,55.7,71.0,1.1,9.1,8.272727272727272
2058,2025-06-12,24,2025,Yala,Carrots,Matale,600.0,6,27.0,35.9,69.0,1.1,9.1,8.272727272727272
2068,2025-06-19,25,2025,Yala,Carrots,Matale,500.0,6,27.0,35.9,69.0,1.1,9.1,8.272727272727272
2078,2025-06-26,26,2025,Yala,Carrots,Matale,325.0,6,27.0,35.9,69.0,1.1,9.1,8.272727272727272
2088,2025-07-03,27,2025,Yala,Carrots,Matale,195.0,7,27.0,44.0,68.0,1.1,9.1,8.272727272727272
2098,2025-07-10,28,2025,Yala,Carrots,Matale,300.0,7,27.0,44.0,68.0,1.1,9.1,8.272727272727272
2108,2025-07-17,29,2025,Yala,Carrots,Matale,275.0,7,27.0,44.0,68.0,1.1,9.1,8.272727272727272
2118,2025-07-24,30,2025,Yala,Carrots,Matale,265.0,7,27.0,44.0,68.0,1.1,9.1,8.272727272727272
2128,2025-07-31,31,2025,Yala,Carrots,Matale,245.0,7,27.0,44.0,68.0,1.1,9.1,8.272727272727272
2138,2025-08-07,32,2025,Yala,Carrots,Matale,300.0,8,27.0,46.9,67.5,1.1,9.1,8.272727272727272
2148,2025-08-14,33,2025,Yala,Carrots,Matale,535.0,8,27.0,46.9,67.5,1.1,9.1,8.272727272727272
2158,2025-08-21,34,2025,Yala,Carrots,Matale,340.0,8,27.0,46.9,67.5,1.1,9.1,8.272727272727272
2168,2025-08-28,35,2025,Yala,Carrots,Matale,265.0,8,27.0,46.9,67.5,1.1,9.1,8.272727272727272
2178,2025-09-04,36,2025,Maha,Carrots,Matale,240.0,9,27.0,70.8,70.0,0.9,9.0,10.0
2188,2025-09-11,37,2025,Maha,Carrots,Matale,225.0,9,27.0,70.8,70.0,0.9,9.0,10.0
2198,2025-09-18,38,2025,Maha,Carrots,Matale,170.0,9,27.0,70.8,70.0,0.9,9.0,10.0
2208,2025-09-25,39,2025,Maha,Carrots,Matale,105.0,9,27.0,70.8,70.0,0.9,9.0,10.0
2218,2025-10-02,40,2025,Maha,Carrots,Matale,135.0,10,26.0,343.5,80.0,0.9,9.0,10.0
2228,2025-10-09,41,2025,Maha,Carrots,Matale,135.0,10,26.0,343.5,80.0,0.9,9.0,10.0
2238,2025-10-16,42,2025,Maha,Carrots,Matale,100.0,10,26.0,343.5,80.0,0.9,9.0,10.0
2248,2025-10-23,43,2025,Maha,Carrots,Matale,120.0,10,26.0,343.5,80.0,0.9,9.0,10.0
2258,2025-10-30,44,2025,Maha,Carrots,Matale,120.0,10,26.0,343.5,80.0,0.9,9.0,10.0
2268,2025-11-06,45,2025,Maha,Carrots,Matale,150.0,11,25.0,634.7,83.5,0.9,9.0,10.0
2278,2025-11-13,46,2025,Maha,Carrots,Matale,145.0,11,25.0,634.7,83.5,0.9,9.0,10.0
2288,2025-11-20,47,2025,Maha,Carrots,Matale,110.0,11,25.0,634.7,83.5,0.9,9.0,10.0
2298,2025-12-04,49,2025,Maha,Carrots,Matale,375.0,12,24.0,241.0,78.0,0.9,9.0,10.0
4,2021-01-04,1,2021,Maha,Leeks,Kandy,75.0,1,24.5,143.1,87.0,22.2,327.0,14.72972972972973
14,2021-01-07,1,2021,Maha,Leeks,Kandy,165.0,1,24.5,143.1,87.0,22.2,327.0,14.72972972972973
24,2021-01-28,4,2021,Maha,Leeks,Kandy,55.0,1,24.5,143.1,87.0,22.2,327.0,14.72972972972973
29,2021-02-12,6,2021,Maha,Leeks,Kandy,260.0,2,25.0,54.6,80.5,22.2,327.0,14.72972972972973
39,2021-02-18,7,2021,Maha,Leeks,Kandy,85.0,2,25.0,54.6,80.5,22.2,327.0,14.72972972972973
49,2021-02-25,8,2021,Maha,Leeks,Kandy,85.0,2,25.0,54.6,80.5,22.2,327.0,14.72972972972973
59,2021-03-18,11,2021,Maha,Leeks,Kandy,95.0,3,26.0,86.4,80.5,22.2,327.0,14.72972972972973
69,2021-03-25,12,2021,Maha,Leeks,Kandy,75.0,3,26.0,86.4,80.5,22.2,327.0,14.72972972972973
84,2021-04-03,13,2021,Yala,Leeks,Kandy,85.0,4,26.4,285.6,83.5,31.3,519.2,16.58785942492013
94,2021-04-11,14,2021,Yala,Leeks,Kandy,195.0,4,26.4,285.6,83.5,31.3,519.2,16.58785942492013
104,2021-04-22,16,2021,Yala,Leeks,Kandy,75.0,4,26.4,285.6,83.5,31.3,519.2,16.58785942492013
114,2021-04-29,17,2021,Yala,Leeks,Kandy,55.0,4,26.4,285.6,83.5,31.3,519.2,16.58785942492013
124,2021-05-08,18,2021,Yala,Leeks,Kandy,205.0,5,26.1,326.9,87.5,31.3,519.2,16.58785942492013
134,2021-05-13,19,2021,Yala,Leeks,Kandy,45.0,5,26.1,326.9,87.5,31.3,519.2,16.58785942492013
139,2021-05-20,20,2021,Yala,Leeks,Kandy,65.0,5,26.1,326.9,87.5,31.3,519.2,16.58785942492013
144,2021-06-05,22,2021,Yala,Leeks,Kandy,65.0,6,25.5,125.4,85.0,31.3,519.2,16.58785942492013
149,2021-07-10,27,2021,Yala,Leeks,Kandy,145.0,7,25.6,165.1,85.5,31.3,519.2,16.58785942492013
159,2021-07-15,28,2021,Yala,Leeks,Kandy,115.0,7,25.6,165.1,85.5,31.3,519.2,16.58785942492013
169,2021-07-22,29,2021,Yala,Leeks,Kandy,135.0,7,25.6,165.1,85.5,31.3,519.2,16.58785942492013
179,2021-07-29,30,2021,Yala,Leeks,Kandy,175.0,7,25.6,165.1,85.5,31.3,519.2,16.58785942492013
189,2021-08-04,31,2021,Yala,Leeks,Kandy,75.0,8,25.2,136.6,85.5,31.3,519.2,16.58785942492013
199,2021-08-07,31,2021,Yala,Leeks,Kandy,155.0,8,25.2,136.6,85.5,31.3,519.2,16.58785942492013
209,2021-08-19,33,2021,Yala,Leeks,Kandy,175.0,8,25.2,136.6,85.5,31.3,519.2,16.58785942492013
219,2021-09-09,36,2021,Maha,Leeks,Kandy,160.0,9,25.3,162.6,86.5,22.2,327.0,14.72972972972973
229,2021-09-16,37,2021,Maha,Leeks,Kandy,175.0,9,25.3,162.6,86.5,22.2,327.0,14.72972972972973
239,2021-09-23,38,2021,Maha,Leeks,Kandy,175.0,9,25.3,162.6,86.5,22.2,327.0,14.72972972972973
249,2021-09-30,39,2021,Maha,Leeks,Kandy,135.0,9,25.3,162.6,86.5,22.2,327.0,14.72972972972973
259,2021-10-14,41,2021,Maha,Leeks,Kandy,125.0,10,25.4,438.5,88.5,22.2,327.0,14.72972972972973
269,2021-10-21,42,2021,Maha,Leeks,Kandy,165.0,10,25.4,438.5,88.5,22.2,327.0,14.72972972972973
279,2021-10-28,43,2021,Maha,Leeks,Kandy,195.0,10,25.4,438.5,88.5,22.2,327.0,14.72972972972973
294,2021-11-11,45,2021,Maha,Leeks,Kandy,205.0,11,24.7,451.6,90.0,22.2,327.0,14.72972972972973
304,2021-11-18,46,2021,Maha,Leeks,Kandy,205.0,11,24.7,451.6,90.0,22.2,327.0,14.72972972972973
314,2021-11-25,47,2021,Maha,Leeks,Kandy,335.0,11,24.7,451.6,90.0,22.2,327.0,14.72972972972973
324,2021-12-08,49,2021,Maha,Leeks,Kandy,205.0,12,25.2,46.4,84.0,22.2,327.0,14.72972972972973
339,2021-12-23,51,2021,Maha,Leeks,Kandy,270.0,12,25.2,46.4,84.0,22.2,327.0,14.72972972972973
349,2021-12-30,52,2021,Maha,Leeks,Kandy,270.0,12,25.2,46.4,84.0,22.2,327.0,14.72972972972973
359,2022-01-09,1,2022,Maha,Leeks,Kandy,160.0,1,24.8,14.2,79.5,24.2,320.7,13.25206611570248
369,2022-01-12,2,2022,Maha,Leeks,Kandy,365.0,1,24.8,14.2,79.5,24.2,320.7,13.25206611570248
379,2022-01-13,2,2022,Maha,Leeks,Kandy,195.0,1,24.8,14.2,79.5,24.2,320.7,13.25206611570248
389,2022-01-20,3,2022,Maha,Leeks,Kandy,205.0,1,24.8,14.2,79.5,24.2,320.7,13.25206611570248
399,2022-01-27,4,2022,Maha,Leeks,Kandy,190.0,1,24.8,14.2,79.5,24.2,320.7,13.25206611570248
409,2022-02-06,5,2022,Maha,Leeks,Kandy,190.0,2,25.0,29.4,78.0,24.2,320.7,13.25206611570248
419,2022-02-17,7,2022,Maha,Leeks,Kandy,110.0,2,25.0,29.4,78.0,24.2,320.7,13.25206611570248
429,2022-02-24,8,2022,Maha,Leeks,Kandy,95.0,2,25.0,29.4,78.0,24.2,320.7,13.25206611570248
439,2022-03-02,9,2022,Maha,Leeks,Kandy,165.0,3,26.5,80.0,80.0,24.2,320.7,13.25206611570248
449,2022-03-03,9,2022,Maha,Leeks,Kandy,95.0,3,26.5,80.0,80.0,24.2,320.7,13.25206611570248
459,2022-03-11,10,2022,Maha,Leeks,Kandy,210.0,3,26.5,80.0,80.0,24.2,320.7,13.25206611570248
469,2022-03-17,11,2022,Maha,Leeks,Kandy,85.0,3,26.5,80.0,80.0,24.2,320.7,13.25206611570248
479,2022-03-24,12,2022,Maha,Leeks,Kandy,85.0,3,26.5,80.0,80.0,24.2,320.7,13.25206611570248
489,2022-03-31,13,2022,Maha,Leeks,Kandy,85.0,3,26.5,80.0,80.0,24.2,320.7,13.25206611570248
499,2022-04-08,14,2022,Yala,Leeks,Kandy,115.0,4,26.3,250.2,85.5,16.3,308.9,18.95092024539877
509,2022-04-21,16,2022,Yala,Leeks,Kandy,110.0,4,26.3,250.2,85.5,16.3,308.9,18.95092024539877
519,2022-05-05,18,2022,Yala,Leeks,Kandy,75.0,5,25.5,230.55,84.5,16.3,308.9,18.95092024539877
529,2022-05-19,20,2022,Yala,Leeks,Kandy,120.0,5,25.5,230.55,84.5,16.3,308.9,18.95092024539877
539,2022-05-26,21,2022,Yala,Leeks,Kandy,140.0,5,25.5,230.55,84.5,16.3,308.9,18.95092024539877
549,2022-06-10,23,2022,Yala,Leeks,Kandy,260.0,6,25.5,19.5,83.0,16.3,308.9,18.95092024539877
559,2022-06-16,24,2022,Yala,Leeks,Kandy,185.0,6,25.5,19.5,83.0,16.3,308.9,18.95092024539877
569,2022-06-23,25,2022,Yala,Leeks,Kandy,150.0,6,25.5,19.5,83.0,16.3,308.9,18.95092024539877
579,2022-06-30,26,2022,Yala,Leeks,Kandy,175.0,6,25.5,19.5,83.0,16.3,308.9,18.95092024539877
589,2022-07-04,27,2022,Yala,Leeks,Kandy,115.0,7,25.5,157.5,82.5,16.3,308.9,18.95092024539877
599,2022-07-07,27,2022,Yala,Leeks,Kandy,155.0,7,25.5,157.5,82.5,16.3,308.9,18.95092024539877
609,2022-07-14,28,2022,Yala,Leeks,Kandy,195.0,7,25.5,157.5,82.5,16.3,308.9,18.95092024539877
619,2022-07-21,29,2022,Yala,Leeks,Kandy,165.0,7,25.5,157.5,82.5,16.3,308.9,18.95092024539877
629,2022-07-28,30,2022,Yala,Leeks,Kandy,125.0,7,25.5,157.5,82.5,16.3,308.9,18.95092024539877
639,2022-08-09,32,2022,Yala,Leeks,Kandy,155.0,8,25.0,265.0,84.0,16.3,308.9,18.95092024539877
649,2022-08-12,32,2022,Yala,Leeks,Kandy,340.0,8,25.0,265.0,84.0,16.3,308.9,18.95092024539877
659,2022-08-18,33,2022,Yala,Leeks,Kandy,190.0,8,25.0,265.0,84.0,16.3,308.9,18.95092024539877
669,2022-08-25,34,2022,Yala,Leeks,Kandy,145.0,8,25.0,265.0,84.0,16.3,308.9,18.95092024539877
679,2022-09-06,36,2022,Maha,Leeks,Kandy,180.0,9,24.9,171.9,82.5,24.2,320.7,13.25206611570248
689,2022-09-15,37,2022,Maha,Leeks,Kandy,225.0,9,24.9,171.9,82.5,24.2,320.7,13.25206611570248
699,2022-09-22,38,2022,Maha,Leeks,Kandy,215.0,9,24.9,171.9,82.5,24.2,320.7,13.25206611570248
709,2022-09-29,39,2022,Maha,Leeks,Kandy,210.0,9,24.9,171.9,82.5,24.2,320.7,13.25206611570248
719,2022-10-02,39,2022,Maha,Leeks,Kandy,145.0,10,24.7,249.7,87.0,24.2,320.7,13.25206611570248
729,2022-10-03,40,2022,Maha,Leeks,Kandy,85.0,10,24.7,249.7,87.0,24.2,320.7,13.25206611570248
739,2022-10-11,41,2022,Maha,Leeks,Kandy,230.0,10,24.7,249.7,87.0,24.2,320.7,13.25206611570248
749,2022-10-13,41,2022,Maha,Leeks,Kandy,210.0,10,24.7,249.7,87.0,24.2,320.7,13.25206611570248
759,2022-10-20,42,2022,Maha,Leeks,Kandy,190.0,10,24.7,249.7,87.0,24.2,320.7,13.25206611570248
769,2022-10-27,43,2022,Maha,Leeks,Kandy,190.0,10,24.7,249.7,87.0,24.2,320.7,13.25206611570248
779,2022-11-08,45,2022,Maha,Leeks,Kandy,110.0,11,24.6,292.4,85.5,24.2,320.7,13.25206611570248
789,2022-11-17,46,2022,Maha,Leeks,Kandy,230.0,11,24.6,292.4,85.5,24.2,320.7,13.25206611570248
799,2022-11-24,47,2022,Maha,Leeks,Kandy,215.0,11,24.6,292.4,85.5,24.2,320.7,13.25206611570248
809,2022-12-15,50,2022,Maha,Leeks,Kandy,310.0,12,23.7,292.3,87.5,24.2,320.7,13.25206611570248
819,2022-12-22,51,2022,Maha,Leeks,Kandy,330.0,12,23.7,292.3,87.5,24.2,320.7,13.25206611570248
829,2022-12-29,52,2022,Maha,Leeks,Kandy,390.0,12,23.7,292.3,87.5,24.2,320.7,13.25206611570248
839,2023-01-12,2,2023,Maha,Leeks,Kandy,205.0,1,23.5,45.3,83.5,26.7,390.1,14.61048689138577
849,2023-01-19,3,2023,Maha,Leeks,Kandy,270.0,1,23.5,45.3,83.5,26.7,390.1,14.61048689138577
859,2023-01-26,4,2023,Maha,Leeks,Kandy,240.0,1,23.5,45.3,83.5,26.7,390.1,14.61048689138577
869,2023-02-02,5,2023,Maha,Leeks,Kandy,180.0,2,24.4,90.5,82.0,26.7,390.1,14.61048689138577
879,2023-02-09,6,2023,Maha,Leeks,Kandy,175.0,2,24.4,90.5,82.0,26.7,390.1,14.61048689138577
889,2023-02-16,7,2023,Maha,Leeks,Kandy,190.0,2,24.4,90.5,82.0,26.7,390.1,14.61048689138577
899,2023-02-23,8,2023,Maha,Leeks,Kandy,170.0,2,24.4,90.5,82.0,26.7,390.1,14.61048689138577
909,2023-03-02,9,2023,Maha,Leeks,Kandy,155.0,3,26.2,66.5,81.0,26.7,390.1,14.61048689138577
919,2023-03-09,10,2023,Maha,Leeks,Kandy,155.0,3,26.2,66.5,81.0,26.7,390.1,14.61048689138577
929,2023-03-16,11,2023,Maha,Leeks,Kandy,155.0,3,26.2,66.5,81.0,26.7,390.1,14.61048689138577
939,2023-03-23,12,2023,Maha,Leeks,Kandy,155.0,3,26.2,66.5,81.0,26.7,390.1,14.61048689138577
949,2023-03-30,13,2023,Maha,Leeks,Kandy,205.0,3,26.2,66.5,81.0,26.7,390.1,14.61048689138577
959,2023-04-06,14,2023,Yala,Leeks,Kandy,175.0,4,27.0,149.9,84.0,20.7,238.0,11.4975845410628
969,2023-04-20,16,2023,Yala,Leeks,Kandy,225.0,4,27.0,149.9,84.0,20.7,238.0,11.4975845410628
979,2023-04-27,17,2023,Yala,Leeks,Kandy,215.0,4,27.0,149.9,84.0,20.7,238.0,11.4975845410628
989,2023-05-04,18,2023,Yala,Leeks,Kandy,185.0,5,26.6,134.2,85.0,20.7,238.0,11.4975845410628
999,2023-05-11,19,2023,Yala,Leeks,Kandy,220.0,5,26.6,134.2,85.0,20.7,238.0,11.4975845410628
1009,2023-05-18,20,2023,Yala,Leeks,Kandy,285.0,5,26.6,134.2,85.0,20.7,238.0,11.4975845410628
1019,2023-05-25,21,2023,Yala,Leeks,Kandy,270.0,5,26.6,134.2,85.0,20.7,238.0,11.4975845410628
1029,2023-06-01,22,2023,Yala,Leeks,Kandy,275.0,6,26.1,72.8,84.5,20.7,238.0,11.4975845410628
1039,2023-06-08,23,2023,Yala,Leeks,Kandy,275.0,6,26.1,72.8,84.5,20.7,238.0,11.4975845410628
1049,2023-06-15,24,2023,Yala,Leeks,Kandy,245.0,6,26.1,72.8,84.5,20.7,238.0,11.4975845410628
1062,2023-06-22,25,2023,Yala,Leeks,Kandy,195.0,6,26.1,72.8,84.5,20.7,238.0,11.4975845410628
1063,2023-06-22,25,2023,Yala,Leeks,Kandy,195.0,6,26.1,72.8,84.5,20.7,238.0,11.4975845410628
1079,2023-06-29,26,2023,Yala,Leeks,Kandy,205.0,6,26.1,72.8,84.5,20.7,238.0,11.4975845410628
1089,2023-07-06,27,2023,Yala,Leeks,Kandy,175.0,7,25.8,64.2,480.5,20.7,238.0,11.4975845410628
1099,2023-07-13,28,2023,Yala,Leeks,Kandy,140.0,7,25.8,64.2,480.5,20.7,238.0,11.4975845410628
1109,2023-07-20,29,2023,Yala,Leeks,Kandy,145.0,7,25.8,64.2,480.5,20.7,238.0,11.4975845410628
1119,2023-07-27,30,2023,Yala,Leeks,Kandy,115.0,7,25.8,64.2,480.5,20.7,238.0,11.4975845410628
1129,2023-08-03,31,2023,Yala,Leeks,Kandy,130.0,8,26.5,27.1,76.5,20.7,238.0,11.4975845410628
1139,2023-08-10,32,2023,Yala,Leeks,Kandy,110.0,8,26.5,27.1,76.5,20.7,238.0,11.4975845410628
1149,2023-08-17,33,2023,Yala,Leeks,Kandy,125.0,8,26.5,27.1,76.5,20.7,238.0,11.4975845410628
1159,2023-08-24,34,2023,Yala,Leeks,Kandy,95.0,8,26.5,27.1,76.5,20.7,238.0,11.4975845410628
1169,2023-08-31,35,2023,Yala,Leeks,Kandy,85.0,8,26.5,27.1,76.5,20.7,238.0,11.4975845410628
1179,2023-09-07,36,2023,Maha,Leeks,Kandy,65.0,9,25.2,175.1,86.0,26.7,390.1,14.61048689138577
1189,2023-09-14,37,2023,Maha,Leeks,Kandy,75.0,9,25.2,175.1,86.0,26.7,390.1,14.61048689138577
1199,2023-09-21,38,2023,Maha,Leeks,Kandy,65.0,9,25.2,175.1,86.0,26.7,390.1,14.61048689138577
1209,2023-09-28,39,2023,Maha,Leeks,Kandy,45.0,9,25.2,175.1,86.0,26.7,390.1,14.61048689138577
1219,2023-10-05,40,2023,Maha,Leeks,Kandy,75.0,10,25.5,505.5,88.5,26.7,390.1,14.61048689138577
1229,2023-10-12,41,2023,Maha,Leeks,Kandy,65.0,10,25.5,505.5,88.5,26.7,390.1,14.61048689138577
1239,2023-10-19,42,2023,Maha,Leeks,Kandy,55.0,10,25.5,505.5,88.5,26.7,390.1,14.61048689138577
1249,2023-10-26,43,2023,Maha,Leeks,Kandy,75.0,10,25.5,505.5,88.5,26.7,390.1,14.61048689138577
1259,2023-11-02,44,2023,Maha,Leeks,Kandy,110.0,11,26.0,545.5,88.5,26.7,390.1,14.61048689138577
1269,2023-11-09,45,2023,Maha,Leeks,Kandy,100.0,11,26.0,545.5,88.5,26.7,390.1,14.61048689138577
1279,2023-11-16,46,2023,Maha,Leeks,Kandy,155.0,11,26.0,545.5,88.5,26.7,390.1,14.61048689138577
1289,2023-11-23,47,2023,Maha,Leeks,Kandy,145.0,11,26.0,545.5,88.5,26.7,390.1,14.61048689138577
1299,2023-11-30,48,2023,Maha,Leeks,Kandy,210.0,11,26.0,545.5,88.5,26.7,390.1,14.61048689138577
1309,2023-12-07,49,2023,Maha,Leeks,Kandy,210.0,12,25.3,388.2,89.0,26.7,390.1,14.61048689138577
1319,2023-12-14,50,2023,Maha,Leeks,Kandy,240.0,12,25.3,388.2,89.0,26.7,390.1,14.61048689138577
1329,2023-12-21,51,2023,Maha,Leeks,Kandy,230.0,12,25.3,388.2,89.0,26.7,390.1,14.61048689138577
1339,2023-12-28,52,2023,Maha,Leeks,Kandy,310.0,12,25.3,388.2,89.0,26.7,390.1,14.61048689138577
1349,2024-01-04,1,2024,Maha,Leeks,Kandy,315.0,1,25.0,171.9,84.75,27.6,410.7,14.8804347826087
1359,2024-01-11,2,2024,Maha,Leeks,Kandy,290.0,1,25.0,171.9,84.75,27.6,410.7,14.8804347826087
1369,2024-01-18,3,2024,Maha,Leeks,Kandy,540.0,1,25.0,171.9,84.75,27.6,410.7,14.8804347826087
1379,2024-01-25,4,2024,Maha,Leeks,Kandy,360.0,1,25.0,171.9,84.75,27.6,410.7,14.8804347826087
1389,2024-02-01,5,2024,Maha,Leeks,Kandy,490.0,2,25.9,56.4,79.0,27.6,410.7,14.8804347826087
1399,2024-02-08,6,2024,Maha,Leeks,Kandy,490.0,2,25.9,56.4,79.0,27.6,410.7,14.8804347826087
1409,2024-02-15,7,2024,Maha,Leeks,Kandy,340.0,2,25.9,56.4,79.0,27.6,410.7,14.8804347826087
1419,2024-02-22,8,2024,Maha,Leeks,Kandy,245.0,2,25.9,56.4,79.0,27.6,410.7,14.8804347826087
1429,2024-02-29,9,2024,Maha,Leeks,Kandy,235.0,2,25.9,56.4,79.0,27.6,410.7,14.8804347826087
1439,2024-03-07,10,2024,Maha,Leeks,Kandy,210.0,3,27.2,31.0,75.0,27.6,410.7,14.8804347826087
1449,2024-03-14,11,2024,Maha,Leeks,Kandy,190.0,3,27.2,31.0,75.0,27.6,410.7,14.8804347826087
1459,2024-03-21,12,2024,Maha,Leeks,Kandy,205.0,3,27.2,31.0,75.0,27.6,410.7,14.8804347826087
1469,2024-03-28,13,2024,Maha,Leeks,Kandy,175.0,3,27.2,31.0,75.0,27.6,410.7,14.8804347826087
1479,2024-04-04,14,2024,Yala,Leeks,Kandy,140.0,4,28.4,20.5,78.5,20.7,238.0,11.4975845410628
1486,2024-04-11,15,2024,Yala,Leeks,Kandy,135.0,4,28.4,20.5,78.5,20.7,238.0,11.4975845410628
1494,2024-04-25,17,2024,Yala,Leeks,Kandy,135.0,4,28.4,20.5,78.5,20.7,238.0,11.4975845410628
1504,2024-05-02,18,2024,Yala,Leeks,Kandy,140.0,5,26.9,343.3,86.0,20.7,238.0,11.4975845410628
1514,2024-05-11,19,2024,Yala,Leeks,Kandy,130.0,5,26.9,343.3,86.0,20.7,238.0,11.4975845410628
1519,2024-05-16,20,2024,Yala,Leeks,Kandy,210.0,5,26.9,343.3,86.0,20.7,238.0,11.4975845410628
1529,2024-05-23,21,2024,Yala,Leeks,Kandy,190.0,5,26.9,343.3,86.0,20.7,238.0,11.4975845410628
1544,2024-05-30,22,2024,Yala,Leeks,Kandy,250.0,5,26.9,343.3,86.0,20.7,238.0,11.4975845410628
1554,2024-06-06,23,2024,Yala,Leeks,Kandy,340.0,6,25.9,128.8,85.5,20.7,238.0,11.4975845410628
1564,2024-06-13,24,2024,Yala,Leeks,Kandy,490.0,6,25.9,128.8,85.5,20.7,238.0,11.4975845410628
1574,2024-06-20,25,2024,Yala,Leeks,Kandy,545.0,6,25.9,128.8,85.5,20.7,238.0,11.4975845410628
1584,2024-06-27,26,2024,Yala,Leeks,Kandy,540.0,6,25.9,128.8,85.5,20.7,238.0,11.4975845410628
1594,2024-07-04,27,2024,Yala,Leeks,Kandy,315.0,7,26.0,134.7,82.5,20.7,238.0,11.4975845410628
1604,2024-07-11,28,2024,Yala,Leeks,Kandy,365.0,7,26.0,134.7,82.5,20.7,238.0,11.4975845410628
1614,2024-07-18,29,2024,Yala,Leeks,Kandy,365.0,7,26.0,134.7,82.5,20.7,238.0,11.4975845410628
1624,2024-07-25,30,2024,Yala,Leeks,Kandy,415.0,7,26.0,134.7,82.5,20.7,238.0,11.4975845410628
1634,2024-08-01,31,2024,Yala,Leeks,Kandy,365.0,8,25.9,145.7,85.5,20.7,238.0,11.4975845410628
1644,2024-08-08,32,2024,Yala,Leeks,Kandy,310.0,8,25.9,145.7,85.5,20.7,238.0,11.4975845410628
1654,2024-08-15,33,2024,Yala,Leeks,Kandy,245.0,8,25.9,145.7,85.5,20.7,238.0,11.4975845410628
1664,2024-08-22,34,2024,Yala,Leeks,Kandy,230.0,8,25.9,145.7,85.5,20.7,238.0,11.4975845410628
1674,2024-08-29,35,2024,Yala,Leeks,Kandy,225.0,8,25.9,145.7,85.5,20.7,238.0,11.4975845410628
1684,2024-09-05,36,2024,Maha,Leeks,Kandy,190.0,9,25.7,95.8,84.5,27.6,410.7,14.8804347826087
1694,2024-09-12,37,2024,Maha,Leeks,Kandy,205.0,9,25.7,95.8,84.5,27.6,410.7,14.8804347826087
1704,2024-09-19,38,2024,Maha,Leeks,Kandy,210.0,9,25.7,95.8,84.5,27.6,410.7,14.8804347826087
1714,2024-09-26,39,2024,Maha,Leeks,Kandy,260.0,9,25.7,95.8,84.5,27.6,410.7,14.8804347826087
1724,2024-10-03,40,2024,Maha,Leeks,Kandy,170.0,10,25.8,142.1,85.5,27.6,410.7,14.8804347826087
1734,2024-10-10,41,2024,Maha,Leeks,Kandy,140.0,10,25.8,142.1,85.5,27.6,410.7,14.8804347826087
1744,2024-10-17,42,2024,Maha,Leeks,Kandy,125.0,10,25.8,142.1,85.5,27.6,410.7,14.8804347826087
1754,2024-10-24,43,2024,Maha,Leeks,Kandy,190.0,10,25.8,142.1,85.5,27.6,410.7,14.8804347826087
1764,2024-10-31,44,2024,Maha,Leeks,Kandy,170.0,10,25.8,142.1,85.5,27.6,410.7,14.8804347826087
1774,2024-11-07,45,2024,Maha,Leeks,Kandy,140.0,11,25.1,608.1,89.0,27.6,410.7,14.8804347826087
1784,2024-11-14,46,2024,Maha,Leeks,Kandy,145.0,11,25.1,608.1,89.0,27.6,410.7,14.8804347826087
1794,2024-11-21,47,2024,Maha,Leeks,Kandy,125.0,11,25.1,608.1,89.0,27.6,410.7,14.8804347826087
1804,2024-11-28,48,2024,Maha,Leeks,Kandy,110.0,11,25.1,608.1,89.0,27.6,410.7,14.8804347826087
1814,2024-12-05,49,2024,Maha,Leeks,Kandy,140.0,12,24.8,150.9,85.5,27.6,410.7,14.8804347826087
1824,2024-12-12,50,2024,Maha,Leeks,Kandy,235.0,12,24.8,150.9,85.5,27.6,410.7,14.8804347826087
1834,2024-12-19,51,2024,Maha,Leeks,Kandy,265.0,12,24.8,150.9,85.5,27.6,410.7,14.8804347826087
1844,2024-12-26,52,2024,Maha,Leeks,Kandy,210.0,12,24.8,150.9,85.5,27.6,410.7,14.8804347826087
1854,2025-01-09,2,2025,Maha,Leeks,Kandy,210.0,1,23.5,304.7,86.35,26.1,373.7,14.31800766283525
1864,2025-01-16,3,2025,Maha,Leeks,Kandy,250.0,1,23.5,304.7,86.35,26.1,373.7,14.31800766283525
1874,2025-01-23,4,2025,Maha,Leeks,Kandy,215.0,1,23.5,304.7,86.35,26.1,373.7,14.31800766283525
1884,2025-01-30,5,2025,Maha,Leeks,Kandy,210.0,1,23.5,304.7,86.35,26.1,373.7,14.31800766283525
1894,2025-02-06,6,2025,Maha,Leeks,Kandy,270.0,2,23.0,14.9,72.5,26.1,373.7,14.31800766283525
1904,2025-02-13,7,2025,Maha,Leeks,Kandy,230.0,2,23.0,14.9,72.5,26.1,373.7,14.31800766283525
1914,2025-02-20,8,2025,Maha,Leeks,Kandy,260.0,2,23.0,14.9,72.5,26.1,373.7,14.31800766283525
1919,2025-02-27,9,2025,Maha,Leeks,Kandy,210.0,2,23.0,14.9,72.5,26.1,373.7,14.31800766283525
1929,2025-03-06,10,2025,Maha,Leeks,Kandy,190.0,3,24.0,73.9,71.0,26.1,373.7,14.31800766283525
1939,2025-03-13,11,2025,Maha,Leeks,Kandy,210.0,3,24.0,73.9,71.0,26.1,373.7,14.31800766283525
1949,2025-03-20,12,2025,Maha,Leeks,Kandy,160.0,3,24.0,73.9,71.0,26.1,373.7,14.31800766283525
1959,2025-03-27,13,2025,Maha,Leeks,Kandy,160.0,3,24.0,73.9,71.0,26.1,373.7,14.31800766283525
1969,2025-04-03,14,2025,Yala,Leeks,Kandy,130.0,4,24.0,233.0,79.0,29.2,325.0,11.13013698630137
1979,2025-04-10,15,2025,Yala,Leeks,Kandy,110.0,4,24.0,233.0,79.0,29.2,325.0,11.13013698630137
1989,2025-04-24,17,2025,Yala,Leeks,Kandy,130.0,4,24.0,233.0,79.0,29.2,325.0,11.13013698630137
1999,2025-05-01,18,2025,Yala,Leeks,Kandy,140.0,5,24.0,124.9,82.5,29.2,325.0,11.13013698630137
2009,2025-05-08,19,2025,Yala,Leeks,Kandy,140.0,5,24.0,124.9,82.5,29.2,325.0,11.13013698630137
2019,2025-05-15,20,2025,Yala,Leeks,Kandy,190.0,5,24.0,124.9,82.5,29.2,325.0,11.13013698630137
2029,2025-05-22,21,2025,Yala,Leeks,Kandy,190.0,5,24.0,124.9,82.5,29.2,325.0,11.13013698630137
2039,2025-05-29,22,2025,Yala,Leeks,Kandy,200.0,5,24.0,124.9,82.5,29.2,325.0,11.13013698630137
2049,2025-06-05,23,2025,Yala,Leeks,Kandy,265.0,6,24.0,96.2,84.0,29.2,325.0,11.13013698630137
2054,2025-06-12,24,2025,Yala,Leeks,Kandy,310.0,6,24.0,96.2,84.0,29.2,325.0,11.13013698630137
2064,2025-06-19,25,2025,Yala,Leeks,Kandy,235.0,6,24.0,96.2,84.0,29.2,325.0,11.13013698630137
2074,2025-06-26,26,2025,Yala,Leeks,Kandy,210.0,6,24.0,96.2,84.0,29.2,325.0,11.13013698630137
2084,2025-07-03,27,2025,Yala,Leeks,Kandy,160.0,7,24.0,190.1,83.0,29.2,325.0,11.13013698630137
2094,2025-07-10,28,2025,Yala,Leeks,Kandy,155.0,7,24.0,190.1,83.0,29.2,325.0,11.13013698630137
2104,2025-07-17,29,2025,Yala,Leeks,Kandy,155.0,7,24.0,190.1,83.0,29.2,325.0,11.13013698630137
2114,2025-07-24,30,2025,Yala,Leeks,Kandy,155.0,7,24.0,190.1,83.0,29.2,325.0,11.13013698630137
2124,2025-07-31,31,2025,Yala,Leeks,Kandy,130.0,7,24.0,190.1,83.0,29.2,325.0,11.13013698630137
2134,2025-08-07,32,2025,Yala,Leeks,Kandy,125.0,8,23.9,77.2,82.0,29.2,325.0,11.13013698630137
2144,2025-08-14,33,2025,Yala,Leeks,Kandy,130.0,8,23.9,77.2,82.0,29.2,325.0,11.13013698630137
2154,2025-08-21,34,2025,Yala,Leeks,Kandy,95.0,8,23.9,77.2,82.0,29.2,325.0,11.13013698630137
2164,2025-08-28,35,2025,Yala,Leeks,Kandy,145.0,8,23.9,77.2,82.0,29.2,325.0,11.13013698630137
2174,2025-09-04,36,2025,Maha,Leeks,Kandy,105.0,9,24.1,110.5,81.5,26.1,373.7,14.31800766283525
2184,2025-09-11,37,2025,Maha,Leeks,Kandy,135.0,9,24.1,110.5,81.5,26.1,373.7,14.31800766283525
2194,2025-09-18,38,2025,Maha,Leeks,Kandy,95.0,9,24.1,110.5,81.5,26.1,373.7,14.31800766283525
2204,2025-09-25,39,2025,Maha,Leeks,Kandy,95.0,9,24.1,110.5,81.5,26.1,373.7,14.31800766283525
2214,2025-10-02,40,2025,Maha,Leeks,Kandy,85.0,10,24.0,284.2,85.0,26.1,373.7,14.31800766283525
2224,2025-10-09,41,2025,Maha,Leeks,Kandy,155.0,10,24.0,284.2,85.0,26.1,373.7,14.31800766283525
2234,2025-10-16,42,2025,Maha,Leeks,Kandy,105.0,10,24.0,284.2,85.0,26.1,373.7,14.31800766283525
2244,2025-10-23,43,2025,Maha,Leeks,Kandy,95.0,10,24.0,284.2,85.0,26.1,373.7,14.31800766283525
2254,2025-10-30,44,2025,Maha,Leeks,Kandy,95.0,10,24.0,284.2,85.0,26.1,373.7,14.31800766283525
2264,2025-11-06,45,2025,Maha,Leeks,Kandy,140.0,11,23.0,615.0,86.5,26.1,373.7,14.31800766283525
2274,2025-11-13,46,2025,Maha,Leeks,Kandy,125.0,11,23.0,615.0,86.5,26.1,373.7,14.31800766283525
2284,2025-11-20,47,2025,Maha,Leeks,Kandy,110.0,11,23.0,615.0,86.5,26.1,373.7,14.31800766283525
2294,2025-12-04,49,2025,Maha,Leeks,Kandy,365.0,12,23.0,96.6,81.5,26.1,373.7,14.31800766283525
9,2021-01-04,1,2021,Maha,Leeks,Matale,75.0,1,26.5,158.9,83.0,11.5,127.5,11.08695652173913
19,2021-01-07,1,2021,Maha,Leeks,Matale,160.0,1,26.5,158.9,83.0,11.5,127.5,11.08695652173913
34,2021-02-12,6,2021,Maha,Leeks,Matale,230.0,2,28.0,3.6,70.5,11.5,127.5,11.08695652173913
44,2021-02-18,7,2021,Maha,Leeks,Matale,95.0,2,28.0,3.6,70.5,11.5,127.5,11.08695652173913
54,2021-02-25,8,2021,Maha,Leeks,Matale,95.0,2,28.0,3.6,70.5,11.5,127.5,11.08695652173913
64,2021-03-18,11,2021,Maha,Leeks,Matale,75.0,3,28.7,66.6,73.5,11.5,127.5,11.08695652173913
74,2021-03-25,12,2021,Maha,Leeks,Matale,75.0,3,28.7,66.6,73.5,11.5,127.5,11.08695652173913
79,2021-04-02,13,2021,Yala,Leeks,Matale,75.0,4,29.1,165.0,78.75,0.5,5.9,11.8
89,2021-04-03,13,2021,Yala,Leeks,Matale,95.0,4,29.1,165.0,78.75,0.5,5.9,11.8
99,2021-04-11,14,2021,Yala,Leeks,Matale,170.0,4,29.1,165.0,78.75,0.5,5.9,11.8
109,2021-04-22,16,2021,Yala,Leeks,Matale,70.0,4,29.1,165.0,78.75,0.5,5.9,11.8
119,2021-04-29,17,2021,Yala,Leeks,Matale,75.0,4,29.1,165.0,78.75,0.5,5.9,11.8
129,2021-05-08,18,2021,Yala,Leeks,Matale,205.0,5,28.2,467.9,90.0,0.5,5.9,11.8
154,2021-07-10,27,2021,Yala,Leeks,Matale,130.0,7,28.2,103.5,83.0,0.5,5.9,11.8
164,2021-07-15,28,2021,Yala,Leeks,Matale,110.0,7,28.2,103.5,83.0,0.5,5.9,11.8
174,2021-07-22,29,2021,Yala,Leeks,Matale,140.0,7,28.2,103.5,83.0,0.5,5.9,11.8
184,2021-07-29,30,2021,Yala,Leeks,Matale,180.0,7,28.2,103.5,83.0,0.5,5.9,11.8
194,2021-08-04,31,2021,Yala,Leeks,Matale,65.0,8,28.0,81.3,79.5,0.5,5.9,11.8
204,2021-08-07,31,2021,Yala,Leeks,Matale,110.0,8,28.0,81.3,79.5,0.5,5.9,11.8
214,2021-08-19,33,2021,Yala,Leeks,Matale,175.0,8,28.0,81.3,79.5,0.5,5.9,11.8
224,2021-09-09,36,2021,Maha,Leeks,Matale,160.0,9,27.9,194.0,81.5,11.5,127.5,11.08695652173913
234,2021-09-16,37,2021,Maha,Leeks,Matale,165.0,9,27.9,194.0,81.5,11.5,127.5,11.08695652173913
244,2021-09-23,38,2021,Maha,Leeks,Matale,145.0,9,27.9,194.0,81.5,11.5,127.5,11.08695652173913
254,2021-09-30,39,2021,Maha,Leeks,Matale,135.0,9,27.9,194.0,81.5,11.5,127.5,11.08695652173913
264,2021-10-14,41,2021,Maha,Leeks,Matale,185.0,10,27.5,318.2,84.5,11.5,127.5,11.08695652173913
274,2021-10-21,42,2021,Maha,Leeks,Matale,160.0,10,27.5,318.2,84.5,11.5,127.5,11.08695652173913
284,2021-10-28,43,2021,Maha,Leeks,Matale,215.0,10,27.5,318.2,84.5,11.5,127.5,11.08695652173913
289,2021-11-02,44,2021,Maha,Leeks,Matale,90.0,11,26.2,717.6,82.5,11.5,127.5,11.08695652173913
299,2021-11-11,45,2021,Maha,Leeks,Matale,190.0,11,26.2,717.6,82.5,11.5,127.5,11.08695652173913
309,2021-11-18,46,2021,Maha,Leeks,Matale,225.0,11,26.2,717.6,82.5,11.5,127.5,11.08695652173913
319,2021-11-25,47,2021,Maha,Leeks,Matale,370.0,11,26.2,717.6,82.5,11.5,127.5,11.08695652173913
329,2021-12-08,49,2021,Maha,Leeks,Matale,205.0,12,27.2,47.7,76.5,11.5,127.5,11.08695652173913
334,2021-12-16,50,2021,Maha,Leeks,Matale,260.0,12,27.2,47.7,76.5,11.5,127.5,11.08695652173913
344,2021-12-23,51,2021,Maha,Leeks,Matale,240.0,12,27.2,47.7,76.5,11.5,127.5,11.08695652173913
354,2021-12-30,52,2021,Maha,Leeks,Matale,210.0,12,27.2,47.7,76.5,11.5,127.5,11.08695652173913
364,2022-01-09,1,2022,Maha,Leeks,Matale,150.0,1,27.7,9.0,73.0,0.6,6.3,10.5
374,2022-01-12,2,2022,Maha,Leeks,Matale,385.0,1,27.7,9.0,73.0,0.6,6.3,10.5
384,2022-01-13,2,2022,Maha,Leeks,Matale,190.0,1,27.7,9.0,73.0,0.6,6.3,10.5
394,2022-01-20,3,2022,Maha,Leeks,Matale,200.0,1,27.7,9.0,73.0,0.6,6.3,10.5
404,2022-01-27,4,2022,Maha,Leeks,Matale,190.0,1,27.7,9.0,73.0,0.6,6.3,10.5
414,2022-02-06,5,2022,Maha,Leeks,Matale,150.0,2,27.8,15.0,69.0,0.6,6.3,10.5
424,2022-02-17,7,2022,Maha,Leeks,Matale,95.0,2,27.8,15.0,69.0,0.6,6.3,10.5
434,2022-02-24,8,2022,Maha,Leeks,Matale,80.0,2,27.8,15.0,69.0,0.6,6.3,10.5
444,2022-03-02,9,2022,Maha,Leeks,Matale,165.0,3,29.8,104.0,71.5,0.6,6.3,10.5
454,2022-03-03,9,2022,Maha,Leeks,Matale,100.0,3,29.8,104.0,71.5,0.6,6.3,10.5
464,2022-03-11,10,2022,Maha,Leeks,Matale,225.0,3,29.8,104.0,71.5,0.6,6.3,10.5
474,2022-03-17,11,2022,Maha,Leeks,Matale,95.0,3,29.8,104.0,71.5,0.6,6.3,10.5
484,2022-03-24,12,2022,Maha,Leeks,Matale,85.0,3,29.8,104.0,71.5,0.6,6.3,10.5
494,2022-03-31,13,2022,Maha,Leeks,Matale,85.0,3,29.8,104.0,71.5,0.6,6.3,10.5
504,2022-04-08,14,2022,Yala,Leeks,Matale,110.0,4,28.6,332.3,81.5,0.7,7.2,10.28571428571429
514,2022-04-21,16,2022,Yala,Leeks,Matale,85.0,4,28.6,332.3,81.5,0.7,7.2,10.28571428571429
524,2022-05-05,18,2022,Yala,Leeks,Matale,150.0,5,28.4,295.85,82.5,0.7,7.2,10.28571428571429
534,2022-05-19,20,2022,Yala,Leeks,Matale,135.0,5,28.4,295.85,82.5,0.7,7.2,10.28571428571429
544,2022-05-26,21,2022,Yala,Leeks,Matale,150.0,5,28.4,295.85,82.5,0.7,7.2,10.28571428571429
554,2022-06-10,23,2022,Yala,Leeks,Matale,345.0,6,28.3,75.5,79.5,0.7,7.2,10.28571428571429
564,2022-06-16,24,2022,Yala,Leeks,Matale,185.0,6,28.3,75.5,79.5,0.7,7.2,10.28571428571429
574,2022-06-23,25,2022,Yala,Leeks,Matale,165.0,6,28.3,75.5,79.5,0.7,7.2,10.28571428571429
584,2022-06-30,26,2022,Yala,Leeks,Matale,130.0,6,28.3,75.5,79.5,0.7,7.2,10.28571428571429
594,2022-07-04,27,2022,Yala,Leeks,Matale,110.0,7,28.3,124.7,78.5,0.7,7.2,10.28571428571429
604,2022-07-07,27,2022,Yala,Leeks,Matale,150.0,7,28.3,124.7,78.5,0.7,7.2,10.28571428571429
614,2022-07-14,28,2022,Yala,Leeks,Matale,190.0,7,28.3,124.7,78.5,0.7,7.2,10.28571428571429
624,2022-07-21,29,2022,Yala,Leeks,Matale,185.0,7,28.3,124.7,78.5,0.7,7.2,10.28571428571429
634,2022-07-28,30,2022,Yala,Leeks,Matale,125.0,7,28.3,124.7,78.5,0.7,7.2,10.28571428571429
644,2022-08-09,32,2022,Yala,Leeks,Matale,155.0,8,27.5,266.8,81.0,0.7,7.2,10.28571428571429
654,2022-08-12,32,2022,Yala,Leeks,Matale,350.0,8,27.5,266.8,81.0,0.7,7.2,10.28571428571429
664,2022-08-18,33,2022,Yala,Leeks,Matale,190.0,8,27.5,266.8,81.0,0.7,7.2,10.28571428571429
674,2022-08-25,34,2022,Yala,Leeks,Matale,190.0,8,27.5,266.8,81.0,0.7,7.2,10.28571428571429
684,2022-09-06,36,2022,Maha,Leeks,Matale,140.0,9,27.8,208.3,78.0,0.6,6.3,10.5
694,2022-09-15,37,2022,Maha,Leeks,Matale,205.0,9,27.8,208.3,78.0,0.6,6.3,10.5
704,2022-09-22,38,2022,Maha,Leeks,Matale,220.0,9,27.8,208.3,78.0,0.6,6.3,10.5
714,2022-09-29,39,2022,Maha,Leeks,Matale,210.0,9,27.8,208.3,78.0,0.6,6.3,10.5
724,2022-10-02,39,2022,Maha,Leeks,Matale,165.0,10,27.2,315.2,83.0,0.6,6.3,10.5
734,2022-10-03,40,2022,Maha,Leeks,Matale,85.0,10,27.2,315.2,83.0,0.6,6.3,10.5
744,2022-10-11,41,2022,Maha,Leeks,Matale,210.0,10,27.2,315.2,83.0,0.6,6.3,10.5
754,2022-10-13,41,2022,Maha,Leeks,Matale,215.0,10,27.2,315.2,83.0,0.6,6.3,10.5
764,2022-10-20,42,2022,Maha,Leeks,Matale,210.0,10,27.2,315.2,83.0,0.6,6.3,10.5
774,2022-10-27,43,2022,Maha,Leeks,Matale,225.0,10,27.2,315.2,83.0,0.6,6.3,10.5
784,2022-11-08,45,2022,Maha,Leeks,Matale,115.0,11,26.8,260.0,82.0,0.6,6.3,10.5
794,2022-11-17,46,2022,Maha,Leeks,Matale,215.0,11,26.8,260.0,82.0,0.6,6.3,10.5
804,2022-11-24,47,2022,Maha,Leeks,Matale,215.0,11,26.8,260.0,82.0,0.6,6.3,10.5
814,2022-12-15,50,2022,Maha,Leeks,Matale,325.0,12,26.0,273.2,83.5,0.6,6.3,10.5
824,2022-12-22,51,2022,Maha,Leeks,Matale,315.0,12,26.0,273.2,83.5,0.6,6.3,10.5
834,2022-12-29,52,2022,Maha,Leeks,Matale,300.0,12,26.0,273.2,83.5,0.6,6.3,10.5
844,2023-01-12,2,2023,Maha,Leeks,Matale,210.0,1,26.1,19.3,76.5,0.8,9.3,11.625
854,2023-01-19,3,2023,Maha,Leeks,Matale,230.0,1,26.1,19.3,76.5,0.8,9.3,11.625
864,2023-01-26,4,2023,Maha,Leeks,Matale,200.0,1,26.1,19.3,76.5,0.8,9.3,11.625
874,2023-02-02,5,2023,Maha,Leeks,Matale,145.0,2,27.3,23.6,74.5,0.8,9.3,11.625
884,2023-02-09,6,2023,Maha,Leeks,Matale,185.0,2,27.3,23.6,74.5,0.8,9.3,11.625
894,2023-02-16,7,2023,Maha,Leeks,Matale,200.0,2,27.3,23.6,74.5,0.8,9.3,11.625
904,2023-02-23,8,2023,Maha,Leeks,Matale,170.0,2,27.3,23.6,74.5,0.8,9.3,11.625
914,2023-03-02,9,2023,Maha,Leeks,Matale,155.0,3,29.0,99.6,74.5,0.8,9.3,11.625
924,2023-03-09,10,2023,Maha,Leeks,Matale,160.0,3,29.0,99.6,74.5,0.8,9.3,11.625
934,2023-03-16,11,2023,Maha,Leeks,Matale,150.0,3,29.0,99.6,74.5,0.8,9.3,11.625
944,2023-03-23,12,2023,Maha,Leeks,Matale,155.0,3,29.0,99.6,74.5,0.8,9.3,11.625
954,2023-03-30,13,2023,Maha,Leeks,Matale,200.0,3,29.0,99.6,74.5,0.8,9.3,11.625
964,2023-04-06,14,2023,Yala,Leeks,Matale,200.0,4,34.4,365.4,79.0,0.4,4.5,11.25
974,2023-04-20,16,2023,Yala,Leeks,Matale,170.0,4,34.4,365.4,79.0,0.4,4.5,11.25
984,2023-04-27,17,2023,Yala,Leeks,Matale,165.0,4,34.4,365.4,79.0,0.4,4.5,11.25
994,2023-05-04,18,2023,Yala,Leeks,Matale,245.0,5,29.1,143.6,80.5,0.4,4.5,11.25
1004,2023-05-11,19,2023,Yala,Leeks,Matale,200.0,5,29.1,143.6,80.5,0.4,4.5,11.25
1014,2023-05-18,20,2023,Yala,Leeks,Matale,260.0,5,29.1,143.6,80.5,0.4,4.5,11.25
1024,2023-05-25,21,2023,Yala,Leeks,Matale,285.0,5,29.1,143.6,80.5,0.4,4.5,11.25
1034,2023-06-01,22,2023,Yala,Leeks,Matale,225.0,6,29.2,93.6,79.5,0.4,4.5,11.25
1044,2023-06-08,23,2023,Yala,Leeks,Matale,280.0,6,29.2,93.6,79.5,0.4,4.5,11.25
1054,2023-06-15,24,2023,Yala,Leeks,Matale,220.0,6,29.2,93.6,79.5,0.4,4.5,11.25
1072,2023-06-22,25,2023,Yala,Leeks,Matale,175.0,6,29.2,93.6,79.5,0.4,4.5,11.25
1073,2023-06-22,25,2023,Yala,Leeks,Matale,175.0,6,29.2,93.6,79.5,0.4,4.5,11.25
1084,2023-06-29,26,2023,Yala,Leeks,Matale,190.0,6,29.2,93.6,79.5,0.4,4.5,11.25
1094,2023-07-06,27,2023,Yala,Leeks,Matale,170.0,7,28.6,64.8,78.5,0.4,4.5,11.25
1104,2023-07-13,28,2023,Yala,Leeks,Matale,140.0,7,28.6,64.8,78.5,0.4,4.5,11.25
1114,2023-07-20,29,2023,Yala,Leeks,Matale,140.0,7,28.6,64.8,78.5,0.4,4.5,11.25
1124,2023-07-27,30,2023,Yala,Leeks,Matale,130.0,7,28.6,64.8,78.5,0.4,4.5,11.25
1134,2023-08-03,31,2023,Yala,Leeks,Matale,115.0,8,29.7,46.5,72.5,0.4,4.5,11.25
1144,2023-08-10,32,2023,Yala,Leeks,Matale,140.0,8,29.7,46.5,72.5,0.4,4.5,11.25
1154,2023-08-17,33,2023,Yala,Leeks,Matale,110.0,8,29.7,46.5,72.5,0.4,4.5,11.25
1164,2023-08-24,34,2023,Yala,Leeks,Matale,95.0,8,29.7,46.5,72.5,0.4,4.5,11.25
1174,2023-08-31,35,2023,Yala,Leeks,Matale,90.0,8,29.7,46.5,72.5,0.4,4.5,11.25
1184,2023-09-07,36,2023,Maha,Leeks,Matale,75.0,9,27.5,310.8,85.0,0.8,9.3,11.625
1194,2023-09-14,37,2023,Maha,Leeks,Matale,70.0,9,27.5,310.8,85.0,0.8,9.3,11.625
1204,2023-09-21,38,2023,Maha,Leeks,Matale,65.0,9,27.5,310.8,85.0,0.8,9.3,11.625
1214,2023-09-28,39,2023,Maha,Leeks,Matale,55.0,9,27.5,310.8,85.0,0.8,9.3,11.625
1224,2023-10-05,40,2023,Maha,Leeks,Matale,85.0,10,27.6,489.1,87.0,0.8,9.3,11.625
1234,2023-10-12,41,2023,Maha,Leeks,Matale,65.0,10,27.6,489.1,87.0,0.8,9.3,11.625
1244,2023-10-19,42,2023,Maha,Leeks,Matale,80.0,10,27.6,489.1,87.0,0.8,9.3,11.625
1254,2023-10-26,43,2023,Maha,Leeks,Matale,60.0,10,27.6,489.1,87.0,0.8,9.3,11.625
1264,2023-11-02,44,2023,Maha,Leeks,Matale,140.0,11,27.9,538.4,87.0,0.8,9.3,11.625
1274,2023-11-09,45,2023,Maha,Leeks,Matale,95.0,11,27.9,538.4,87.0,0.8,9.3,11.625
1284,2023-11-16,46,2023,Maha,Leeks,Matale,220.0,11,27.9,538.4,87.0,0.8,9.3,11.625
1294,2023-11-23,47,2023,Maha,Leeks,Matale,140.0,11,27.9,538.4,87.0,0.8,9.3,11.625
1304,2023-11-30,48,2023,Maha,Leeks,Matale,210.0,11,27.9,538.4,87.0,0.8,9.3,11.625
1314,2023-12-07,49,2023,Maha,Leeks,Matale,210.0,12,27.4,205.4,86.0,0.8,9.3,11.625
1324,2023-12-14,50,2023,Maha,Leeks,Matale,230.0,12,27.4,205.4,86.0,0.8,9.3,11.625
1334,2023-12-21,51,2023,Maha,Leeks,Matale,225.0,12,27.4,205.4,86.0,0.8,9.3,11.625
1344,2023-12-28,52,2023,Maha,Leeks,Matale,315.0,12,27.4,205.4,86.0,0.8,9.3,11.625
1354,2024-01-04,1,2024,Maha,Leeks,Matale,325.0,1,27.1,232.4,80.0,0.7,4.2,6.000000000000001
1364,2024-01-11,2,2024,Maha,Leeks,Matale,310.0,1,27.1,232.4,80.0,0.7,4.2,6.000000000000001
1374,2024-01-18,3,2024,Maha,Leeks,Matale,430.0,1,27.1,232.4,80.0,0.7,4.2,6.000000000000001
1384,2024-01-25,4,2024,Maha,Leeks,Matale,390.0,1,27.1,232.4,80.0,0.7,4.2,6.000000000000001
1394,2024-02-01,5,2024,Maha,Leeks,Matale,500.0,2,28.8,8.5,72.0,0.7,4.2,6.000000000000001
1404,2024-02-08,6,2024,Maha,Leeks,Matale,475.0,2,28.8,8.5,72.0,0.7,4.2,6.000000000000001
1414,2024-02-15,7,2024,Maha,Leeks,Matale,275.0,2,28.8,8.5,72.0,0.7,4.2,6.000000000000001
1424,2024-02-22,8,2024,Maha,Leeks,Matale,325.0,2,28.8,8.5,72.0,0.7,4.2,6.000000000000001
1434,2024-02-29,9,2024,Maha,Leeks,Matale,225.0,2,28.8,8.5,72.0,0.7,4.2,6.000000000000001
1444,2024-03-07,10,2024,Maha,Leeks,Matale,210.0,3,30.7,13.7,69.0,0.7,4.2,6.000000000000001
1454,2024-03-14,11,2024,Maha,Leeks,Matale,220.0,3,30.7,13.7,69.0,0.7,4.2,6.000000000000001
1464,2024-03-21,12,2024,Maha,Leeks,Matale,200.0,3,30.7,13.7,69.0,0.7,4.2,6.000000000000001
1474,2024-03-28,13,2024,Maha,Leeks,Matale,150.0,3,30.7,13.7,69.0,0.7,4.2,6.000000000000001
1484,2024-04-04,14,2024,Yala,Leeks,Matale,155.0,4,30.6,241.2,78.5,0.2,1.1,5.5
1499,2024-04-25,17,2024,Yala,Leeks,Matale,160.0,4,30.6,241.2,78.5,0.2,1.1,5.5
1509,2024-05-02,18,2024,Yala,Leeks,Matale,180.0,5,28.8,448.1,86.5,0.2,1.1,5.5
1524,2024-05-16,20,2024,Yala,Leeks,Matale,210.0,5,28.8,448.1,86.5,0.2,1.1,5.5
1537,2024-05-23,21,2024,Yala,Leeks,Matale,200.0,5,28.8,448.1,86.5,0.2,1.1,5.5
1538,2024-05-23,21,2024,Yala,Leeks,Matale,200.0,5,28.8,448.1,86.5,0.2,1.1,5.5
1549,2024-05-30,22,2024,Yala,Leeks,Matale,240.0,5,28.8,448.1,86.5,0.2,1.1,5.5
1559,2024-06-06,23,2024,Yala,Leeks,Matale,380.0,6,28.4,136.5,83.5,0.2,1.1,5.5
1569,2024-06-13,24,2024,Yala,Leeks,Matale,490.0,6,28.4,136.5,83.5,0.2,1.1,5.5
1579,2024-06-20,25,2024,Yala,Leeks,Matale,425.0,6,28.4,136.5,83.5,0.2,1.1,5.5
1589,2024-06-27,26,2024,Yala,Leeks,Matale,575.0,6,28.4,136.5,83.5,0.2,1.1,5.5
1599,2024-07-04,27,2024,Yala,Leeks,Matale,385.0,7,28.6,141.9,79.5,0.2,1.1,5.5
1609,2024-07-11,28,2024,Yala,Leeks,Matale,365.0,7,28.6,141.9,79.5,0.2,1.1,5.5
1619,2024-07-18,29,2024,Yala,Leeks,Matale,385.0,7,28.6,141.9,79.5,0.2,1.1,5.5
1629,2024-07-25,30,2024,Yala,Leeks,Matale,390.0,7,28.6,141.9,79.5,0.2,1.1,5.5
1639,2024-08-01,31,2024,Yala,Leeks,Matale,375.0,8,28.4,200.0,82.5,0.2,1.1,5.5
1649,2024-08-08,32,2024,Yala,Leeks,Matale,325.0,8,28.4,200.0,82.5,0.2,1.1,5.5
1659,2024-08-15,33,2024,Yala,Leeks,Matale,220.0,8,28.4,200.0,82.5,0.2,1.1,5.5
1669,2024-08-22,34,2024,Yala,Leeks,Matale,220.0,8,28.4,200.0,82.5,0.2,1.1,5.5
1679,2024-08-29,35,2024,Yala,Leeks,Matale,220.0,8,28.4,200.0,82.5,0.2,1.1,5.5
1689,2024-09-05,36,2024,Maha,Leeks,Matale,210.0,9,28.7,82.3,81.0,0.7,4.2,6.000000000000001
1699,2024-09-12,37,2024,Maha,Leeks,Matale,205.0,9,28.7,82.3,81.0,0.7,4.2,6.000000000000001
1709,2024-09-19,38,2024,Maha,Leeks,Matale,210.0,9,28.7,82.3,81.0,0.7,4.2,6.000000000000001
1719,2024-09-26,39,2024,Maha,Leeks,Matale,225.0,9,28.7,82.3,81.0,0.7,4.2,6.000000000000001
1729,2024-10-03,40,2024,Maha,Leeks,Matale,190.0,10,27.9,190.1,83.5,0.7,4.2,6.000000000000001
1739,2024-10-10,41,2024,Maha,Leeks,Matale,135.0,10,27.9,190.1,83.5,0.7,4.2,6.000000000000001
1749,2024-10-17,42,2024,Maha,Leeks,Matale,120.0,10,27.9,190.1,83.5,0.7,4.2,6.000000000000001
1759,2024-10-24,43,2024,Maha,Leeks,Matale,140.0,10,27.9,190.1,83.5,0.7,4.2,6.000000000000001
1769,2024-10-31,44,2024,Maha,Leeks,Matale,165.0,10,27.9,190.1,83.5,0.7,4.2,6.000000000000001
1779,2024-11-07,45,2024,Maha,Leeks,Matale,150.0,11,27.1,658.2,87.5,0.7,4.2,6.000000000000001
1789,2024-11-14,46,2024,Maha,Leeks,Matale,140.0,11,27.1,658.2,87.5,0.7,4.2,6.000000000000001
1799,2024-11-21,47,2024,Maha,Leeks,Matale,125.0,11,27.1,658.2,87.5,0.7,4.2,6.000000000000001
1809,2024-11-28,48,2024,Maha,Leeks,Matale,130.0,11,27.1,658.2,87.5,0.7,4.2,6.000000000000001
1819,2024-12-05,49,2024,Maha,Leeks,Matale,140.0,12,27.3,144.3,82.0,0.7,4.2,6.000000000000001
1829,2024-12-12,50,2024,Maha,Leeks,Matale,220.0,12,27.3,144.3,82.0,0.7,4.2,6.000000000000001
1839,2024-12-19,51,2024,Maha,Leeks,Matale,275.0,12,27.3,144.3,82.0,0.7,4.2,6.000000000000001
1849,2024-12-26,52,2024,Maha,Leeks,Matale,175.0,12,27.3,144.3,82.0,0.7,4.2,6.000000000000001
1859,2025-01-09,2,2025,Maha,Leeks,Matale,200.0,1,24.0,397.7,72.5,0.8,7.8,9.75
1869,2025-01-16,3,2025,Maha,Leeks,Matale,165.0,1,24.0,397.7,72.5,0.8,7.8,9.75
1879,2025-01-23,4,2025,Maha,Leeks,Matale,235.0,1,24.0,397.7,72.5,0.8,7.8,9.75
1889,2025-01-30,5,2025,Maha,Leeks,Matale,190.0,1,24.0,397.7,72.5,0.8,7.8,9.75
1899,2025-02-06,6,2025,Maha,Leeks,Matale,270.0,2,24.0,61.1,66.0,0.8,7.8,9.75
1909,2025-02-13,7,2025,Maha,Leeks,Matale,250.0,2,24.0,61.1,66.0,0.8,7.8,9.75
1924,2025-02-27,9,2025,Maha,Leeks,Matale,200.0,2,24.0,61.1,66.0,0.8,7.8,9.75
1934,2025-03-06,10,2025,Maha,Leeks,Matale,175.0,3,26.0,82.5,64.0,0.8,7.8,9.75
1944,2025-03-13,11,2025,Maha,Leeks,Matale,180.0,3,26.0,82.5,64.0,0.8,7.8,9.75
1954,2025-03-20,12,2025,Maha,Leeks,Matale,160.0,3,26.0,82.5,64.0,0.8,7.8,9.75
1964,2025-03-27,13,2025,Maha,Leeks,Matale,160.0,3,26.0,82.5,64.0,0.8,7.8,9.75
1974,2025-04-03,14,2025,Yala,Leeks,Matale,150.0,4,26.0,204.7,73.5,0.3,3.4,11.33333333333333
1984,2025-04-10,15,2025,Yala,Leeks,Matale,150.0,4,26.0,204.7,73.5,0.3,3.4,11.33333333333333
1994,2025-04-24,17,2025,Yala,Leeks,Matale,125.0,4,26.0,204.7,73.5,0.3,3.4,11.33333333333333
2004,2025-05-01,18,2025,Yala,Leeks,Matale,165.0,5,27.0,55.7,71.0,0.3,3.4,11.33333333333333
2014,2025-05-08,19,2025,Yala,Leeks,Matale,165.0,5,27.0,55.7,71.0,0.3,3.4,11.33333333333333
2024,2025-05-15,20,2025,Yala,Leeks,Matale,200.0,5,27.0,55.7,71.0,0.3,3.4,11.33333333333333
2034,2025-05-22,21,2025,Yala,Leeks,Matale,200.0,5,27.0,55.7,71.0,0.3,3.4,11.33333333333333
2044,2025-05-29,22,2025,Yala,Leeks,Matale,200.0,5,27.0,55.7,71.0,0.3,3.4,11.33333333333333
2059,2025-06-12,24,2025,Yala,Leeks,Matale,330.0,6,27.0,35.9,69.0,0.3,3.4,11.33333333333333
2069,2025-06-19,25,2025,Yala,Leeks,Matale,275.0,6,27.0,35.9,69.0,0.3,3.4,11.33333333333333
2079,2025-06-26,26,2025,Yala,Leeks,Matale,215.0,6,27.0,35.9,69.0,0.3,3.4,11.33333333333333
2089,2025-07-03,27,2025,Yala,Leeks,Matale,155.0,7,27.0,44.0,68.0,0.3,3.4,11.33333333333333
2099,2025-07-10,28,2025,Yala,Leeks,Matale,180.0,7,27.0,44.0,68.0,0.3,3.4,11.33333333333333
2109,2025-07-17,29,2025,Yala,Leeks,Matale,175.0,7,27.0,44.0,68.0,0.3,3.4,11.33333333333333
2119,2025-07-24,30,2025,Yala,Leeks,Matale,150.0,7,27.0,44.0,68.0,0.3,3.4,11.33333333333333
2129,2025-07-31,31,2025,Yala,Leeks,Matale,115.0,7,27.0,44.0,68.0,0.3,3.4,11.33333333333333
2139,2025-08-07,32,2025,Yala,Leeks,Matale,120.0,8,27.0,46.9,67.5,0.3,3.4,11.33333333333333
2149,2025-08-14,33,2025,Yala,Leeks,Matale,130.0,8,27.0,46.9,67.5,0.3,3.4,11.33333333333333
2159,2025-08-21,34,2025,Yala,Leeks,Matale,120.0,8,27.0,46.9,67.5,0.3,3.4,11.33333333333333
2169,2025-08-28,35,2025,Yala,Leeks,Matale,115.0,8,27.0,46.9,67.5,0.3,3.4,11.33333333333333
2179,2025-09-04,36,2025,Maha,Leeks,Matale,115.0,9,27.0,70.8,70.0,0.8,7.8,9.75
2189,2025-09-11,37,2025,Maha,Leeks,Matale,115.0,9,27.0,70.8,70.0,0.8,7.8,9.75
2199,2025-09-18,38,2025,Maha,Leeks,Matale,90.0,9,27.0,70.8,70.0,0.8,7.8,9.75
2209,2025-09-25,39,2025,Maha,Leeks,Matale,85.0,9,27.0,70.8,70.0,0.8,7.8,9.75
2219,2025-10-02,40,2025,Maha,Leeks,Matale,90.0,10,26.0,343.5,80.0,0.8,7.8,9.75
2229,2025-10-09,41,2025,Maha,Leeks,Matale,110.0,10,26.0,343.5,80.0,0.8,7.8,9.75
2239,2025-10-16,42,2025,Maha,Leeks,Matale,90.0,10,26.0,343.5,80.0,0.8,7.8,9.75
2249,2025-10-23,43,2025,Maha,Leeks,Matale,80.0,10,26.0,343.5,80.0,0.8,7.8,9.75
2259,2025-10-30,44,2025,Maha,Leeks,Matale,115.0,10,26.0,343.5,80.0,0.8,7.8,9.75
2269,2025-11-06,45,2025,Maha,Leeks,Matale,120.0,11,25.0,634.7,83.5,0.8,7.8,9.75
2279,2025-11-13,46,2025,Maha,Leeks,Matale,135.0,11,25.0,634.7,83.5,0.8,7.8,9.75
2289,2025-11-20,47,2025,Maha,Leeks,Matale,90.0,11,25.0,634.7,83.5,0.8,7.8,9.75
2299,2025-12-04,49,2025,Maha,Leeks,Matale,300.0,12,24.0,241.0,78.0,0.8,7.8,9.75
5,2021-01-04,1,2021,Maha,Okra,Kandy,75.0,1,24.5,143.1,87.0,134.4,1408.5,10.47991071428571
15,2021-01-07,1,2021,Maha,Okra,Kandy,115.0,1,24.5,143.1,87.0,134.4,1408.5,10.47991071428571
25,2021-01-28,4,2021,Maha,Okra,Kandy,170.0,1,24.5,143.1,87.0,134.4,1408.5,10.47991071428571
30,2021-02-12,6,2021,Maha,Okra,Kandy,145.0,2,25.0,54.6,80.5,134.4,1408.5,10.47991071428571
40,2021-02-18,7,2021,Maha,Okra,Kandy,155.0,2,25.0,54.6,80.5,134.4,1408.5,10.47991071428571
50,2021-02-25,8,2021,Maha,Okra,Kandy,115.0,2,25.0,54.6,80.5,134.4,1408.5,10.47991071428571
60,2021-03-18,11,2021,Maha,Okra,Kandy,95.0,3,26.0,86.4,80.5,134.4,1408.5,10.47991071428571
70,2021-03-25,12,2021,Maha,Okra,Kandy,85.0,3,26.0,86.4,80.5,134.4,1408.5,10.47991071428571
85,2021-04-03,13,2021,Yala,Okra,Kandy,115.0,4,26.4,285.6,83.5,108.0,1368.4,12.67037037037037
95,2021-04-11,14,2021,Yala,Okra,Kandy,105.0,4,26.4,285.6,83.5,108.0,1368.4,12.67037037037037
105,2021-04-22,16,2021,Yala,Okra,Kandy,55.0,4,26.4,285.6,83.5,108.0,1368.4,12.67037037037037
115,2021-04-29,17,2021,Yala,Okra,Kandy,65.0,4,26.4,285.6,83.5,108.0,1368.4,12.67037037037037
125,2021-05-08,18,2021,Yala,Okra,Kandy,85.0,5,26.1,326.9,87.5,108.0,1368.4,12.67037037037037
135,2021-05-13,19,2021,Yala,Okra,Kandy,55.0,5,26.1,326.9,87.5,108.0,1368.4,12.67037037037037
140,2021-05-20,20,2021,Yala,Okra,Kandy,70.0,5,26.1,326.9,87.5,108.0,1368.4,12.67037037037037
145,2021-06-05,22,2021,Yala,Okra,Kandy,65.0,6,25.5,125.4,85.0,108.0,1368.4,12.67037037037037
150,2021-07-10,27,2021,Yala,Okra,Kandy,85.0,7,25.6,165.1,85.5,108.0,1368.4,12.67037037037037
160,2021-07-15,28,2021,Yala,Okra,Kandy,105.0,7,25.6,165.1,85.5,108.0,1368.4,12.67037037037037
170,2021-07-22,29,2021,Yala,Okra,Kandy,105.0,7,25.6,165.1,85.5,108.0,1368.4,12.67037037037037
180,2021-07-29,30,2021,Yala,Okra,Kandy,105.0,7,25.6,165.1,85.5,108.0,1368.4,12.67037037037037
190,2021-08-04,31,2021,Yala,Okra,Kandy,65.0,8,25.2,136.6,85.5,108.0,1368.4,12.67037037037037
200,2021-08-07,31,2021,Yala,Okra,Kandy,95.0,8,25.2,136.6,85.5,108.0,1368.4,12.67037037037037
210,2021-08-19,33,2021,Yala,Okra,Kandy,55.0,8,25.2,136.6,85.5,108.0,1368.4,12.67037037037037
220,2021-09-09,36,2021,Maha,Okra,Kandy,40.0,9,25.3,162.6,86.5,134.4,1408.5,10.47991071428571
230,2021-09-16,37,2021,Maha,Okra,Kandy,45.0,9,25.3,162.6,86.5,134.4,1408.5,10.47991071428571
240,2021-09-23,38,2021,Maha,Okra,Kandy,55.0,9,25.3,162.6,86.5,134.4,1408.5,10.47991071428571
250,2021-09-30,39,2021,Maha,Okra,Kandy,55.0,9,25.3,162.6,86.5,134.4,1408.5,10.47991071428571
260,2021-10-14,41,2021,Maha,Okra,Kandy,95.0,10,25.4,438.5,88.5,134.4,1408.5,10.47991071428571
270,2021-10-21,42,2021,Maha,Okra,Kandy,105.0,10,25.4,438.5,88.5,134.4,1408.5,10.47991071428571
280,2021-10-28,43,2021,Maha,Okra,Kandy,115.0,10,25.4,438.5,88.5,134.4,1408.5,10.47991071428571
295,2021-11-11,45,2021,Maha,Okra,Kandy,115.0,11,24.7,451.6,90.0,134.4,1408.5,10.47991071428571
305,2021-11-18,46,2021,Maha,Okra,Kandy,135.0,11,24.7,451.6,90.0,134.4,1408.5,10.47991071428571
315,2021-11-25,47,2021,Maha,Okra,Kandy,195.0,11,24.7,451.6,90.0,134.4,1408.5,10.47991071428571
325,2021-12-08,49,2021,Maha,Okra,Kandy,85.0,12,25.2,46.4,84.0,134.4,1408.5,10.47991071428571
340,2021-12-23,51,2021,Maha,Okra,Kandy,135.0,12,25.2,46.4,84.0,134.4,1408.5,10.47991071428571
350,2021-12-30,52,2021,Maha,Okra,Kandy,135.0,12,25.2,46.4,84.0,134.4,1408.5,10.47991071428571
360,2022-01-09,1,2022,Maha,Okra,Kandy,75.0,1,24.8,14.2,79.5,122.3,1280.2,10.46770237121832
370,2022-01-12,2,2022,Maha,Okra,Kandy,120.0,1,24.8,14.2,79.5,122.3,1280.2,10.46770237121832
380,2022-01-13,2,2022,Maha,Okra,Kandy,135.0,1,24.8,14.2,79.5,122.3,1280.2,10.46770237121832
390,2022-01-20,3,2022,Maha,Okra,Kandy,145.0,1,24.8,14.2,79.5,122.3,1280.2,10.46770237121832
400,2022-01-27,4,2022,Maha,Okra,Kandy,165.0,1,24.8,14.2,79.5,122.3,1280.2,10.46770237121832
410,2022-02-06,5,2022,Maha,Okra,Kandy,225.0,2,25.0,29.4,78.0,122.3,1280.2,10.46770237121832
420,2022-02-17,7,2022,Maha,Okra,Kandy,170.0,2,25.0,29.4,78.0,122.3,1280.2,10.46770237121832
430,2022-02-24,8,2022,Maha,Okra,Kandy,155.0,2,25.0,29.4,78.0,122.3,1280.2,10.46770237121832
440,2022-03-02,9,2022,Maha,Okra,Kandy,175.0,3,26.5,80.0,80.0,122.3,1280.2,10.46770237121832
450,2022-03-03,9,2022,Maha,Okra,Kandy,95.0,3,26.5,80.0,80.0,122.3,1280.2,10.46770237121832
460,2022-03-11,10,2022,Maha,Okra,Kandy,115.0,3,26.5,80.0,80.0,122.3,1280.2,10.46770237121832
470,2022-03-17,11,2022,Maha,Okra,Kandy,65.0,3,26.5,80.0,80.0,122.3,1280.2,10.46770237121832
480,2022-03-24,12,2022,Maha,Okra,Kandy,53.0,3,26.5,80.0,80.0,122.3,1280.2,10.46770237121832
490,2022-03-31,13,2022,Maha,Okra,Kandy,75.0,3,26.5,80.0,80.0,122.3,1280.2,10.46770237121832
500,2022-04-08,14,2022,Yala,Okra,Kandy,155.0,4,26.3,250.2,85.5,175.1,1442.1,8.235865219874357
510,2022-04-21,16,2022,Yala,Okra,Kandy,75.0,4,26.3,250.2,85.5,175.1,1442.1,8.235865219874357
520,2022-05-05,18,2022,Yala,Okra,Kandy,115.0,5,25.5,230.55,84.5,175.1,1442.1,8.235865219874357
530,2022-05-19,20,2022,Yala,Okra,Kandy,155.0,5,25.5,230.55,84.5,175.1,1442.1,8.235865219874357
540,2022-05-26,21,2022,Yala,Okra,Kandy,225.0,5,25.5,230.55,84.5,175.1,1442.1,8.235865219874357
550,2022-06-10,23,2022,Yala,Okra,Kandy,120.0,6,25.5,19.5,83.0,175.1,1442.1,8.235865219874357
560,2022-06-16,24,2022,Yala,Okra,Kandy,245.0,6,25.5,19.5,83.0,175.1,1442.1,8.235865219874357
570,2022-06-23,25,2022,Yala,Okra,Kandy,235.0,6,25.5,19.5,83.0,175.1,1442.1,8.235865219874357
580,2022-06-30,26,2022,Yala,Okra,Kandy,225.0,6,25.5,19.5,83.0,175.1,1442.1,8.235865219874357
590,2022-07-04,27,2022,Yala,Okra,Kandy,75.0,7,25.5,157.5,82.5,175.1,1442.1,8.235865219874357
600,2022-07-07,27,2022,Yala,Okra,Kandy,140.0,7,25.5,157.5,82.5,175.1,1442.1,8.235865219874357
610,2022-07-14,28,2022,Yala,Okra,Kandy,225.0,7,25.5,157.5,82.5,175.1,1442.1,8.235865219874357
620,2022-07-21,29,2022,Yala,Okra,Kandy,210.0,7,25.5,157.5,82.5,175.1,1442.1,8.235865219874357
630,2022-07-28,30,2022,Yala,Okra,Kandy,180.0,7,25.5,157.5,82.5,175.1,1442.1,8.235865219874357
640,2022-08-09,32,2022,Yala,Okra,Kandy,85.0,8,25.0,265.0,84.0,175.1,1442.1,8.235865219874357
650,2022-08-12,32,2022,Yala,Okra,Kandy,95.0,8,25.0,265.0,84.0,175.1,1442.1,8.235865219874357
660,2022-08-18,33,2022,Yala,Okra,Kandy,120.0,8,25.0,265.0,84.0,175.1,1442.1,8.235865219874357
670,2022-08-25,34,2022,Yala,Okra,Kandy,85.0,8,25.0,265.0,84.0,175.1,1442.1,8.235865219874357
680,2022-09-06,36,2022,Maha,Okra,Kandy,230.0,9,24.9,171.9,82.5,122.3,1280.2,10.46770237121832
690,2022-09-15,37,2022,Maha,Okra,Kandy,105.0,9,24.9,171.9,82.5,122.3,1280.2,10.46770237121832
700,2022-09-22,38,2022,Maha,Okra,Kandy,125.0,9,24.9,171.9,82.5,122.3,1280.2,10.46770237121832
710,2022-09-29,39,2022,Maha,Okra,Kandy,110.0,9,24.9,171.9,82.5,122.3,1280.2,10.46770237121832
720,2022-10-02,39,2022,Maha,Okra,Kandy,170.0,10,24.7,249.7,87.0,122.3,1280.2,10.46770237121832
730,2022-10-03,40,2022,Maha,Okra,Kandy,95.0,10,24.7,249.7,87.0,122.3,1280.2,10.46770237121832
740,2022-10-11,41,2022,Maha,Okra,Kandy,135.0,10,24.7,249.7,87.0,122.3,1280.2,10.46770237121832
750,2022-10-13,41,2022,Maha,Okra,Kandy,135.0,10,24.7,249.7,87.0,122.3,1280.2,10.46770237121832
760,2022-10-20,42,2022,Maha,Okra,Kandy,115.0,10,24.7,249.7,87.0,122.3,1280.2,10.46770237121832
770,2022-10-27,43,2022,Maha,Okra,Kandy,125.0,10,24.7,249.7,87.0,122.3,1280.2,10.46770237121832
780,2022-11-08,45,2022,Maha,Okra,Kandy,145.0,11,24.6,292.4,85.5,122.3,1280.2,10.46770237121832
790,2022-11-17,46,2022,Maha,Okra,Kandy,130.0,11,24.6,292.4,85.5,122.3,1280.2,10.46770237121832
800,2022-11-24,47,2022,Maha,Okra,Kandy,150.0,11,24.6,292.4,85.5,122.3,1280.2,10.46770237121832
810,2022-12-15,50,2022,Maha,Okra,Kandy,125.0,12,23.7,292.3,87.5,122.3,1280.2,10.46770237121832
820,2022-12-22,51,2022,Maha,Okra,Kandy,130.0,12,23.7,292.3,87.5,122.3,1280.2,10.46770237121832
830,2022-12-29,52,2022,Maha,Okra,Kandy,140.0,12,23.7,292.3,87.5,122.3,1280.2,10.46770237121832
840,2023-01-12,2,2023,Maha,Okra,Kandy,145.0,1,23.5,45.3,83.5,108.2,1052.5,9.727356746765249
850,2023-01-19,3,2023,Maha,Okra,Kandy,195.0,1,23.5,45.3,83.5,108.2,1052.5,9.727356746765249
860,2023-01-26,4,2023,Maha,Okra,Kandy,190.0,1,23.5,45.3,83.5,108.2,1052.5,9.727356746765249
870,2023-02-02,5,2023,Maha,Okra,Kandy,210.0,2,24.4,90.5,82.0,108.2,1052.5,9.727356746765249
880,2023-02-09,6,2023,Maha,Okra,Kandy,210.0,2,24.4,90.5,82.0,108.2,1052.5,9.727356746765249
890,2023-02-16,7,2023,Maha,Okra,Kandy,205.0,2,24.4,90.5,82.0,108.2,1052.5,9.727356746765249
900,2023-02-23,8,2023,Maha,Okra,Kandy,210.0,2,24.4,90.5,82.0,108.2,1052.5,9.727356746765249
910,2023-03-02,9,2023,Maha,Okra,Kandy,215.0,3,26.2,66.5,81.0,108.2,1052.5,9.727356746765249
920,2023-03-09,10,2023,Maha,Okra,Kandy,205.0,3,26.2,66.5,81.0,108.2,1052.5,9.727356746765249
930,2023-03-16,11,2023,Maha,Okra,Kandy,190.0,3,26.2,66.5,81.0,108.2,1052.5,9.727356746765249
940,2023-03-23,12,2023,Maha,Okra,Kandy,145.0,3,26.2,66.5,81.0,108.2,1052.5,9.727356746765249
950,2023-03-30,13,2023,Maha,Okra,Kandy,115.0,3,26.2,66.5,81.0,108.2,1052.5,9.727356746765249
960,2023-04-06,14,2023,Yala,Okra,Kandy,95.0,4,27.0,149.9,84.0,106.2,1341.1,12.62806026365348
970,2023-04-20,16,2023,Yala,Okra,Kandy,85.0,4,27.0,149.9,84.0,106.2,1341.1,12.62806026365348
980,2023-04-27,17,2023,Yala,Okra,Kandy,95.0,4,27.0,149.9,84.0,106.2,1341.1,12.62806026365348
990,2023-05-04,18,2023,Yala,Okra,Kandy,130.0,5,26.6,134.2,85.0,106.2,1341.1,12.62806026365348
1000,2023-05-11,19,2023,Yala,Okra,Kandy,120.0,5,26.6,134.2,85.0,106.2,1341.1,12.62806026365348
1010,2023-05-18,20,2023,Yala,Okra,Kandy,155.0,5,26.6,134.2,85.0,106.2,1341.1,12.62806026365348
1020,2023-05-25,21,2023,Yala,Okra,Kandy,140.0,5,26.6,134.2,85.0,106.2,1341.1,12.62806026365348
1030,2023-06-01,22,2023,Yala,Okra,Kandy,140.0,6,26.1,72.8,84.5,106.2,1341.1,12.62806026365348
1040,2023-06-08,23,2023,Yala,Okra,Kandy,130.0,6,26.1,72.8,84.5,106.2,1341.1,12.62806026365348
1050,2023-06-15,24,2023,Yala,Okra,Kandy,145.0,6,26.1,72.8,84.5,106.2,1341.1,12.62806026365348
1064,2023-06-22,25,2023,Yala,Okra,Kandy,175.0,6,26.1,72.8,84.5,106.2,1341.1,12.62806026365348
1065,2023-06-22,25,2023,Yala,Okra,Kandy,175.0,6,26.1,72.8,84.5,106.2,1341.1,12.62806026365348
1080,2023-06-29,26,2023,Yala,Okra,Kandy,195.0,6,26.1,72.8,84.5,106.2,1341.1,12.62806026365348
1090,2023-07-06,27,2023,Yala,Okra,Kandy,190.0,7,25.8,64.2,480.5,106.2,1341.1,12.62806026365348
1100,2023-07-13,28,2023,Yala,Okra,Kandy,155.0,7,25.8,64.2,480.5,106.2,1341.1,12.62806026365348
1110,2023-07-20,29,2023,Yala,Okra,Kandy,135.0,7,25.8,64.2,480.5,106.2,1341.1,12.62806026365348
1120,2023-07-27,30,2023,Yala,Okra,Kandy,95.0,7,25.8,64.2,480.5,106.2,1341.1,12.62806026365348
1130,2023-08-03,31,2023,Yala,Okra,Kandy,110.0,8,26.5,27.1,76.5,106.2,1341.1,12.62806026365348
1140,2023-08-10,32,2023,Yala,Okra,Kandy,85.0,8,26.5,27.1,76.5,106.2,1341.1,12.62806026365348
1150,2023-08-17,33,2023,Yala,Okra,Kandy,75.0,8,26.5,27.1,76.5,106.2,1341.1,12.62806026365348
1160,2023-08-24,34,2023,Yala,Okra,Kandy,75.0,8,26.5,27.1,76.5,106.2,1341.1,12.62806026365348
1170,2023-08-31,35,2023,Yala,Okra,Kandy,95.0,8,26.5,27.1,76.5,106.2,1341.1,12.62806026365348
1180,2023-09-07,36,2023,Maha,Okra,Kandy,75.0,9,25.2,175.1,86.0,108.2,1052.5,9.727356746765249
1190,2023-09-14,37,2023,Maha,Okra,Kandy,95.0,9,25.2,175.1,86.0,108.2,1052.5,9.727356746765249
1200,2023-09-21,38,2023,Maha,Okra,Kandy,95.0,9,25.2,175.1,86.0,108.2,1052.5,9.727356746765249
1210,2023-09-28,39,2023,Maha,Okra,Kandy,100.0,9,25.2,175.1,86.0,108.2,1052.5,9.727356746765249
1220,2023-10-05,40,2023,Maha,Okra,Kandy,105.0,10,25.5,505.5,88.5,108.2,1052.5,9.727356746765249
1230,2023-10-12,41,2023,Maha,Okra,Kandy,100.0,10,25.5,505.5,88.5,108.2,1052.5,9.727356746765249
1240,2023-10-19,42,2023,Maha,Okra,Kandy,110.0,10,25.5,505.5,88.5,108.2,1052.5,9.727356746765249
1250,2023-10-26,43,2023,Maha,Okra,Kandy,140.0,10,25.5,505.5,88.5,108.2,1052.5,9.727356746765249
1260,2023-11-02,44,2023,Maha,Okra,Kandy,165.0,11,26.0,545.5,88.5,108.2,1052.5,9.727356746765249
1270,2023-11-09,45,2023,Maha,Okra,Kandy,170.0,11,26.0,545.5,88.5,108.2,1052.5,9.727356746765249
1280,2023-11-16,46,2023,Maha,Okra,Kandy,175.0,11,26.0,545.5,88.5,108.2,1052.5,9.727356746765249
1290,2023-11-23,47,2023,Maha,Okra,Kandy,175.0,11,26.0,545.5,88.5,108.2,1052.5,9.727356746765249
1300,2023-11-30,48,2023,Maha,Okra,Kandy,170.0,11,26.0,545.5,88.5,108.2,1052.5,9.727356746765249
1310,2023-12-07,49,2023,Maha,Okra,Kandy,170.0,12,25.3,388.2,89.0,108.2,1052.5,9.727356746765249
1320,2023-12-14,50,2023,Maha,Okra,Kandy,145.0,12,25.3,388.2,89.0,108.2,1052.5,9.727356746765249
1330,2023-12-21,51,2023,Maha,Okra,Kandy,160.0,12,25.3,388.2,89.0,108.2,1052.5,9.727356746765249
1340,2023-12-28,52,2023,Maha,Okra,Kandy,190.0,12,25.3,388.2,89.0,108.2,1052.5,9.727356746765249
1350,2024-01-04,1,2024,Maha,Okra,Kandy,165.0,1,25.0,171.9,84.75,112.1,1189.2,10.60838537020518
1360,2024-01-11,2,2024,Maha,Okra,Kandy,205.0,1,25.0,171.9,84.75,112.1,1189.2,10.60838537020518
1370,2024-01-18,3,2024,Maha,Okra,Kandy,345.0,1,25.0,171.9,84.75,112.1,1189.2,10.60838537020518
1380,2024-01-25,4,2024,Maha,Okra,Kandy,350.0,1,25.0,171.9,84.75,112.1,1189.2,10.60838537020518
1390,2024-02-01,5,2024,Maha,Okra,Kandy,360.0,2,25.9,56.4,79.0,112.1,1189.2,10.60838537020518
1400,2024-02-08,6,2024,Maha,Okra,Kandy,285.0,2,25.9,56.4,79.0,112.1,1189.2,10.60838537020518
1410,2024-02-15,7,2024,Maha,Okra,Kandy,290.0,2,25.9,56.4,79.0,112.1,1189.2,10.60838537020518
1420,2024-02-22,8,2024,Maha,Okra,Kandy,260.0,2,25.9,56.4,79.0,112.1,1189.2,10.60838537020518
1430,2024-02-29,9,2024,Maha,Okra,Kandy,190.0,2,25.9,56.4,79.0,112.1,1189.2,10.60838537020518
1440,2024-03-07,10,2024,Maha,Okra,Kandy,165.0,3,27.2,31.0,75.0,112.1,1189.2,10.60838537020518
1450,2024-03-14,11,2024,Maha,Okra,Kandy,130.0,3,27.2,31.0,75.0,112.1,1189.2,10.60838537020518
1460,2024-03-21,12,2024,Maha,Okra,Kandy,85.0,3,27.2,31.0,75.0,112.1,1189.2,10.60838537020518
1470,2024-03-28,13,2024,Maha,Okra,Kandy,50.0,3,27.2,31.0,75.0,112.1,1189.2,10.60838537020518
1480,2024-04-04,14,2024,Yala,Okra,Kandy,70.0,4,28.4,20.5,78.5,105.0,1325.9,12.62761904761905
1495,2024-04-25,17,2024,Yala,Okra,Kandy,85.0,4,28.4,20.5,78.5,105.0,1325.9,12.62761904761905
1505,2024-05-02,18,2024,Yala,Okra,Kandy,125.0,5,26.9,343.3,86.0,105.0,1325.9,12.62761904761905
1515,2024-05-11,19,2024,Yala,Okra,Kandy,65.0,5,26.9,343.3,86.0,105.0,1325.9,12.62761904761905
1520,2024-05-16,20,2024,Yala,Okra,Kandy,125.0,5,26.9,343.3,86.0,105.0,1325.9,12.62761904761905
1530,2024-05-23,21,2024,Yala,Okra,Kandy,125.0,5,26.9,343.3,86.0,105.0,1325.9,12.62761904761905
1545,2024-05-30,22,2024,Yala,Okra,Kandy,125.0,5,26.9,343.3,86.0,105.0,1325.9,12.62761904761905
1555,2024-06-06,23,2024,Yala,Okra,Kandy,170.0,6,25.9,128.8,85.5,105.0,1325.9,12.62761904761905
1565,2024-06-13,24,2024,Yala,Okra,Kandy,150.0,6,25.9,128.8,85.5,105.0,1325.9,12.62761904761905
1575,2024-06-20,25,2024,Yala,Okra,Kandy,165.0,6,25.9,128.8,85.5,105.0,1325.9,12.62761904761905
1585,2024-06-27,26,2024,Yala,Okra,Kandy,160.0,6,25.9,128.8,85.5,105.0,1325.9,12.62761904761905
1595,2024-07-04,27,2024,Yala,Okra,Kandy,165.0,7,26.0,134.7,82.5,105.0,1325.9,12.62761904761905
1605,2024-07-11,28,2024,Yala,Okra,Kandy,155.0,7,26.0,134.7,82.5,105.0,1325.9,12.62761904761905
1615,2024-07-18,29,2024,Yala,Okra,Kandy,155.0,7,26.0,134.7,82.5,105.0,1325.9,12.62761904761905
1625,2024-07-25,30,2024,Yala,Okra,Kandy,140.0,7,26.0,134.7,82.5,105.0,1325.9,12.62761904761905
1635,2024-08-01,31,2024,Yala,Okra,Kandy,140.0,8,25.9,145.7,85.5,105.0,1325.9,12.62761904761905
1645,2024-08-08,32,2024,Yala,Okra,Kandy,75.0,8,25.9,145.7,85.5,105.0,1325.9,12.62761904761905
1655,2024-08-15,33,2024,Yala,Okra,Kandy,75.0,8,25.9,145.7,85.5,105.0,1325.9,12.62761904761905
1665,2024-08-22,34,2024,Yala,Okra,Kandy,65.0,8,25.9,145.7,85.5,105.0,1325.9,12.62761904761905
1675,2024-08-29,35,2024,Yala,Okra,Kandy,65.0,8,25.9,145.7,85.5,105.0,1325.9,12.62761904761905
1685,2024-09-05,36,2024,Maha,Okra,Kandy,65.0,9,25.7,95.8,84.5,112.1,1189.2,10.60838537020518
1695,2024-09-12,37,2024,Maha,Okra,Kandy,55.0,9,25.7,95.8,84.5,112.1,1189.2,10.60838537020518
1705,2024-09-19,38,2024,Maha,Okra,Kandy,75.0,9,25.7,95.8,84.5,112.1,1189.2,10.60838537020518
1715,2024-09-26,39,2024,Maha,Okra,Kandy,80.0,9,25.7,95.8,84.5,112.1,1189.2,10.60838537020518
1725,2024-10-03,40,2024,Maha,Okra,Kandy,75.0,10,25.8,142.1,85.5,112.1,1189.2,10.60838537020518
1735,2024-10-10,41,2024,Maha,Okra,Kandy,95.0,10,25.8,142.1,85.5,112.1,1189.2,10.60838537020518
1745,2024-10-17,42,2024,Maha,Okra,Kandy,95.0,10,25.8,142.1,85.5,112.1,1189.2,10.60838537020518
1755,2024-10-24,43,2024,Maha,Okra,Kandy,95.0,10,25.8,142.1,85.5,112.1,1189.2,10.60838537020518
1765,2024-10-31,44,2024,Maha,Okra,Kandy,90.0,10,25.8,142.1,85.5,112.1,1189.2,10.60838537020518
1775,2024-11-07,45,2024,Maha,Okra,Kandy,80.0,11,25.1,608.1,89.0,112.1,1189.2,10.60838537020518
1785,2024-11-14,46,2024,Maha,Okra,Kandy,95.0,11,25.1,608.1,89.0,112.1,1189.2,10.60838537020518
1795,2024-11-21,47,2024,Maha,Okra,Kandy,95.0,11,25.1,608.1,89.0,112.1,1189.2,10.60838537020518
1805,2024-11-28,48,2024,Maha,Okra,Kandy,95.0,11,25.1,608.1,89.0,112.1,1189.2,10.60838537020518
1815,2024-12-05,49,2024,Maha,Okra,Kandy,155.0,12,24.8,150.9,85.5,112.1,1189.2,10.60838537020518
1825,2024-12-12,50,2024,Maha,Okra,Kandy,150.0,12,24.8,150.9,85.5,112.1,1189.2,10.60838537020518
1835,2024-12-19,51,2024,Maha,Okra,Kandy,85.0,12,24.8,150.9,85.5,112.1,1189.2,10.60838537020518
1845,2024-12-26,52,2024,Maha,Okra,Kandy,110.0,12,24.8,150.9,85.5,112.1,1189.2,10.60838537020518
1855,2025-01-09,2,2025,Maha,Okra,Kandy,135.0,1,23.5,304.7,86.35,120.0,1426.8,11.89
1865,2025-01-16,3,2025,Maha,Okra,Kandy,165.0,1,23.5,304.7,86.35,120.0,1426.8,11.89
1875,2025-01-23,4,2025,Maha,Okra,Kandy,190.0,1,23.5,304.7,86.35,120.0,1426.8,11.89
1885,2025-01-30,5,2025,Maha,Okra,Kandy,235.0,1,23.5,304.7,86.35,120.0,1426.8,11.89
1895,2025-02-06,6,2025,Maha,Okra,Kandy,265.0,2,23.0,14.9,72.5,120.0,1426.8,11.89
1905,2025-02-13,7,2025,Maha,Okra,Kandy,270.0,2,23.0,14.9,72.5,120.0,1426.8,11.89
1915,2025-02-20,8,2025,Maha,Okra,Kandy,255.0,2,23.0,14.9,72.5,120.0,1426.8,11.89
1920,2025-02-27,9,2025,Maha,Okra,Kandy,225.0,2,23.0,14.9,72.5,120.0,1426.8,11.89
1930,2025-03-06,10,2025,Maha,Okra,Kandy,210.0,3,24.0,73.9,71.0,120.0,1426.8,11.89
1940,2025-03-13,11,2025,Maha,Okra,Kandy,255.0,3,24.0,73.9,71.0,120.0,1426.8,11.89
1950,2025-03-20,12,2025,Maha,Okra,Kandy,255.0,3,24.0,73.9,71.0,120.0,1426.8,11.89
1960,2025-03-27,13,2025,Maha,Okra,Kandy,255.0,3,24.0,73.9,71.0,120.0,1426.8,11.89
1970,2025-04-03,14,2025,Yala,Okra,Kandy,255.0,4,24.0,233.0,79.0,100.5,1078.9,10.73532338308458
1980,2025-04-10,15,2025,Yala,Okra,Kandy,255.0,4,24.0,233.0,79.0,100.5,1078.9,10.73532338308458
1990,2025-04-24,17,2025,Yala,Okra,Kandy,230.0,4,24.0,233.0,79.0,100.5,1078.9,10.73532338308458
2000,2025-05-01,18,2025,Yala,Okra,Kandy,270.0,5,24.0,124.9,82.5,100.5,1078.9,10.73532338308458
2010,2025-05-08,19,2025,Yala,Okra,Kandy,275.0,5,24.0,124.9,82.5,100.5,1078.9,10.73532338308458
2020,2025-05-15,20,2025,Yala,Okra,Kandy,115.0,5,24.0,124.9,82.5,100.5,1078.9,10.73532338308458
2030,2025-05-22,21,2025,Yala,Okra,Kandy,150.0,5,24.0,124.9,82.5,100.5,1078.9,10.73532338308458
2040,2025-05-29,22,2025,Yala,Okra,Kandy,130.0,5,24.0,124.9,82.5,100.5,1078.9,10.73532338308458
2050,2025-06-05,23,2025,Yala,Okra,Kandy,110.0,6,24.0,96.2,84.0,100.5,1078.9,10.73532338308458
2055,2025-06-12,24,2025,Yala,Okra,Kandy,110.0,6,24.0,96.2,84.0,100.5,1078.9,10.73532338308458
2065,2025-06-19,25,2025,Yala,Okra,Kandy,85.0,6,24.0,96.2,84.0,100.5,1078.9,10.73532338308458
2075,2025-06-26,26,2025,Yala,Okra,Kandy,105.0,6,24.0,96.2,84.0,100.5,1078.9,10.73532338308458
2085,2025-07-03,27,2025,Yala,Okra,Kandy,85.0,7,24.0,190.1,83.0,100.5,1078.9,10.73532338308458
2095,2025-07-10,28,2025,Yala,Okra,Kandy,85.0,7,24.0,190.1,83.0,100.5,1078.9,10.73532338308458
2105,2025-07-17,29,2025,Yala,Okra,Kandy,75.0,7,24.0,190.1,83.0,100.5,1078.9,10.73532338308458
2115,2025-07-24,30,2025,Yala,Okra,Kandy,75.0,7,24.0,190.1,83.0,100.5,1078.9,10.73532338308458
2125,2025-07-31,31,2025,Yala,Okra,Kandy,95.0,7,24.0,190.1,83.0,100.5,1078.9,10.73532338308458
2135,2025-08-07,32,2025,Yala,Okra,Kandy,115.0,8,23.9,77.2,82.0,100.5,1078.9,10.73532338308458
2145,2025-08-14,33,2025,Yala,Okra,Kandy,105.0,8,23.9,77.2,82.0,100.5,1078.9,10.73532338308458
2155,2025-08-21,34,2025,Yala,Okra,Kandy,100.0,8,23.9,77.2,82.0,100.5,1078.9,10.73532338308458
2165,2025-08-28,35,2025,Yala,Okra,Kandy,115.0,8,23.9,77.2,82.0,100.5,1078.9,10.73532338308458
2175,2025-09-04,36,2025,Maha,Okra,Kandy,115.0,9,24.1,110.5,81.5,120.0,1426.8,11.89
2185,2025-09-11,37,2025,Maha,Okra,Kandy,135.0,9,24.1,110.5,81.5,120.0,1426.8,11.89
2195,2025-09-18,38,2025,Maha,Okra,Kandy,155.0,9,24.1,110.5,81.5,120.0,1426.8,11.89
2205,2025-09-25,39,2025,Maha,Okra,Kandy,155.0,9,24.1,110.5,81.5,120.0,1426.8,11.89
2215,2025-10-02,40,2025,Maha,Okra,Kandy,165.0,10,24.0,284.2,85.0,120.0,1426.8,11.89
2225,2025-10-09,41,2025,Maha,Okra,Kandy,165.0,10,24.0,284.2,85.0,120.0,1426.8,11.89
2235,2025-10-16,42,2025,Maha,Okra,Kandy,145.0,10,24.0,284.2,85.0,120.0,1426.8,11.89
2245,2025-10-23,43,2025,Maha,Okra,Kandy,110.0,10,24.0,284.2,85.0,120.0,1426.8,11.89
2255,2025-10-30,44,2025,Maha,Okra,Kandy,145.0,10,24.0,284.2,85.0,120.0,1426.8,11.89
2265,2025-11-06,45,2025,Maha,Okra,Kandy,160.0,11,23.0,615.0,86.5,120.0,1426.8,11.89
2275,2025-11-13,46,2025,Maha,Okra,Kandy,125.0,11,23.0,615.0,86.5,120.0,1426.8,11.89
2285,2025-11-20,47,2025,Maha,Okra,Kandy,100.0,11,23.0,615.0,86.5,120.0,1426.8,11.89
2295,2025-12-04,49,2025,Maha,Okra,Kandy,240.0,12,23.0,96.6,81.5,120.0,1426.8,11.89
10,2021-01-04,1,2021,Maha,Okra,Matale,55.0,1,26.5,158.9,83.0,73.3,723.0,9.863574351978173
20,2021-01-07,1,2021,Maha,Okra,Matale,105.0,1,26.5,158.9,83.0,73.3,723.0,9.863574351978173
35,2021-02-12,6,2021,Maha,Okra,Matale,110.0,2,28.0,3.6,70.5,73.3,723.0,9.863574351978173
45,2021-02-18,7,2021,Maha,Okra,Matale,145.0,2,28.0,3.6,70.5,73.3,723.0,9.863574351978173
55,2021-02-25,8,2021,Maha,Okra,Matale,130.0,2,28.0,3.6,70.5,73.3,723.0,9.863574351978173
65,2021-03-18,11,2021,Maha,Okra,Matale,85.0,3,28.7,66.6,73.5,73.3,723.0,9.863574351978173
75,2021-03-25,12,2021,Maha,Okra,Matale,85.0,3,28.7,66.6,73.5,73.3,723.0,9.863574351978173
80,2021-04-02,13,2021,Yala,Okra,Matale,85.0,4,29.1,165.0,78.75,189.9,1862.0,9.805160610847814
90,2021-04-03,13,2021,Yala,Okra,Matale,90.0,4,29.1,165.0,78.75,189.9,1862.0,9.805160610847814
100,2021-04-11,14,2021,Yala,Okra,Matale,85.0,4,29.1,165.0,78.75,189.9,1862.0,9.805160610847814
110,2021-04-22,16,2021,Yala,Okra,Matale,35.0,4,29.1,165.0,78.75,189.9,1862.0,9.805160610847814
120,2021-04-29,17,2021,Yala,Okra,Matale,55.0,4,29.1,165.0,78.75,189.9,1862.0,9.805160610847814
130,2021-05-08,18,2021,Yala,Okra,Matale,80.0,5,28.2,467.9,90.0,189.9,1862.0,9.805160610847814
155,2021-07-10,27,2021,Yala,Okra,Matale,55.0,7,28.2,103.5,83.0,189.9,1862.0,9.805160610847814
165,2021-07-15,28,2021,Yala,Okra,Matale,95.0,7,28.2,103.5,83.0,189.9,1862.0,9.805160610847814
175,2021-07-22,29,2021,Yala,Okra,Matale,90.0,7,28.2,103.5,83.0,189.9,1862.0,9.805160610847814
185,2021-07-29,30,2021,Yala,Okra,Matale,105.0,7,28.2,103.5,83.0,189.9,1862.0,9.805160610847814
195,2021-08-04,31,2021,Yala,Okra,Matale,55.0,8,28.0,81.3,79.5,189.9,1862.0,9.805160610847814
205,2021-08-07,31,2021,Yala,Okra,Matale,105.0,8,28.0,81.3,79.5,189.9,1862.0,9.805160610847814
215,2021-08-19,33,2021,Yala,Okra,Matale,55.0,8,28.0,81.3,79.5,189.9,1862.0,9.805160610847814
225,2021-09-09,36,2021,Maha,Okra,Matale,30.0,9,27.9,194.0,81.5,73.3,723.0,9.863574351978173
235,2021-09-16,37,2021,Maha,Okra,Matale,50.0,9,27.9,194.0,81.5,73.3,723.0,9.863574351978173
245,2021-09-23,38,2021,Maha,Okra,Matale,45.0,9,27.9,194.0,81.5,73.3,723.0,9.863574351978173
255,2021-09-30,39,2021,Maha,Okra,Matale,45.0,9,27.9,194.0,81.5,73.3,723.0,9.863574351978173
265,2021-10-14,41,2021,Maha,Okra,Matale,95.0,10,27.5,318.2,84.5,73.3,723.0,9.863574351978173
275,2021-10-21,42,2021,Maha,Okra,Matale,95.0,10,27.5,318.2,84.5,73.3,723.0,9.863574351978173
285,2021-10-28,43,2021,Maha,Okra,Matale,90.0,10,27.5,318.2,84.5,73.3,723.0,9.863574351978173
290,2021-11-02,44,2021,Maha,Okra,Matale,125.0,11,26.2,717.6,82.5,73.3,723.0,9.863574351978173
300,2021-11-11,45,2021,Maha,Okra,Matale,105.0,11,26.2,717.6,82.5,73.3,723.0,9.863574351978173
310,2021-11-18,46,2021,Maha,Okra,Matale,155.0,11,26.2,717.6,82.5,73.3,723.0,9.863574351978173
320,2021-11-25,47,2021,Maha,Okra,Matale,175.0,11,26.2,717.6,82.5,73.3,723.0,9.863574351978173
330,2021-12-08,49,2021,Maha,Okra,Matale,80.0,12,27.2,47.7,76.5,73.3,723.0,9.863574351978173
335,2021-12-16,50,2021,Maha,Okra,Matale,125.0,12,27.2,47.7,76.5,73.3,723.0,9.863574351978173
345,2021-12-23,51,2021,Maha,Okra,Matale,110.0,12,27.2,47.7,76.5,73.3,723.0,9.863574351978173
355,2021-12-30,52,2021,Maha,Okra,Matale,125.0,12,27.2,47.7,76.5,73.3,723.0,9.863574351978173
365,2022-01-09,1,2022,Maha,Okra,Matale,65.0,1,27.7,9.0,73.0,137.2,1423.7,10.3768221574344
375,2022-01-12,2,2022,Maha,Okra,Matale,60.0,1,27.7,9.0,73.0,137.2,1423.7,10.3768221574344
385,2022-01-13,2,2022,Maha,Okra,Matale,125.0,1,27.7,9.0,73.0,137.2,1423.7,10.3768221574344
395,2022-01-20,3,2022,Maha,Okra,Matale,130.0,1,27.7,9.0,73.0,137.2,1423.7,10.3768221574344
405,2022-01-27,4,2022,Maha,Okra,Matale,190.0,1,27.7,9.0,73.0,137.2,1423.7,10.3768221574344
415,2022-02-06,5,2022,Maha,Okra,Matale,265.0,2,27.8,15.0,69.0,137.2,1423.7,10.3768221574344
425,2022-02-17,7,2022,Maha,Okra,Matale,153.0,2,27.8,15.0,69.0,137.2,1423.7,10.3768221574344
435,2022-02-24,8,2022,Maha,Okra,Matale,155.0,2,27.8,15.0,69.0,137.2,1423.7,10.3768221574344
445,2022-03-02,9,2022,Maha,Okra,Matale,175.0,3,29.8,104.0,71.5,137.2,1423.7,10.3768221574344
455,2022-03-03,9,2022,Maha,Okra,Matale,70.0,3,29.8,104.0,71.5,137.2,1423.7,10.3768221574344
465,2022-03-11,10,2022,Maha,Okra,Matale,100.0,3,29.8,104.0,71.5,137.2,1423.7,10.3768221574344
475,2022-03-17,11,2022,Maha,Okra,Matale,53.0,3,29.8,104.0,71.5,137.2,1423.7,10.3768221574344
485,2022-03-24,12,2022,Maha,Okra,Matale,55.0,3,29.8,104.0,71.5,137.2,1423.7,10.3768221574344
495,2022-03-31,13,2022,Maha,Okra,Matale,45.0,3,29.8,104.0,71.5,137.2,1423.7,10.3768221574344
505,2022-04-08,14,2022,Yala,Okra,Matale,110.0,4,28.6,332.3,81.5,152.5,1532.2,10.0472131147541
515,2022-04-21,16,2022,Yala,Okra,Matale,55.0,4,28.6,332.3,81.5,152.5,1532.2,10.0472131147541
525,2022-05-05,18,2022,Yala,Okra,Matale,125.0,5,28.4,295.85,82.5,152.5,1532.2,10.0472131147541
535,2022-05-19,20,2022,Yala,Okra,Matale,125.0,5,28.4,295.85,82.5,152.5,1532.2,10.0472131147541
545,2022-05-26,21,2022,Yala,Okra,Matale,230.0,5,28.4,295.85,82.5,152.5,1532.2,10.0472131147541
555,2022-06-10,23,2022,Yala,Okra,Matale,80.0,6,28.3,75.5,79.5,152.5,1532.2,10.0472131147541
565,2022-06-16,24,2022,Yala,Okra,Matale,220.0,6,28.3,75.5,79.5,152.5,1532.2,10.0472131147541
575,2022-06-23,25,2022,Yala,Okra,Matale,210.0,6,28.3,75.5,79.5,152.5,1532.2,10.0472131147541
585,2022-06-30,26,2022,Yala,Okra,Matale,215.0,6,28.3,75.5,79.5,152.5,1532.2,10.0472131147541
595,2022-07-04,27,2022,Yala,Okra,Matale,55.0,7,28.3,124.7,78.5,152.5,1532.2,10.0472131147541
605,2022-07-07,27,2022,Yala,Okra,Matale,115.0,7,28.3,124.7,78.5,152.5,1532.2,10.0472131147541
615,2022-07-14,28,2022,Yala,Okra,Matale,225.0,7,28.3,124.7,78.5,152.5,1532.2,10.0472131147541
625,2022-07-21,29,2022,Yala,Okra,Matale,165.0,7,28.3,124.7,78.5,152.5,1532.2,10.0472131147541
635,2022-07-28,30,2022,Yala,Okra,Matale,155.0,7,28.3,124.7,78.5,152.5,1532.2,10.0472131147541
645,2022-08-09,32,2022,Yala,Okra,Matale,65.0,8,27.5,266.8,81.0,152.5,1532.2,10.0472131147541
655,2022-08-12,32,2022,Yala,Okra,Matale,45.0,8,27.5,266.8,81.0,152.5,1532.2,10.0472131147541
665,2022-08-18,33,2022,Yala,Okra,Matale,125.0,8,27.5,266.8,81.0,152.5,1532.2,10.0472131147541
675,2022-08-25,34,2022,Yala,Okra,Matale,55.0,8,27.5,266.8,81.0,152.5,1532.2,10.0472131147541
685,2022-09-06,36,2022,Maha,Okra,Matale,235.0,9,27.8,208.3,78.0,137.2,1423.7,10.3768221574344
695,2022-09-15,37,2022,Maha,Okra,Matale,75.0,9,27.8,208.3,78.0,137.2,1423.7,10.3768221574344
705,2022-09-22,38,2022,Maha,Okra,Matale,100.0,9,27.8,208.3,78.0,137.2,1423.7,10.3768221574344
715,2022-09-29,39,2022,Maha,Okra,Matale,85.0,9,27.8,208.3,78.0,137.2,1423.7,10.3768221574344
725,2022-10-02,39,2022,Maha,Okra,Matale,155.0,10,27.2,315.2,83.0,137.2,1423.7,10.3768221574344
735,2022-10-03,40,2022,Maha,Okra,Matale,85.0,10,27.2,315.2,83.0,137.2,1423.7,10.3768221574344
745,2022-10-11,41,2022,Maha,Okra,Matale,85.0,10,27.2,315.2,83.0,137.2,1423.7,10.3768221574344
755,2022-10-13,41,2022,Maha,Okra,Matale,95.0,10,27.2,315.2,83.0,137.2,1423.7,10.3768221574344
765,2022-10-20,42,2022,Maha,Okra,Matale,75.0,10,27.2,315.2,83.0,137.2,1423.7,10.3768221574344
775,2022-10-27,43,2022,Maha,Okra,Matale,90.0,10,27.2,315.2,83.0,137.2,1423.7,10.3768221574344
785,2022-11-08,45,2022,Maha,Okra,Matale,140.0,11,26.8,260.0,82.0,137.2,1423.7,10.3768221574344
795,2022-11-17,46,2022,Maha,Okra,Matale,130.0,11,26.8,260.0,82.0,137.2,1423.7,10.3768221574344
805,2022-11-24,47,2022,Maha,Okra,Matale,95.0,11,26.8,260.0,82.0,137.2,1423.7,10.3768221574344
815,2022-12-15,50,2022,Maha,Okra,Matale,85.0,12,26.0,273.2,83.5,137.2,1423.7,10.3768221574344
825,2022-12-22,51,2022,Maha,Okra,Matale,90.0,12,26.0,273.2,83.5,137.2,1423.7,10.3768221574344
835,2022-12-29,52,2022,Maha,Okra,Matale,95.0,12,26.0,273.2,83.5,137.2,1423.7,10.3768221574344
845,2023-01-12,2,2023,Maha,Okra,Matale,130.0,1,26.1,19.3,76.5,166.5,1738.2,10.43963963963964
855,2023-01-19,3,2023,Maha,Okra,Matale,140.0,1,26.1,19.3,76.5,166.5,1738.2,10.43963963963964
865,2023-01-26,4,2023,Maha,Okra,Matale,170.0,1,26.1,19.3,76.5,166.5,1738.2,10.43963963963964
875,2023-02-02,5,2023,Maha,Okra,Matale,165.0,2,27.3,23.6,74.5,166.5,1738.2,10.43963963963964
885,2023-02-09,6,2023,Maha,Okra,Matale,155.0,2,27.3,23.6,74.5,166.5,1738.2,10.43963963963964
895,2023-02-16,7,2023,Maha,Okra,Matale,220.0,2,27.3,23.6,74.5,166.5,1738.2,10.43963963963964
905,2023-02-23,8,2023,Maha,Okra,Matale,190.0,2,27.3,23.6,74.5,166.5,1738.2,10.43963963963964
915,2023-03-02,9,2023,Maha,Okra,Matale,165.0,3,29.0,99.6,74.5,166.5,1738.2,10.43963963963964
925,2023-03-09,10,2023,Maha,Okra,Matale,205.0,3,29.0,99.6,74.5,166.5,1738.2,10.43963963963964
935,2023-03-16,11,2023,Maha,Okra,Matale,160.0,3,29.0,99.6,74.5,166.5,1738.2,10.43963963963964
945,2023-03-23,12,2023,Maha,Okra,Matale,115.0,3,29.0,99.6,74.5,166.5,1738.2,10.43963963963964
955,2023-03-30,13,2023,Maha,Okra,Matale,85.0,3,29.0,99.6,74.5,166.5,1738.2,10.43963963963964
965,2023-04-06,14,2023,Yala,Okra,Matale,77.0,4,34.4,365.4,79.0,151.4,1522.2,10.05416116248349
975,2023-04-20,16,2023,Yala,Okra,Matale,63.0,4,34.4,365.4,79.0,151.4,1522.2,10.05416116248349
985,2023-04-27,17,2023,Yala,Okra,Matale,90.0,4,34.4,365.4,79.0,151.4,1522.2,10.05416116248349
995,2023-05-04,18,2023,Yala,Okra,Matale,130.0,5,29.1,143.6,80.5,151.4,1522.2,10.05416116248349
1005,2023-05-11,19,2023,Yala,Okra,Matale,115.0,5,29.1,143.6,80.5,151.4,1522.2,10.05416116248349
1015,2023-05-18,20,2023,Yala,Okra,Matale,150.0,5,29.1,143.6,80.5,151.4,1522.2,10.05416116248349
1025,2023-05-25,21,2023,Yala,Okra,Matale,170.0,5,29.1,143.6,80.5,151.4,1522.2,10.05416116248349
1035,2023-06-01,22,2023,Yala,Okra,Matale,125.0,6,29.2,93.6,79.5,151.4,1522.2,10.05416116248349
1045,2023-06-08,23,2023,Yala,Okra,Matale,105.0,6,29.2,93.6,79.5,151.4,1522.2,10.05416116248349
1055,2023-06-15,24,2023,Yala,Okra,Matale,155.0,6,29.2,93.6,79.5,151.4,1522.2,10.05416116248349
1074,2023-06-22,25,2023,Yala,Okra,Matale,165.0,6,29.2,93.6,79.5,151.4,1522.2,10.05416116248349
1075,2023-06-22,25,2023,Yala,Okra,Matale,165.0,6,29.2,93.6,79.5,151.4,1522.2,10.05416116248349
1085,2023-06-29,26,2023,Yala,Okra,Matale,190.0,6,29.2,93.6,79.5,151.4,1522.2,10.05416116248349
1095,2023-07-06,27,2023,Yala,Okra,Matale,170.0,7,28.6,64.8,78.5,151.4,1522.2,10.05416116248349
1105,2023-07-13,28,2023,Yala,Okra,Matale,125.0,7,28.6,64.8,78.5,151.4,1522.2,10.05416116248349
1115,2023-07-20,29,2023,Yala,Okra,Matale,90.0,7,28.6,64.8,78.5,151.4,1522.2,10.05416116248349
1125,2023-07-27,30,2023,Yala,Okra,Matale,75.0,7,28.6,64.8,78.5,151.4,1522.2,10.05416116248349
1135,2023-08-03,31,2023,Yala,Okra,Matale,65.0,8,29.7,46.5,72.5,151.4,1522.2,10.05416116248349
1145,2023-08-10,32,2023,Yala,Okra,Matale,70.0,8,29.7,46.5,72.5,151.4,1522.2,10.05416116248349
1155,2023-08-17,33,2023,Yala,Okra,Matale,75.0,8,29.7,46.5,72.5,151.4,1522.2,10.05416116248349
1165,2023-08-24,34,2023,Yala,Okra,Matale,55.0,8,29.7,46.5,72.5,151.4,1522.2,10.05416116248349
1175,2023-08-31,35,2023,Yala,Okra,Matale,65.0,8,29.7,46.5,72.5,151.4,1522.2,10.05416116248349
1185,2023-09-07,36,2023,Maha,Okra,Matale,65.0,9,27.5,310.8,85.0,166.5,1738.2,10.43963963963964
1195,2023-09-14,37,2023,Maha,Okra,Matale,65.0,9,27.5,310.8,85.0,166.5,1738.2,10.43963963963964
1205,2023-09-21,38,2023,Maha,Okra,Matale,75.0,9,27.5,310.8,85.0,166.5,1738.2,10.43963963963964
1215,2023-09-28,39,2023,Maha,Okra,Matale,75.0,9,27.5,310.8,85.0,166.5,1738.2,10.43963963963964
1225,2023-10-05,40,2023,Maha,Okra,Matale,75.0,10,27.6,489.1,87.0,166.5,1738.2,10.43963963963964
1235,2023-10-12,41,2023,Maha,Okra,Matale,70.0,10,27.6,489.1,87.0,166.5,1738.2,10.43963963963964
1245,2023-10-19,42,2023,Maha,Okra,Matale,90.0,10,27.6,489.1,87.0,166.5,1738.2,10.43963963963964
1255,2023-10-26,43,2023,Maha,Okra,Matale,135.0,10,27.6,489.1,87.0,166.5,1738.2,10.43963963963964
1265,2023-11-02,44,2023,Maha,Okra,Matale,135.0,11,27.9,538.4,87.0,166.5,1738.2,10.43963963963964
1275,2023-11-09,45,2023,Maha,Okra,Matale,140.0,11,27.9,538.4,87.0,166.5,1738.2,10.43963963963964
1285,2023-11-16,46,2023,Maha,Okra,Matale,135.0,11,27.9,538.4,87.0,166.5,1738.2,10.43963963963964
1295,2023-11-23,47,2023,Maha,Okra,Matale,140.0,11,27.9,538.4,87.0,166.5,1738.2,10.43963963963964
1305,2023-11-30,48,2023,Maha,Okra,Matale,140.0,11,27.9,538.4,87.0,166.5,1738.2,10.43963963963964
1315,2023-12-07,49,2023,Maha,Okra,Matale,120.0,12,27.4,205.4,86.0,166.5,1738.2,10.43963963963964
1325,2023-12-14,50,2023,Maha,Okra,Matale,90.0,12,27.4,205.4,86.0,166.5,1738.2,10.43963963963964
1335,2023-12-21,51,2023,Maha,Okra,Matale,135.0,12,27.4,205.4,86.0,166.5,1738.2,10.43963963963964
1345,2023-12-28,52,2023,Maha,Okra,Matale,125.0,12,27.4,205.4,86.0,166.5,1738.2,10.43963963963964
1355,2024-01-04,1,2024,Maha,Okra,Matale,155.0,1,27.1,232.4,80.0,171.7,1370.0,7.979033197437391
1365,2024-01-11,2,2024,Maha,Okra,Matale,165.0,1,27.1,232.4,80.0,171.7,1370.0,7.979033197437391
1375,2024-01-18,3,2024,Maha,Okra,Matale,290.0,1,27.1,232.4,80.0,171.7,1370.0,7.979033197437391
1385,2024-01-25,4,2024,Maha,Okra,Matale,330.0,1,27.1,232.4,80.0,171.7,1370.0,7.979033197437391
1395,2024-02-01,5,2024,Maha,Okra,Matale,360.0,2,28.8,8.5,72.0,171.7,1370.0,7.979033197437391
1405,2024-02-08,6,2024,Maha,Okra,Matale,325.0,2,28.8,8.5,72.0,171.7,1370.0,7.979033197437391
1415,2024-02-15,7,2024,Maha,Okra,Matale,275.0,2,28.8,8.5,72.0,171.7,1370.0,7.979033197437391
1425,2024-02-22,8,2024,Maha,Okra,Matale,260.0,2,28.8,8.5,72.0,171.7,1370.0,7.979033197437391
1435,2024-02-29,9,2024,Maha,Okra,Matale,155.0,2,28.8,8.5,72.0,171.7,1370.0,7.979033197437391
1445,2024-03-07,10,2024,Maha,Okra,Matale,165.0,3,30.7,13.7,69.0,171.7,1370.0,7.979033197437391
1455,2024-03-14,11,2024,Maha,Okra,Matale,110.0,3,30.7,13.7,69.0,171.7,1370.0,7.979033197437391
1465,2024-03-21,12,2024,Maha,Okra,Matale,70.0,3,30.7,13.7,69.0,171.7,1370.0,7.979033197437391
1475,2024-03-28,13,2024,Maha,Okra,Matale,50.0,3,30.7,13.7,69.0,171.7,1370.0,7.979033197437391
1485,2024-04-04,14,2024,Yala,Okra,Matale,65.0,4,30.6,241.2,78.5,153.2,1618.3,10.56331592689295
1490,2024-04-11,15,2024,Yala,Okra,Matale,60.0,4,30.6,241.2,78.5,153.2,1618.3,10.56331592689295
1500,2024-04-25,17,2024,Yala,Okra,Matale,70.0,4,30.6,241.2,78.5,153.2,1618.3,10.56331592689295
1510,2024-05-02,18,2024,Yala,Okra,Matale,70.0,5,28.8,448.1,86.5,153.2,1618.3,10.56331592689295
1525,2024-05-16,20,2024,Yala,Okra,Matale,105.0,5,28.8,448.1,86.5,153.2,1618.3,10.56331592689295
1539,2024-05-23,21,2024,Yala,Okra,Matale,95.0,5,28.8,448.1,86.5,153.2,1618.3,10.56331592689295
1540,2024-05-23,21,2024,Yala,Okra,Matale,95.0,5,28.8,448.1,86.5,153.2,1618.3,10.56331592689295
1550,2024-05-30,22,2024,Yala,Okra,Matale,110.0,5,28.8,448.1,86.5,153.2,1618.3,10.56331592689295
1560,2024-06-06,23,2024,Yala,Okra,Matale,150.0,6,28.4,136.5,83.5,153.2,1618.3,10.56331592689295
1570,2024-06-13,24,2024,Yala,Okra,Matale,150.0,6,28.4,136.5,83.5,153.2,1618.3,10.56331592689295
1580,2024-06-20,25,2024,Yala,Okra,Matale,155.0,6,28.4,136.5,83.5,153.2,1618.3,10.56331592689295
1590,2024-06-27,26,2024,Yala,Okra,Matale,140.0,6,28.4,136.5,83.5,153.2,1618.3,10.56331592689295
1600,2024-07-04,27,2024,Yala,Okra,Matale,165.0,7,28.6,141.9,79.5,153.2,1618.3,10.56331592689295
1610,2024-07-11,28,2024,Yala,Okra,Matale,155.0,7,28.6,141.9,79.5,153.2,1618.3,10.56331592689295
1620,2024-07-18,29,2024,Yala,Okra,Matale,150.0,7,28.6,141.9,79.5,153.2,1618.3,10.56331592689295
1630,2024-07-25,30,2024,Yala,Okra,Matale,120.0,7,28.6,141.9,79.5,153.2,1618.3,10.56331592689295
1640,2024-08-01,31,2024,Yala,Okra,Matale,90.0,8,28.4,200.0,82.5,153.2,1618.3,10.56331592689295
1650,2024-08-08,32,2024,Yala,Okra,Matale,55.0,8,28.4,200.0,82.5,153.2,1618.3,10.56331592689295
1660,2024-08-15,33,2024,Yala,Okra,Matale,50.0,8,28.4,200.0,82.5,153.2,1618.3,10.56331592689295
1670,2024-08-22,34,2024,Yala,Okra,Matale,65.0,8,28.4,200.0,82.5,153.2,1618.3,10.56331592689295
1680,2024-08-29,35,2024,Yala,Okra,Matale,45.0,8,28.4,200.0,82.5,153.2,1618.3,10.56331592689295
1690,2024-09-05,36,2024,Maha,Okra,Matale,45.0,9,28.7,82.3,81.0,171.7,1370.0,7.979033197437391
1700,2024-09-12,37,2024,Maha,Okra,Matale,40.0,9,28.7,82.3,81.0,171.7,1370.0,7.979033197437391
1710,2024-09-19,38,2024,Maha,Okra,Matale,45.0,9,28.7,82.3,81.0,171.7,1370.0,7.979033197437391
1720,2024-09-26,39,2024,Maha,Okra,Matale,45.0,9,28.7,82.3,81.0,171.7,1370.0,7.979033197437391
1730,2024-10-03,40,2024,Maha,Okra,Matale,60.0,10,27.9,190.1,83.5,171.7,1370.0,7.979033197437391
1740,2024-10-10,41,2024,Maha,Okra,Matale,95.0,10,27.9,190.1,83.5,171.7,1370.0,7.979033197437391
1750,2024-10-17,42,2024,Maha,Okra,Matale,75.0,10,27.9,190.1,83.5,171.7,1370.0,7.979033197437391
1760,2024-10-24,43,2024,Maha,Okra,Matale,75.0,10,27.9,190.1,83.5,171.7,1370.0,7.979033197437391
1770,2024-10-31,44,2024,Maha,Okra,Matale,75.0,10,27.9,190.1,83.5,171.7,1370.0,7.979033197437391
1780,2024-11-07,45,2024,Maha,Okra,Matale,45.0,11,27.1,658.2,87.5,171.7,1370.0,7.979033197437391
1790,2024-11-14,46,2024,Maha,Okra,Matale,70.0,11,27.1,658.2,87.5,171.7,1370.0,7.979033197437391
1800,2024-11-21,47,2024,Maha,Okra,Matale,60.0,11,27.1,658.2,87.5,171.7,1370.0,7.979033197437391
1810,2024-11-28,48,2024,Maha,Okra,Matale,75.0,11,27.1,658.2,87.5,171.7,1370.0,7.979033197437391
1820,2024-12-05,49,2024,Maha,Okra,Matale,125.0,12,27.3,144.3,82.0,171.7,1370.0,7.979033197437391
1830,2024-12-12,50,2024,Maha,Okra,Matale,130.0,12,27.3,144.3,82.0,171.7,1370.0,7.979033197437391
1840,2024-12-19,51,2024,Maha,Okra,Matale,85.0,12,27.3,144.3,82.0,171.7,1370.0,7.979033197437391
1850,2024-12-26,52,2024,Maha,Okra,Matale,75.0,12,27.3,144.3,82.0,171.7,1370.0,7.979033197437391
1860,2025-01-09,2,2025,Maha,Okra,Matale,140.0,1,24.0,397.7,72.5,138.4,1418.0,10.24566473988439
1870,2025-01-16,3,2025,Maha,Okra,Matale,125.0,1,24.0,397.7,72.5,138.4,1418.0,10.24566473988439
1880,2025-01-23,4,2025,Maha,Okra,Matale,190.0,1,24.0,397.7,72.5,138.4,1418.0,10.24566473988439
1890,2025-01-30,5,2025,Maha,Okra,Matale,235.0,1,24.0,397.7,72.5,138.4,1418.0,10.24566473988439
1900,2025-02-06,6,2025,Maha,Okra,Matale,270.0,2,24.0,61.1,66.0,138.4,1418.0,10.24566473988439
1910,2025-02-13,7,2025,Maha,Okra,Matale,265.0,2,24.0,61.1,66.0,138.4,1418.0,10.24566473988439
1925,2025-02-27,9,2025,Maha,Okra,Matale,200.0,2,24.0,61.1,66.0,138.4,1418.0,10.24566473988439
1935,2025-03-06,10,2025,Maha,Okra,Matale,190.0,3,26.0,82.5,64.0,138.4,1418.0,10.24566473988439
1945,2025-03-13,11,2025,Maha,Okra,Matale,240.0,3,26.0,82.5,64.0,138.4,1418.0,10.24566473988439
1955,2025-03-20,12,2025,Maha,Okra,Matale,240.0,3,26.0,82.5,64.0,138.4,1418.0,10.24566473988439
1965,2025-03-27,13,2025,Maha,Okra,Matale,240.0,3,26.0,82.5,64.0,138.4,1418.0,10.24566473988439
1975,2025-04-03,14,2025,Yala,Okra,Matale,255.0,4,26.0,204.7,73.5,138.3,1299.1,9.393347794649312
1985,2025-04-10,15,2025,Yala,Okra,Matale,240.0,4,26.0,204.7,73.5,138.3,1299.1,9.393347794649312
1995,2025-04-24,17,2025,Yala,Okra,Matale,200.0,4,26.0,204.7,73.5,138.3,1299.1,9.393347794649312
2005,2025-05-01,18,2025,Yala,Okra,Matale,225.0,5,27.0,55.7,71.0,138.3,1299.1,9.393347794649312
2015,2025-05-08,19,2025,Yala,Okra,Matale,225.0,5,27.0,55.7,71.0,138.3,1299.1,9.393347794649312
2025,2025-05-15,20,2025,Yala,Okra,Matale,110.0,5,27.0,55.7,71.0,138.3,1299.1,9.393347794649312
2035,2025-05-22,21,2025,Yala,Okra,Matale,165.0,5,27.0,55.7,71.0,138.3,1299.1,9.393347794649312
2045,2025-05-29,22,2025,Yala,Okra,Matale,130.0,5,27.0,55.7,71.0,138.3,1299.1,9.393347794649312
2060,2025-06-12,24,2025,Yala,Okra,Matale,70.0,6,27.0,35.9,69.0,138.3,1299.1,9.393347794649312
2070,2025-06-19,25,2025,Yala,Okra,Matale,60.0,6,27.0,35.9,69.0,138.3,1299.1,9.393347794649312
2080,2025-06-26,26,2025,Yala,Okra,Matale,105.0,6,27.0,35.9,69.0,138.3,1299.1,9.393347794649312
2090,2025-07-03,27,2025,Yala,Okra,Matale,95.0,7,27.0,44.0,68.0,138.3,1299.1,9.393347794649312
2100,2025-07-10,28,2025,Yala,Okra,Matale,85.0,7,27.0,44.0,68.0,138.3,1299.1,9.393347794649312
2110,2025-07-17,29,2025,Yala,Okra,Matale,60.0,7,27.0,44.0,68.0,138.3,1299.1,9.393347794649312
2120,2025-07-24,30,2025,Yala,Okra,Matale,65.0,7,27.0,44.0,68.0,138.3,1299.1,9.393347794649312
2130,2025-07-31,31,2025,Yala,Okra,Matale,85.0,7,27.0,44.0,68.0,138.3,1299.1,9.393347794649312
2140,2025-08-07,32,2025,Yala,Okra,Matale,80.0,8,27.0,46.9,67.5,138.3,1299.1,9.393347794649312
2150,2025-08-14,33,2025,Yala,Okra,Matale,75.0,8,27.0,46.9,67.5,138.3,1299.1,9.393347794649312
2160,2025-08-21,34,2025,Yala,Okra,Matale,75.0,8,27.0,46.9,67.5,138.3,1299.1,9.393347794649312
2170,2025-08-28,35,2025,Yala,Okra,Matale,95.0,8,27.0,46.9,67.5,138.3,1299.1,9.393347794649312
2180,2025-09-04,36,2025,Maha,Okra,Matale,100.0,9,27.0,70.8,70.0,138.4,1418.0,10.24566473988439
2190,2025-09-11,37,2025,Maha,Okra,Matale,115.0,9,27.0,70.8,70.0,138.4,1418.0,10.24566473988439
2200,2025-09-18,38,2025,Maha,Okra,Matale,140.0,9,27.0,70.8,70.0,138.4,1418.0,10.24566473988439
2210,2025-09-25,39,2025,Maha,Okra,Matale,155.0,9,27.0,70.8,70.0,138.4,1418.0,10.24566473988439
2220,2025-10-02,40,2025,Maha,Okra,Matale,130.0,10,26.0,343.5,80.0,138.4,1418.0,10.24566473988439
2230,2025-10-09,41,2025,Maha,Okra,Matale,110.0,10,26.0,343.5,80.0,138.4,1418.0,10.24566473988439
2240,2025-10-16,42,2025,Maha,Okra,Matale,110.0,10,26.0,343.5,80.0,138.4,1418.0,10.24566473988439
2250,2025-10-23,43,2025,Maha,Okra,Matale,110.0,10,26.0,343.5,80.0,138.4,1418.0,10.24566473988439
2260,2025-10-30,44,2025,Maha,Okra,Matale,110.0,10,26.0,343.5,80.0,138.4,1418.0,10.24566473988439
2270,2025-11-06,45,2025,Maha,Okra,Matale,125.0,11,25.0,634.7,83.5,138.4,1418.0,10.24566473988439
2280,2025-11-13,46,2025,Maha,Okra,Matale,110.0,11,25.0,634.7,83.5,138.4,1418.0,10.24566473988439
2290,2025-11-20,47,2025,Maha,Okra,Matale,60.0,11,25.0,634.7,83.5,138.4,1418.0,10.24566473988439
2300,2025-12-04,49,2025,Maha,Okra,Matale,180.0,12,24.0,241.0,78.0,138.4,1418.0,10.24566473988439
