Date,price,crop,district,lag_1,lag_2,lag_3,lag_13,rolling_mean_4,rolling_std_4
2021-01-10,170.0,Beans,Kandy,,,,,,
2021-01-17,178.33333333333334,Beans,Kandy,170.0,,,,,
2021-01-24,186.66666666666666,Beans,Kandy,178.33333333333334,170.0,,,,
2021-01-31,195.0,Beans,Kandy,186.66666666666666,178.33333333333334,170.0,,182.5,10.758287072798371
2021-02-07,202.5,Beans,Kandy,195.0,186.66666666666666,178.33333333333334,,190.625,10.438865235618634
2021-02-14,210.0,Beans,Kandy,202.5,195.0,186.66666666666666,,198.54166666666666,10.008676791220253
2021-02-21,135.0,Beans,Kandy,210.0,202.5,195.0,,185.625,34.30105683503062
2021-02-28,125.0,Beans,Kandy,135.0,210.0,202.5,,168.125,44.31774475308961
2021-03-07,146.66666666666666,Beans,Kandy,125.0,135.0,210.0,,154.16666666666666,38.260800944163364
2021-03-14,168.33333333333334,Beans,Kandy,146.66666666666666,125.0,135.0,,143.75,18.627687476998982
2021-03-21,190.0,Beans,Kandy,168.33333333333334,146.66666666666666,125.0,,157.5,27.97154638927586
2021-03-28,175.0,Beans,Kandy,190.0,168.33333333333334,146.66666666666666,,170.0,18.0020574955775
2021-04-04,115.0,Beans,Kandy,175.0,190.0,168.33333333333334,,162.08333333333334,32.67049297318781
2021-04-11,170.0,Beans,Kandy,115.0,175.0,190.0,170.0,162.5,32.78719262151005
2021-04-18,117.5,Beans,Kandy,170.0,115.0,175.0,178.33333333333334,144.375,32.55604142602929
2021-04-25,65.0,Beans,Kandy,117.5,170.0,115.0,186.66666666666666,116.875,42.8842919960211
2021-05-02,95.0,Beans,Kandy,65.0,117.5,170.0,195.0,111.875,44.31774475308958
2021-05-09,215.0,Beans,Kandy,95.0,65.0,117.5,202.5,123.125,64.91581086299392
2021-05-16,95.0,Beans,Kandy,215.0,95.0,65.0,210.0,117.5,66.52067347825034
2021-05-23,125.0,Beans,Kandy,95.0,215.0,95.0,135.0,132.5,56.78908345800274
2021-05-30,110.0,Beans,Kandy,125.0,95.0,215.0,125.0,136.25,53.909646632119575
2021-06-06,95.0,Beans,Kandy,110.0,125.0,95.0,146.66666666666666,106.25,14.36140661634504
2021-06-13,118.0,Beans,Kandy,95.0,110.0,125.0,168.33333333333334,112.0,12.884098726725108
2021-06-20,141.0,Beans,Kandy,118.0,95.0,110.0,190.0,116.0,19.20069443188622
2021-06-27,164.0,Beans,Kandy,141.0,118.0,95.0,175.0,129.5,29.692872320923545
2021-07-04,187.0,Beans,Kandy,164.0,141.0,118.0,115.0,152.5,29.69287232092357
2021-07-11,210.0,Beans,Kandy,187.0,164.0,141.0,170.0,175.5,29.692872320923595
2021-07-18,205.0,Beans,Kandy,210.0,187.0,164.0,117.5,191.5,20.824664863249822
2021-07-25,210.0,Beans,Kandy,205.0,210.0,187.0,65.0,203.0,10.923979738782895
2021-08-01,245.0,Beans,Kandy,210.0,205.0,210.0,95.0,217.5,18.484227510682555
2021-08-08,155.0,Beans,Kandy,245.0,210.0,205.0,215.0,203.75,37.05289012569293
2021-08-15,175.0,Beans,Kandy,155.0,245.0,210.0,95.0,196.25,39.66001344763605
2021-08-22,195.0,Beans,Kandy,175.0,155.0,245.0,125.0,192.5,38.622100754188295
2021-08-29,173.33333333333334,Beans,Kandy,195.0,175.0,155.0,110.0,174.58333333333334,16.351180725290615
2021-09-05,151.66666666666666,Beans,Kandy,173.33333333333334,195.0,175.0,95.0,173.75,17.710375699216875
2021-09-12,130.0,Beans,Kandy,151.66666666666666,173.33333333333334,195.0,118.0,162.5,27.971546389275847
2021-09-19,130.0,Beans,Kandy,130.0,151.66666666666666,173.33333333333334,141.0,146.25,20.744254001387375
2021-09-26,125.0,Beans,Kandy,130.0,130.0,151.66666666666666,164.0,134.16666666666666,11.902380714238117
2021-10-03,125.0,Beans,Kandy,125.0,130.0,130.0,187.0,127.5,2.8867513459481735
2021-10-10,200.0,Beans,Kandy,125.0,125.0,130.0,210.0,145.0,36.742346141747696
2021-10-17,275.0,Beans,Kandy,200.0,125.0,125.0,205.0,181.25,71.80703308172538
2021-10-24,235.0,Beans,Kandy,275.0,200.0,125.0,210.0,208.75,63.68869601428503
2021-10-31,160.0,Beans,Kandy,235.0,275.0,200.0,245.0,217.5,49.07477288111826
2021-11-07,195.0,Beans,Kandy,160.0,235.0,275.0,155.0,216.25,49.72842915945237
2021-11-14,230.0,Beans,Kandy,195.0,160.0,235.0,175.0,205.0,34.88074922742732
2021-11-21,365.0,Beans,Kandy,230.0,195.0,160.0,195.0,237.5,89.67534034876408
2021-11-28,350.0,Beans,Kandy,365.0,230.0,195.0,173.33333333333334,285.0,85.14693182963207
2021-12-05,282.5,Beans,Kandy,350.0,365.0,230.0,151.66666666666666,306.875,62.56246878121107
2021-12-12,215.0,Beans,Kandy,282.5,350.0,365.0,130.0,303.125,68.8408490650719
2021-12-19,370.0,Beans,Kandy,215.0,282.5,350.0,130.0,304.375,70.36733972518792
2021-12-26,370.0,Beans,Kandy,370.0,215.0,282.5,125.0,309.375,75.23227919804998
2022-01-02,370.0,Beans,Kandy,370.0,370.0,215.0,125.0,331.25,77.50000000000007
2022-01-09,260.0,Beans,Kandy,370.0,370.0,370.0,200.0,342.5,55.0
2022-01-16,267.5,Beans,Kandy,260.0,370.0,370.0,275.0,316.875,61.419832573309186
2022-01-23,335.0,Beans,Kandy,267.5,260.0,370.0,235.0,308.125,53.282853714867784
2022-01-30,415.0,Beans,Kandy,335.0,267.5,260.0,160.0,319.375,72.12185868375828
2022-02-06,515.0,Beans,Kandy,415.0,335.0,267.5,195.0,383.125,106.60235691578306
2022-02-13,342.5,Beans,Kandy,515.0,415.0,335.0,230.0,401.875,83.60061303602983
2022-02-20,170.0,Beans,Kandy,342.5,515.0,415.0,365.0,360.625,145.4357676089345
2022-02-27,210.0,Beans,Kandy,170.0,342.5,515.0,350.0,309.375,155.64884355497153
2022-03-06,190.0,Beans,Kandy,210.0,170.0,342.5,282.5,228.125,77.97903030088708
2022-03-13,385.0,Beans,Kandy,190.0,210.0,170.0,215.0,238.75,98.85806323546231
2022-03-20,190.0,Beans,Kandy,385.0,190.0,210.0,370.0,243.75,94.63746615373849
2022-03-27,170.0,Beans,Kandy,190.0,385.0,190.0,370.0,233.75,101.27314550264546
2022-04-03,130.0,Beans,Kandy,170.0,190.0,385.0,370.0,218.75,113.60567767501763
2022-04-10,290.0,Beans,Kandy,130.0,170.0,190.0,260.0,195.0,68.06859285554047
2022-04-17,237.5,Beans,Kandy,290.0,130.0,170.0,267.5,206.875,70.98635432250343
2022-04-24,185.0,Beans,Kandy,237.5,290.0,130.0,335.0,210.625,68.75000000000001
2022-05-01,237.5,Beans,Kandy,185.0,237.5,290.0,415.0,237.5,42.86607049870564
2022-05-08,335.0,Beans,Kandy,237.5,185.0,237.5,515.0,248.75,62.59992012774459
2022-05-15,337.5,Beans,Kandy,335.0,237.5,185.0,342.5,273.75,75.291101731878
2022-05-22,340.0,Beans,Kandy,337.5,335.0,237.5,170.0,312.5,50.041649320008126
2022-05-29,435.0,Beans,Kandy,340.0,337.5,335.0,210.0,361.875,48.79271632802041
2022-06-05,355.0,Beans,Kandy,435.0,340.0,337.5,190.0,366.875,46.06946747394999
2022-06-12,275.0,Beans,Kandy,355.0,435.0,340.0,385.0,351.25,65.7488909919146
2022-06-19,565.0,Beans,Kandy,275.0,355.0,435.0,190.0,407.5,123.65947867699698
2022-06-26,540.0,Beans,Kandy,565.0,275.0,355.0,170.0,433.75,141.32556975532302
2022-07-03,475.0,Beans,Kandy,540.0,565.0,275.0,130.0,463.75,131.42646866847892
2022-07-10,225.0,Beans,Kandy,475.0,540.0,565.0,290.0,451.25,155.53000782271354
2022-07-17,315.0,Beans,Kandy,225.0,475.0,540.0,237.5,388.75,144.4169311403618
2022-07-24,335.0,Beans,Kandy,315.0,225.0,475.0,185.0,337.5,103.40051579497401
2022-07-31,280.0,Beans,Kandy,335.0,315.0,225.0,237.5,288.75,48.19664580307089
2022-08-07,267.5,Beans,Kandy,280.0,335.0,315.0,335.0,299.375,31.116381002081056
2022-08-14,255.0,Beans,Kandy,267.5,280.0,335.0,337.5,284.375,35.259454996733446
2022-08-21,440.0,Beans,Kandy,255.0,267.5,280.0,340.0,310.625,86.8517654781218
2022-08-28,190.0,Beans,Kandy,440.0,255.0,267.5,435.0,288.125,106.79760843140015
2022-09-04,365.0,Beans,Kandy,190.0,440.0,255.0,355.0,312.5,111.54221921168089
2022-09-11,540.0,Beans,Kandy,365.0,190.0,440.0,275.0,383.75,147.72581584363198
2022-09-18,390.0,Beans,Kandy,540.0,365.0,190.0,565.0,371.25,143.43262065048756
2022-09-25,275.0,Beans,Kandy,390.0,540.0,365.0,540.0,392.5,110.03787226829378
2022-10-02,215.0,Beans,Kandy,275.0,390.0,540.0,475.0,355.0,143.11999627352336
2022-10-09,190.0,Beans,Kandy,215.0,275.0,390.0,225.0,267.5,89.11602923529902
2022-10-16,327.5,Beans,Kandy,190.0,215.0,275.0,315.0,251.875,61.758096635178156
2022-10-23,255.0,Beans,Kandy,327.5,190.0,215.0,335.0,246.875,60.047724075660604
2022-10-30,265.0,Beans,Kandy,255.0,327.5,190.0,280.0,259.375,56.28702485179573
2022-11-06,340.0,Beans,Kandy,265.0,255.0,327.5,267.5,296.875,43.07817506193443
2022-11-13,415.0,Beans,Kandy,340.0,265.0,255.0,255.0,318.75,74.5402575793779
2022-11-20,365.0,Beans,Kandy,415.0,340.0,265.0,440.0,346.25,62.50000000000002
2022-11-27,335.0,Beans,Kandy,365.0,415.0,340.0,190.0,363.75,36.600318759996284
2022-12-04,365.0,Beans,Kandy,335.0,365.0,415.0,365.0,370.0,33.16624790355404
2022-12-11,395.0,Beans,Kandy,365.0,335.0,365.0,540.0,365.0,24.494897427831834
2022-12-18,425.0,Beans,Kandy,395.0,365.0,335.0,390.0,380.0,38.729833462074204
2022-12-25,440.0,Beans,Kandy,425.0,395.0,365.0,275.0,406.25,33.260336739125215
2023-01-01,565.0,Beans,Kandy,440.0,425.0,395.0,215.0,456.25,74.87489565935971
2023-01-08,445.0,Beans,Kandy,565.0,440.0,425.0,190.0,468.75,64.7269907637713
2023-01-15,325.0,Beans,Kandy,445.0,565.0,440.0,327.5,443.75,98.0114789195633
2023-01-22,420.0,Beans,Kandy,325.0,445.0,565.0,255.0,438.75,98.77373132569207
2023-01-29,375.0,Beans,Kandy,420.0,325.0,445.0,265.0,391.25,52.81650625830277
2023-02-05,435.0,Beans,Kandy,375.0,420.0,325.0,340.0,388.75,49.56056900399756
2023-02-12,390.0,Beans,Kandy,435.0,375.0,420.0,415.0,405.0,27.38612787525836
2023-02-19,365.0,Beans,Kandy,390.0,435.0,375.0,365.0,391.25,30.923292192132504
2023-02-26,315.0,Beans,Kandy,365.0,390.0,435.0,335.0,376.25,50.062460986252
2023-03-05,220.0,Beans,Kandy,315.0,365.0,390.0,365.0,322.5,75.11102892829169
2023-03-12,210.0,Beans,Kandy,220.0,315.0,365.0,395.0,277.5,75.11102892829169
2023-03-19,210.0,Beans,Kandy,210.0,220.0,315.0,425.0,238.75,51.051444641655394
2023-03-26,160.0,Beans,Kandy,210.0,210.0,220.0,440.0,200.0,27.080128015453308
2023-04-02,130.0,Beans,Kandy,160.0,210.0,210.0,565.0,177.5,39.47573094109011
2023-04-09,120.0,Beans,Kandy,130.0,160.0,210.0,445.0,155.0,40.414518843273875
2023-04-16,105.0,Beans,Kandy,120.0,130.0,160.0,325.0,128.75,23.22893310794404
2023-04-23,90.0,Beans,Kandy,105.0,120.0,130.0,420.0,111.25,17.500000000000153
2023-04-30,150.0,Beans,Kandy,90.0,105.0,120.0,375.0,116.25,25.6173769148991
2023-05-07,230.0,Beans,Kandy,150.0,90.0,105.0,435.0,143.75,62.898728127045665
2023-05-14,290.0,Beans,Kandy,230.0,150.0,90.0,390.0,190.0,87.93937305515283
2023-05-21,435.0,Beans,Kandy,290.0,230.0,150.0,365.0,276.25,120.3726851629278
2023-05-28,265.0,Beans,Kandy,435.0,290.0,230.0,315.0,305.0,90.09254501159721
2023-06-04,310.0,Beans,Kandy,265.0,435.0,290.0,220.0,325.0,75.60864148142505
2023-06-11,245.0,Beans,Kandy,310.0,265.0,435.0,210.0,313.75,85.28139695541266
2023-06-18,375.0,Beans,Kandy,245.0,310.0,265.0,210.0,298.75,57.64474535173756
2023-06-25,390.0,Beans,Kandy,375.0,245.0,310.0,160.0,330.0,66.4580067912563
2023-07-02,415.0,Beans,Kandy,390.0,375.0,245.0,130.0,356.25,75.97971220442118
2023-07-09,315.0,Beans,Kandy,415.0,390.0,375.0,120.0,373.75,42.50000000000003
2023-07-16,410.0,Beans,Kandy,315.0,415.0,390.0,105.0,382.5,46.2781445897161
2023-07-23,325.0,Beans,Kandy,410.0,315.0,415.0,90.0,366.25,53.59959576962003
2023-07-30,360.0,Beans,Kandy,325.0,410.0,315.0,150.0,352.5,42.91464396527914
2023-08-06,365.0,Beans,Kandy,360.0,325.0,410.0,230.0,365.0,34.88074922742728
2023-08-13,335.0,Beans,Kandy,365.0,360.0,325.0,290.0,346.25,19.311050377094176
2023-08-20,355.0,Beans,Kandy,335.0,365.0,360.0,435.0,353.75,13.149778198383014
2023-08-27,315.0,Beans,Kandy,355.0,335.0,365.0,265.0,342.5,22.173557826083513
2023-09-03,290.0,Beans,Kandy,315.0,355.0,335.0,310.0,323.75,27.801378862687177
2023-09-10,240.0,Beans,Kandy,290.0,315.0,355.0,245.0,300.0,48.13176359397887
2023-09-17,350.0,Beans,Kandy,240.0,290.0,315.0,375.0,298.75,46.25563028792642
2023-09-24,340.0,Beans,Kandy,350.0,240.0,290.0,390.0,305.0,50.66228051190224
2023-10-01,215.0,Beans,Kandy,340.0,350.0,240.0,415.0,286.25,68.7234797333973
2023-10-08,235.0,Beans,Kandy,215.0,340.0,350.0,315.0,285.0,69.88085097745545
2023-10-15,315.0,Beans,Kandy,235.0,215.0,340.0,410.0,276.25,60.60459278525572
2023-10-22,335.0,Beans,Kandy,315.0,235.0,215.0,325.0,275.0,58.878405775519006
2023-10-29,400.0,Beans,Kandy,335.0,315.0,235.0,360.0,321.25,67.99203384711086
2023-11-05,375.0,Beans,Kandy,400.0,335.0,315.0,365.0,356.25,38.37859646556489
2023-11-12,265.0,Beans,Kandy,375.0,400.0,335.0,335.0,343.75,58.93145736079051
2023-11-19,315.0,Beans,Kandy,265.0,375.0,400.0,355.0,338.75,60.7419404804731
2023-11-26,435.0,Beans,Kandy,315.0,265.0,375.0,315.0,347.5,73.6545993132812
2023-12-03,475.0,Beans,Kandy,435.0,315.0,265.0,290.0,372.5,98.78427675158298
2023-12-10,425.0,Beans,Kandy,475.0,435.0,315.0,240.0,412.5,68.4957419601151
2023-12-17,425.0,Beans,Kandy,425.0,475.0,435.0,350.0,440.0,23.80476142847628
2023-12-24,375.0,Beans,Kandy,425.0,425.0,475.0,340.0,425.0,40.82482904638637
2023-12-31,575.0,Beans,Kandy,375.0,425.0,425.0,215.0,450.0,86.6025403784439
2024-01-07,475.0,Beans,Kandy,575.0,375.0,425.0,235.0,462.5,85.39125638299669
2024-01-14,475.0,Beans,Kandy,475.0,575.0,375.0,315.0,475.0,81.64965809277264
2024-01-21,950.0,Beans,Kandy,475.0,475.0,575.0,335.0,618.75,225.80873174732048
2024-01-28,630.0,Beans,Kandy,950.0,475.0,475.0,400.0,632.5,223.92334998089564
2024-02-04,575.0,Beans,Kandy,630.0,950.0,475.0,375.0,657.5,205.2843556305903
2024-02-11,830.0,Beans,Kandy,575.0,630.0,950.0,265.0,746.25,174.51719113027232
2024-02-18,775.0,Beans,Kandy,830.0,575.0,630.0,315.0,702.5,119.756697794598
2024-02-25,525.0,Beans,Kandy,775.0,830.0,575.0,435.0,676.25,148.90573080532081
2024-03-03,430.0,Beans,Kandy,525.0,775.0,830.0,475.0,640.0,192.91621670213905
2024-03-10,425.0,Beans,Kandy,430.0,525.0,775.0,425.0,538.75,164.08204248688114
2024-03-17,275.0,Beans,Kandy,425.0,430.0,525.0,425.0,413.75,103.30980915027705
2024-03-24,160.0,Beans,Kandy,275.0,425.0,430.0,375.0,322.5,130.0320473319302
2024-03-31,110.0,Beans,Kandy,160.0,275.0,425.0,575.0,242.5,139.91068579633225
2024-04-07,110.0,Beans,Kandy,110.0,160.0,275.0,475.0,163.75,77.8219120813669
2024-04-14,113.33333333333333,Beans,Kandy,110.0,110.0,160.0,475.0,123.33333333333333,24.494897427831788
2024-04-21,116.66666666666667,Beans,Kandy,113.33333333333333,110.0,110.0,950.0,112.5,3.191423692521155
2024-04-28,120.0,Beans,Kandy,116.66666666666667,113.33333333333333,110.0,630.0,115.0,4.303314829119374
2024-05-05,165.0,Beans,Kandy,120.0,116.66666666666667,113.33333333333333,575.0,128.75,24.319440478456436
2024-05-12,175.0,Beans,Kandy,165.0,120.0,116.66666666666667,830.0,144.16666666666669,30.138568866708546
2024-05-19,215.0,Beans,Kandy,175.0,165.0,120.0,775.0,168.75,39.024564913227
2024-05-26,375.0,Beans,Kandy,215.0,175.0,165.0,525.0,232.5,97.4251849711699
2024-06-02,575.0,Beans,Kandy,375.0,215.0,175.0,430.0,335.0,181.84242262647808
2024-06-09,625.0,Beans,Kandy,575.0,375.0,215.0,425.0,447.5,188.9223826513594
2024-06-16,415.0,Beans,Kandy,625.0,575.0,375.0,275.0,497.5,121.2091855705114
2024-06-23,525.0,Beans,Kandy,415.0,625.0,575.0,160.0,535.0,89.81462390204985
2024-06-30,525.0,Beans,Kandy,525.0,415.0,625.0,110.0,522.5,85.78072821638511
2024-07-07,540.0,Beans,Kandy,525.0,525.0,415.0,110.0,501.25,57.9331511312823
2024-07-14,475.0,Beans,Kandy,540.0,525.0,525.0,113.33333333333333,516.25,28.394541729001293
2024-07-21,475.0,Beans,Kandy,475.0,540.0,525.0,116.66666666666667,503.75,33.75771516754843
2024-07-28,475.0,Beans,Kandy,475.0,475.0,540.0,120.0,491.25,32.49999999999994
2024-08-04,465.0,Beans,Kandy,475.0,475.0,475.0,165.0,472.5,5.0
2024-08-11,375.0,Beans,Kandy,465.0,475.0,475.0,175.0,447.5,48.562674281111555
2024-08-18,375.0,Beans,Kandy,375.0,465.0,475.0,215.0,422.5,55.0
2024-08-25,365.0,Beans,Kandy,375.0,375.0,465.0,375.0,395.0,46.9041575982343
2024-09-01,315.0,Beans,Kandy,365.0,375.0,375.0,575.0,357.5,28.722813232690154
2024-09-08,225.0,Beans,Kandy,315.0,365.0,375.0,625.0,320.0,68.55654600401044
2024-09-15,210.0,Beans,Kandy,225.0,315.0,365.0,415.0,278.75,73.86643351347081
2024-09-22,165.0,Beans,Kandy,210.0,225.0,315.0,525.0,228.75,62.898728127045636
2024-09-29,265.0,Beans,Kandy,165.0,210.0,225.0,525.0,216.25,41.3067791046458
2024-10-06,225.0,Beans,Kandy,265.0,165.0,210.0,540.0,216.25,41.3067791046458
2024-10-13,325.0,Beans,Kandy,225.0,265.0,165.0,475.0,245.0,67.33003292241388
2024-10-20,300.0,Beans,Kandy,325.0,225.0,265.0,475.0,278.75,43.46933785248327
2024-10-27,335.0,Beans,Kandy,300.0,325.0,225.0,475.0,296.25,49.728429159452325
2024-11-03,275.0,Beans,Kandy,335.0,300.0,325.0,465.0,308.75,26.887109674836164
2024-11-10,225.0,Beans,Kandy,275.0,335.0,300.0,375.0,283.75,46.2556302879264
2024-11-17,365.0,Beans,Kandy,225.0,275.0,335.0,375.0,300.0,62.449979983983994
2024-11-24,375.0,Beans,Kandy,365.0,225.0,275.0,365.0,310.0,72.34178138070236
2024-12-01,375.0,Beans,Kandy,375.0,365.0,225.0,315.0,335.0,73.48469228349535
2024-12-08,625.0,Beans,Kandy,375.0,375.0,365.0,225.0,435.0,126.75435561221028
2024-12-15,525.0,Beans,Kandy,625.0,375.0,375.0,210.0,475.0,122.4744871391589
2024-12-22,265.0,Beans,Kandy,525.0,625.0,375.0,165.0,447.5,159.24300089276554
2024-12-29,425.0,Beans,Kandy,265.0,525.0,625.0,265.0,460.0,153.51438586225936
2025-01-05,395.0,Beans,Kandy,425.0,265.0,525.0,225.0,402.5,107.19919153923999
2025-01-12,365.0,Beans,Kandy,395.0,425.0,265.0,325.0,362.5,69.462219947249
2025-01-19,275.0,Beans,Kandy,365.0,395.0,425.0,300.0,365.0,64.80740698407857
2025-01-26,465.0,Beans,Kandy,275.0,365.0,395.0,335.0,375.0,78.74007874011808
2025-02-02,475.0,Beans,Kandy,465.0,275.0,365.0,275.0,395.0,94.16297927883687
2025-02-09,500.0,Beans,Kandy,475.0,465.0,275.0,225.0,428.75,103.55151696941316
2025-02-16,425.0,Beans,Kandy,500.0,475.0,465.0,365.0,466.25,31.191612120354776
2025-02-23,325.0,Beans,Kandy,425.0,500.0,475.0,375.0,431.25,77.39239842086128
2025-03-02,240.0,Beans,Kandy,325.0,425.0,500.0,375.0,372.5,113.76144631054348
2025-03-09,165.0,Beans,Kandy,240.0,325.0,425.0,625.0,288.75,111.90583839401171
2025-03-16,475.0,Beans,Kandy,165.0,240.0,325.0,525.0,301.25,133.00219296437683
2025-03-23,475.0,Beans,Kandy,475.0,165.0,240.0,265.0,338.75,160.2797034353799
2025-03-30,475.0,Beans,Kandy,475.0,475.0,165.0,425.0,397.5,155.0
2025-04-06,475.0,Beans,Kandy,475.0,475.0,475.0,395.0,475.0,0.0
2025-04-13,425.0,Beans,Kandy,475.0,475.0,475.0,365.0,462.5,25.0
2025-04-20,400.0,Beans,Kandy,425.0,475.0,475.0,275.0,443.75,37.5
2025-04-27,375.0,Beans,Kandy,400.0,425.0,475.0,465.0,418.75,42.69562819149832
2025-05-04,475.0,Beans,Kandy,375.0,400.0,425.0,475.0,418.75,42.69562819149832
2025-05-11,575.0,Beans,Kandy,475.0,375.0,400.0,500.0,456.25,89.84941105353259
2025-05-18,425.0,Beans,Kandy,575.0,475.0,375.0,425.0,462.5,85.39125638299664
2025-05-25,225.0,Beans,Kandy,425.0,575.0,475.0,325.0,425.0,147.19601443879745
2025-06-01,225.0,Beans,Kandy,225.0,425.0,575.0,240.0,362.5,170.17148213885113
2025-06-08,375.0,Beans,Kandy,225.0,225.0,425.0,165.0,312.5,103.07764064044152
2025-06-15,375.0,Beans,Kandy,375.0,225.0,225.0,475.0,300.0,86.60254037844388
2025-06-22,475.0,Beans,Kandy,375.0,375.0,225.0,475.0,362.5,103.07764064044152
2025-06-29,575.0,Beans,Kandy,475.0,375.0,375.0,475.0,450.0,95.74271077563382
2025-07-06,425.0,Beans,Kandy,575.0,475.0,375.0,475.0,462.5,85.39125638299666
2025-07-13,375.0,Beans,Kandy,425.0,575.0,475.0,425.0,462.5,85.39125638299666
2025-07-20,325.0,Beans,Kandy,375.0,425.0,575.0,400.0,425.0,108.01234497346435
2025-07-27,400.0,Beans,Kandy,325.0,375.0,425.0,375.0,381.25,42.69562819149835
2025-08-03,675.0,Beans,Kandy,400.0,325.0,375.0,475.0,443.75,157.28821740147396
2025-08-10,625.0,Beans,Kandy,675.0,400.0,325.0,575.0,506.25,170.01838135919303
2025-08-17,575.0,Beans,Kandy,625.0,675.0,400.0,425.0,568.75,119.67838846954227
2025-08-24,525.0,Beans,Kandy,575.0,625.0,675.0,225.0,600.0,64.5497224367903
2025-08-31,375.0,Beans,Kandy,525.0,575.0,625.0,225.0,525.0,108.01234497346435
2025-09-07,315.0,Beans,Kandy,375.0,525.0,575.0,375.0,447.5,122.57650672131265
2025-09-14,365.0,Beans,Kandy,315.0,375.0,525.0,375.0,395.0,90.5538513813742
2025-09-21,375.0,Beans,Kandy,365.0,315.0,375.0,475.0,357.5,28.722813232690232
2025-09-28,265.0,Beans,Kandy,375.0,365.0,315.0,575.0,330.0,50.66228051190227
2025-10-05,265.0,Beans,Kandy,265.0,375.0,365.0,425.0,317.5,60.759087111860666
2025-10-12,275.0,Beans,Kandy,265.0,265.0,375.0,375.0,295.0,53.54126134736343
2025-10-19,285.0,Beans,Kandy,275.0,265.0,265.0,325.0,272.5,9.574271077563692
2025-10-26,185.0,Beans,Kandy,285.0,275.0,265.0,400.0,252.5,45.73474244670754
2025-11-02,335.0,Beans,Kandy,185.0,285.0,275.0,675.0,270.0,62.44997998398403
2025-11-09,425.0,Beans,Kandy,335.0,185.0,285.0,625.0,307.5,100.12492197250397
2025-11-16,265.0,Beans,Kandy,425.0,335.0,185.0,575.0,302.5,102.10288928331072
2025-11-23,300.0,Beans,Kandy,265.0,425.0,335.0,525.0,331.25,68.72347973339733
2025-11-30,525.0,Beans,Kandy,300.0,265.0,425.0,375.0,378.75,119.25987031129404
2025-12-07,750.0,Beans,Kandy,525.0,300.0,265.0,315.0,460.0,225.055548698538
2021-01-10,155.0,Beans,Matale,,,,,,
2021-01-17,174.0,Beans,Matale,155.0,,,,,
2021-01-24,193.0,Beans,Matale,174.0,155.0,,,,
2021-01-31,212.0,Beans,Matale,193.0,174.0,155.0,,183.5,24.528894525980306
2021-02-07,231.0,Beans,Matale,212.0,193.0,174.0,,202.5,24.528894525980306
2021-02-14,250.0,Beans,Matale,231.0,212.0,193.0,,221.5,24.528894525980306
2021-02-21,125.0,Beans,Matale,250.0,231.0,212.0,,204.5,55.22378714527524
2021-02-28,155.0,Beans,Matale,125.0,250.0,231.0,,190.25,59.80732953966986
2021-03-07,166.66666666666666,Beans,Matale,155.0,125.0,250.0,,174.16666666666666,53.51531452667441
2021-03-14,178.33333333333334,Beans,Matale,166.66666666666666,155.0,125.0,,156.25,22.907826577799085
2021-03-21,190.0,Beans,Matale,178.33333333333334,166.66666666666666,155.0,,172.5,15.061601901917724
2021-03-28,145.0,Beans,Matale,190.0,178.33333333333334,166.66666666666666,,170.0,19.196836159078877
2021-04-04,142.5,Beans,Matale,145.0,190.0,178.33333333333334,,163.95833333333334,23.83755790064633
2021-04-11,120.0,Beans,Matale,142.5,145.0,190.0,155.0,149.375,29.323980516521516
2021-04-18,82.5,Beans,Matale,120.0,142.5,145.0,174.0,122.5,28.93959225697557
2021-04-25,45.0,Beans,Matale,82.5,120.0,142.5,193.0,97.5,42.86607049870562
2021-05-02,100.0,Beans,Matale,45.0,82.5,120.0,212.0,86.875,31.844348007142496
2021-05-09,245.0,Beans,Matale,100.0,45.0,82.5,231.0,118.125,87.63976932116303
2021-05-16,245.0,Beans,Matale,245.0,100.0,45.0,250.0,158.75,102.0926866463346
2021-05-23,245.0,Beans,Matale,245.0,245.0,100.0,125.0,208.75,72.50000000000001
2021-05-30,280.0,Beans,Matale,245.0,245.0,245.0,155.0,253.75,17.5
2021-06-06,315.0,Beans,Matale,280.0,245.0,245.0,166.66666666666666,271.25,33.50994877147183
2021-06-13,294.0,Beans,Matale,315.0,280.0,245.0,178.33333333333334,283.5,29.422213830143143
2021-06-20,273.0,Beans,Matale,294.0,315.0,280.0,190.0,290.5,18.52025917745213
2021-06-27,252.0,Beans,Matale,273.0,294.0,315.0,145.0,283.5,27.110883423451916
2021-07-04,231.0,Beans,Matale,252.0,273.0,294.0,142.5,262.5,27.110883423451916
2021-07-11,210.0,Beans,Matale,231.0,252.0,273.0,120.0,241.5,27.110883423451916
2021-07-18,185.0,Beans,Matale,210.0,231.0,252.0,82.5,219.5,28.687976575562104
2021-07-25,235.0,Beans,Matale,185.0,210.0,231.0,45.0,215.25,22.954665466232925
2021-08-01,245.0,Beans,Matale,235.0,185.0,210.0,100.0,218.75,26.887109674836125
2021-08-08,107.5,Beans,Matale,245.0,235.0,185.0,245.0,193.125,62.82830439645282
2021-08-15,151.25,Beans,Matale,107.5,245.0,235.0,245.0,184.6875,66.44527039852673
2021-08-22,195.0,Beans,Matale,151.25,107.5,245.0,245.0,174.6875,58.93477149923181
2021-08-29,175.0,Beans,Matale,195.0,151.25,107.5,280.0,157.1875,37.64382142751538
2021-09-05,155.0,Beans,Matale,175.0,195.0,151.25,315.0,169.0625,20.191143891980612
2021-09-12,135.0,Beans,Matale,155.0,175.0,195.0,294.0,165.0,25.8198889747161
2021-09-19,90.0,Beans,Matale,135.0,155.0,175.0,273.0,138.75,36.37192140465865
2021-09-26,105.0,Beans,Matale,90.0,135.0,155.0,252.0,121.25,29.261749776799054
2021-10-03,155.0,Beans,Matale,105.0,90.0,135.0,231.0,121.25,29.261749776799054
2021-10-10,192.5,Beans,Matale,155.0,105.0,90.0,210.0,135.625,47.00952917583128
2021-10-17,230.0,Beans,Matale,192.5,155.0,105.0,185.0,170.625,53.40002340823456
2021-10-24,190.0,Beans,Matale,230.0,192.5,155.0,235.0,191.875,30.644126680328135
2021-10-31,180.0,Beans,Matale,190.0,230.0,192.5,245.0,198.125,21.925536861538088
2021-11-07,110.0,Beans,Matale,180.0,190.0,230.0,107.5,177.5,49.91659710623978
2021-11-14,265.0,Beans,Matale,110.0,180.0,190.0,151.25,186.25,63.42646661029342
2021-11-21,415.0,Beans,Matale,265.0,110.0,180.0,195.0,242.5,131.30752707543718
2021-11-28,325.0,Beans,Matale,415.0,265.0,110.0,175.0,278.75,128.281916106675
2021-12-05,285.0,Beans,Matale,325.0,415.0,265.0,155.0,322.5,66.52067347825037
2021-12-12,245.0,Beans,Matale,285.0,325.0,415.0,135.0,317.5,72.74384280931733
2021-12-19,345.0,Beans,Matale,245.0,285.0,325.0,90.0,300.0,44.34711565216693
2021-12-26,250.0,Beans,Matale,345.0,245.0,285.0,105.0,281.25,46.07511982259698
2022-01-02,345.0,Beans,Matale,250.0,345.0,245.0,155.0,296.25,56.32864872040398
2022-01-09,235.0,Beans,Matale,345.0,250.0,345.0,192.5,293.75,59.49439749533846
2022-01-16,247.5,Beans,Matale,235.0,345.0,250.0,230.0,269.375,50.84187086775364
2022-01-23,300.0,Beans,Matale,247.5,235.0,345.0,190.0,281.875,50.63657275132277
2022-01-30,375.0,Beans,Matale,300.0,247.5,235.0,180.0,289.375,63.6518852823701
2022-02-06,575.0,Beans,Matale,375.0,300.0,247.5,110.0,374.375,143.61950598717434
2022-02-13,370.0,Beans,Matale,575.0,375.0,300.0,265.0,405.0,118.3920042345203
2022-02-20,165.0,Beans,Matale,370.0,575.0,375.0,415.0,371.25,167.40046794040532
2022-02-27,175.0,Beans,Matale,165.0,370.0,575.0,325.0,321.25,193.70832885208284
2022-03-06,187.5,Beans,Matale,175.0,165.0,370.0,285.0,224.375,97.51869478891389
2022-03-13,425.0,Beans,Matale,187.5,175.0,165.0,245.0,238.125,124.92289288463773
2022-03-20,185.0,Beans,Matale,425.0,187.5,175.0,345.0,243.125,121.37021531935531
2022-03-27,155.0,Beans,Matale,185.0,425.0,187.5,250.0,238.125,125.45542036914948
2022-04-03,140.0,Beans,Matale,155.0,185.0,425.0,345.0,226.25,133.81423691072638
2022-04-10,365.0,Beans,Matale,140.0,155.0,185.0,235.0,211.25,104.19332992087357
2022-04-17,257.5,Beans,Matale,365.0,140.0,155.0,247.5,229.375,104.41054783880796
2022-04-24,150.0,Beans,Matale,257.5,365.0,140.0,300.0,228.125,105.62068531621385
2022-05-01,257.5,Beans,Matale,150.0,257.5,365.0,375.0,257.5,87.77338244973058
2022-05-08,405.0,Beans,Matale,257.5,150.0,257.5,575.0,267.5,104.74174589595754
2022-05-15,402.5,Beans,Matale,405.0,257.5,150.0,370.0,303.75,123.5330590031133
2022-05-22,400.0,Beans,Matale,402.5,405.0,257.5,165.0,366.25,72.52872993970507
2022-05-29,550.0,Beans,Matale,400.0,402.5,405.0,175.0,439.375,73.77824317958968
2022-06-05,427.5,Beans,Matale,550.0,400.0,402.5,187.5,445.0,71.09266253747057
2022-06-12,305.0,Beans,Matale,427.5,550.0,400.0,425.0,420.625,100.96152319902207
2022-06-19,575.0,Beans,Matale,305.0,427.5,550.0,185.0,464.375,124.27078967587947
2022-06-26,425.0,Beans,Matale,575.0,305.0,427.5,155.0,433.125,110.51724978481869
2022-07-03,375.0,Beans,Matale,425.0,575.0,305.0,140.0,420.0,114.455231422596
2022-07-10,195.0,Beans,Matale,375.0,425.0,575.0,365.0,392.5,156.71098663888674
2022-07-17,275.0,Beans,Matale,195.0,375.0,425.0,257.5,317.5,102.75375094532238
2022-07-24,375.0,Beans,Matale,275.0,195.0,375.0,150.0,305.0,87.17797887081352
2022-07-31,325.0,Beans,Matale,375.0,275.0,195.0,257.5,292.5,76.75719293112975
2022-08-07,292.5,Beans,Matale,325.0,375.0,275.0,405.0,316.875,43.9400633439083
2022-08-14,260.0,Beans,Matale,292.5,325.0,375.0,402.5,313.125,49.04823306365555
2022-08-21,335.0,Beans,Matale,260.0,292.5,325.0,400.0,303.125,33.99601692355553
2022-08-28,200.0,Beans,Matale,335.0,260.0,292.5,550.0,271.875,56.912762189161114
2022-09-04,387.5,Beans,Matale,200.0,335.0,260.0,427.5,295.625,82.47158601603347
2022-09-11,575.0,Beans,Matale,387.5,200.0,335.0,305.0,374.375,155.3272754541198
2022-09-18,475.0,Beans,Matale,575.0,387.5,200.0,575.0,409.375,159.2217400357125
2022-09-25,275.0,Beans,Matale,475.0,575.0,387.5,425.0,428.125,127.6286116041384
2022-10-02,200.0,Beans,Matale,275.0,475.0,575.0,375.0,381.25,173.6555498681226
2022-10-09,200.0,Beans,Matale,200.0,275.0,475.0,195.0,287.5,129.90381056766583
2022-10-16,287.5,Beans,Matale,200.0,200.0,275.0,275.0,240.625,47.186465220442315
2022-10-23,265.0,Beans,Matale,287.5,200.0,200.0,375.0,238.125,44.97105550610688
2022-10-30,275.0,Beans,Matale,265.0,287.5,200.0,325.0,256.875,39.017891195365046
2022-11-06,375.0,Beans,Matale,275.0,265.0,287.5,292.5,300.625,50.4304388902841
2022-11-13,475.0,Beans,Matale,375.0,275.0,265.0,260.0,347.5,98.44626283748245
2022-11-20,335.0,Beans,Matale,475.0,375.0,275.0,335.0,365.0,84.06346808612335
2022-11-27,335.0,Beans,Matale,335.0,475.0,375.0,200.0,380.0,66.08075867199679
2022-12-04,348.3333333333333,Beans,Matale,335.0,335.0,475.0,387.5,373.3333333333333,68.06859285554054
2022-12-11,361.6666666666667,Beans,Matale,348.3333333333333,335.0,335.0,575.0,345.0,12.765694770085148
2022-12-18,375.0,Beans,Matale,361.6666666666667,348.3333333333333,335.0,475.0,355.0,17.21325931647783
2022-12-25,410.0,Beans,Matale,375.0,361.6666666666667,348.3333333333333,275.0,373.75,26.505589906589666
2023-01-01,325.0,Beans,Matale,410.0,375.0,361.6666666666667,200.0,367.9166666666667,35.12873151393016
2023-01-08,300.0,Beans,Matale,325.0,410.0,375.0,200.0,352.5,49.413223601245484
2023-01-15,275.0,Beans,Matale,300.0,325.0,410.0,287.5,327.5,58.66571968932702
2023-01-22,375.0,Beans,Matale,275.0,300.0,325.0,265.0,318.75,42.69562819149865
2023-01-29,210.0,Beans,Matale,375.0,275.0,300.0,275.0,290.0,68.19090848492955
2023-02-05,350.0,Beans,Matale,210.0,375.0,275.0,375.0,302.5,74.88880646220345
2023-02-12,325.0,Beans,Matale,350.0,210.0,375.0,475.0,315.0,72.91547618075806
2023-02-19,365.0,Beans,Matale,325.0,350.0,210.0,335.0,312.5,70.29698902987735
2023-02-26,325.0,Beans,Matale,365.0,325.0,350.0,335.0,341.25,19.73786547054556
2023-03-05,210.0,Beans,Matale,325.0,365.0,325.0,348.3333333333333,306.25,66.87986742411127
2023-03-12,210.0,Beans,Matale,210.0,325.0,365.0,361.6666666666667,277.5,79.63458210266886
2023-03-19,180.0,Beans,Matale,210.0,210.0,325.0,375.0,231.25,64.08002808988192
2023-03-26,140.0,Beans,Matale,180.0,210.0,210.0,410.0,185.0,33.16624790355503
2023-04-02,130.0,Beans,Matale,140.0,180.0,210.0,325.0,165.0,36.968455021365735
2023-04-09,100.0,Beans,Matale,130.0,140.0,180.0,300.0,137.5,33.0403793359996
2023-04-16,92.5,Beans,Matale,100.0,130.0,140.0,275.0,115.625,22.946949688359226
2023-04-23,85.0,Beans,Matale,92.5,100.0,130.0,375.0,101.875,19.724667297576755
2023-04-30,155.0,Beans,Matale,85.0,92.5,100.0,210.0,108.125,31.844348007143935
2023-05-07,240.0,Beans,Matale,155.0,85.0,92.5,350.0,143.125,71.80340637230763
2023-05-14,325.0,Beans,Matale,240.0,155.0,85.0,325.0,201.25,104.03324789059857
2023-05-21,360.0,Beans,Matale,325.0,240.0,155.0,365.0,270.0,91.74239296348613
2023-05-28,215.0,Beans,Matale,360.0,325.0,240.0,325.0,285.0,68.67799259345533
2023-06-04,235.0,Beans,Matale,215.0,360.0,325.0,210.0,283.75,69.80627956471184
2023-06-11,325.0,Beans,Matale,235.0,215.0,360.0,210.0,283.75,69.80627956471184
2023-06-18,365.0,Beans,Matale,325.0,235.0,215.0,180.0,285.0,71.64728420068253
2023-06-25,380.0,Beans,Matale,365.0,325.0,235.0,140.0,326.25,65.11208285205873
2023-07-02,425.0,Beans,Matale,380.0,365.0,325.0,130.0,373.75,41.306779104645926
2023-07-09,275.0,Beans,Matale,425.0,380.0,365.0,100.0,361.25,62.89872812704576
2023-07-16,400.0,Beans,Matale,275.0,425.0,380.0,92.5,370.0,65.9545297913647
2023-07-23,370.0,Beans,Matale,400.0,275.0,425.0,85.0,367.5,65.63789555838417
2023-07-30,355.0,Beans,Matale,370.0,400.0,275.0,155.0,350.0,53.385391260156744
2023-08-06,405.0,Beans,Matale,355.0,370.0,400.0,240.0,382.5,23.979157616563807
2023-08-13,315.0,Beans,Matale,405.0,355.0,370.0,325.0,361.25,37.277115410575284
2023-08-20,365.0,Beans,Matale,315.0,405.0,355.0,360.0,360.0,36.968455021364946
2023-08-27,365.0,Beans,Matale,365.0,315.0,405.0,215.0,362.5,36.85557397916018
2023-09-03,285.0,Beans,Matale,365.0,365.0,315.0,235.0,332.5,39.475730941090355
2023-09-10,205.0,Beans,Matale,285.0,365.0,365.0,325.0,305.0,76.59416862050726
2023-09-17,325.0,Beans,Matale,205.0,285.0,365.0,365.0,295.0,68.31300510639758
2023-09-24,310.0,Beans,Matale,325.0,205.0,285.0,380.0,281.25,53.44389581608025
2023-10-01,275.0,Beans,Matale,310.0,325.0,205.0,425.0,278.75,53.443895816080264
2023-10-08,235.0,Beans,Matale,275.0,310.0,325.0,275.0,286.25,40.07804885470398
2023-10-15,305.0,Beans,Matale,235.0,275.0,310.0,400.0,281.25,34.490336810958716
2023-10-22,375.0,Beans,Matale,305.0,235.0,275.0,370.0,297.5,59.09032633745309
2023-10-29,480.0,Beans,Matale,375.0,305.0,235.0,355.0,348.75,104.51275839181878
2023-11-05,375.0,Beans,Matale,480.0,375.0,305.0,405.0,383.75,72.15434844830912
2023-11-12,275.0,Beans,Matale,375.0,480.0,375.0,315.0,376.25,83.70334521391611
2023-11-19,325.0,Beans,Matale,275.0,375.0,480.0,365.0,363.75,87.59518632131952
2023-11-26,400.0,Beans,Matale,325.0,275.0,375.0,365.0,343.75,55.433894565208824
2023-12-03,530.0,Beans,Matale,400.0,325.0,275.0,285.0,382.5,110.94292827095084
2023-12-10,275.0,Beans,Matale,530.0,400.0,325.0,205.0,382.5,110.94292827095084
2023-12-17,250.0,Beans,Matale,275.0,530.0,400.0,325.0,363.75,128.80055641701765
2023-12-24,275.0,Beans,Matale,250.0,275.0,530.0,310.0,332.5,132.19304066402296
2023-12-31,520.0,Beans,Matale,275.0,250.0,275.0,275.0,330.0,127.21373091507598
2024-01-07,425.0,Beans,Matale,520.0,275.0,250.0,235.0,367.5,127.70408502993686
2024-01-14,410.0,Beans,Matale,425.0,520.0,275.0,305.0,407.5,100.87120500916008
2024-01-21,925.0,Beans,Matale,410.0,425.0,520.0,375.0,570.0,241.62643343254746
2024-01-28,700.0,Beans,Matale,925.0,410.0,425.0,480.0,615.0,245.9335953734936
2024-02-04,700.0,Beans,Matale,700.0,925.0,410.0,375.0,683.75,211.08351427811675
2024-02-11,640.0,Beans,Matale,700.0,700.0,925.0,275.0,741.25,125.72290960680117
2024-02-18,575.0,Beans,Matale,640.0,700.0,700.0,325.0,653.75,59.634302209382156
2024-02-25,550.0,Beans,Matale,575.0,640.0,700.0,400.0,616.25,67.4999999999995
2024-03-03,375.0,Beans,Matale,550.0,575.0,640.0,530.0,535.0,113.21071798494444
2024-03-10,375.0,Beans,Matale,375.0,550.0,575.0,275.0,468.75,108.7332362558323
2024-03-17,280.0,Beans,Matale,375.0,375.0,550.0,250.0,395.0,112.62030604350768
2024-03-24,135.0,Beans,Matale,280.0,375.0,375.0,275.0,291.25,113.38540470448581
2024-03-31,85.0,Beans,Matale,135.0,280.0,375.0,520.0,218.75,133.00219296437703
2024-04-07,90.0,Beans,Matale,85.0,135.0,280.0,425.0,147.5,91.15005942583586
2024-04-14,120.0,Beans,Matale,90.0,85.0,135.0,410.0,107.5,23.979157616565427
2024-04-21,120.0,Beans,Matale,120.0,90.0,85.0,925.0,103.75,18.87458608817923
2024-04-28,120.0,Beans,Matale,120.0,120.0,90.0,700.0,112.5,15.000000000002872
2024-05-05,130.0,Beans,Matale,120.0,120.0,120.0,700.0,122.5,5.000000000008306
2024-05-12,170.0,Beans,Matale,130.0,120.0,120.0,640.0,135.0,23.804761428477832
2024-05-19,210.0,Beans,Matale,170.0,130.0,120.0,575.0,157.5,41.1298755975111
2024-05-26,390.0,Beans,Matale,210.0,170.0,130.0,550.0,225.0,114.74609652039027
2024-06-02,615.0,Beans,Matale,390.0,210.0,170.0,375.0,346.25,203.11634596949608
2024-06-09,400.0,Beans,Matale,615.0,390.0,210.0,375.0,403.75,165.6992757980553
2024-06-16,475.0,Beans,Matale,400.0,615.0,390.0,280.0,470.0,103.84282995630133
2024-06-23,540.0,Beans,Matale,475.0,400.0,615.0,135.0,507.5,91.6969646898593
2024-06-30,425.0,Beans,Matale,540.0,475.0,400.0,85.0,460.0,61.779176642835324
2024-07-07,415.0,Beans,Matale,425.0,540.0,475.0,90.0,463.75,57.20941064778284
2024-07-14,475.0,Beans,Matale,415.0,425.0,540.0,120.0,463.75,57.20941064778284
2024-07-21,475.0,Beans,Matale,475.0,415.0,425.0,120.0,447.5,32.01562118716404
2024-07-28,575.0,Beans,Matale,475.0,475.0,415.0,120.0,485.0,66.3324958071078
2024-08-04,525.0,Beans,Matale,575.0,475.0,475.0,130.0,512.5,47.87135538781655
2024-08-11,400.0,Beans,Matale,525.0,575.0,475.0,170.0,493.75,74.6519702798703
2024-08-18,375.0,Beans,Matale,400.0,525.0,575.0,210.0,468.75,96.55525188547045
2024-08-25,375.0,Beans,Matale,375.0,400.0,525.0,390.0,418.75,71.80703308172532
2024-09-01,275.0,Beans,Matale,375.0,375.0,400.0,615.0,356.25,55.43389456520875
2024-09-08,200.0,Beans,Matale,275.0,375.0,375.0,400.0,306.25,85.08574106942574
2024-09-15,175.0,Beans,Matale,200.0,275.0,375.0,475.0,256.25,89.84941105353283
2024-09-22,175.0,Beans,Matale,175.0,200.0,275.0,540.0,206.25,47.324236215002884
2024-09-29,225.0,Beans,Matale,175.0,175.0,200.0,425.0,193.75,23.935677693909724
2024-10-06,305.0,Beans,Matale,225.0,175.0,175.0,415.0,220.0,61.37317546507366
2024-10-13,250.0,Beans,Matale,305.0,225.0,175.0,475.0,238.75,54.06400527769575
2024-10-20,315.0,Beans,Matale,250.0,305.0,225.0,475.0,273.75,43.277207241996365
2024-10-27,325.0,Beans,Matale,315.0,250.0,305.0,575.0,298.75,33.509948771472246
2024-11-03,280.0,Beans,Matale,325.0,315.0,250.0,525.0,292.5,34.27827300200565
2024-11-10,260.0,Beans,Matale,280.0,325.0,315.0,400.0,295.0,30.276503540975394
2024-11-17,375.0,Beans,Matale,260.0,280.0,325.0,375.0,310.0,51.15336417740959
2024-11-24,425.0,Beans,Matale,375.0,260.0,280.0,375.0,335.0,78.20912137766722
2024-12-01,405.0,Beans,Matale,425.0,375.0,260.0,275.0,366.25,73.75353098891836
2024-12-08,615.0,Beans,Matale,405.0,425.0,375.0,200.0,455.0,108.62780491200206
2024-12-15,475.0,Beans,Matale,615.0,405.0,425.0,175.0,480.0,94.69248474227847
2024-12-22,240.0,Beans,Matale,475.0,615.0,405.0,175.0,433.75,155.9046182766886
2024-12-29,395.0,Beans,Matale,240.0,475.0,615.0,225.0,431.25,156.59794592096875
2025-01-05,355.0,Beans,Matale,395.0,240.0,475.0,305.0,366.25,97.8412830387392
2025-01-12,315.0,Beans,Matale,355.0,395.0,240.0,250.0,326.25,66.12803238163593
2025-01-19,260.0,Beans,Matale,315.0,355.0,395.0,315.0,331.25,57.644745351737726
2025-01-26,425.0,Beans,Matale,260.0,315.0,355.0,325.0,338.75,69.44722216666902
2025-02-02,515.0,Beans,Matale,425.0,260.0,315.0,280.0,378.75,113.82552437832214
2025-02-09,425.0,Beans,Matale,515.0,425.0,260.0,260.0,406.25,106.33085159068368
2025-02-16,415.0,Beans,Matale,425.0,515.0,425.0,375.0,445.0,46.904157598234136
2025-02-23,415.0,Beans,Matale,415.0,425.0,515.0,425.0,442.5,48.562674281111406
2025-03-02,190.0,Beans,Matale,415.0,415.0,425.0,405.0,361.25,114.26394882026443
2025-03-09,145.0,Beans,Matale,190.0,415.0,415.0,615.0,291.25,144.0702953422392
2025-03-16,400.0,Beans,Matale,145.0,190.0,415.0,475.0,287.5,139.91068579633233
2025-03-23,400.0,Beans,Matale,400.0,145.0,190.0,240.0,283.75,135.4852390483924
2025-03-30,400.0,Beans,Matale,400.0,400.0,145.0,395.0,336.25,127.50000000000007
2025-04-06,565.0,Beans,Matale,400.0,400.0,400.0,355.0,441.25,82.5
2025-04-13,415.0,Beans,Matale,565.0,400.0,400.0,315.0,445.0,80.31189202104505
2025-04-20,370.0,Beans,Matale,415.0,565.0,400.0,260.0,437.5,87.03447592764606
2025-04-27,325.0,Beans,Matale,370.0,415.0,565.0,425.0,418.75,104.19332992087354
2025-05-04,475.0,Beans,Matale,325.0,370.0,415.0,515.0,396.25,64.08002808988148
2025-05-11,600.0,Beans,Matale,475.0,325.0,370.0,425.0,442.5,122.37238250520417
2025-05-18,425.0,Beans,Matale,600.0,475.0,325.0,415.0,456.25,114.33685611676869
2025-05-25,250.0,Beans,Matale,425.0,600.0,475.0,415.0,437.5,145.0574598794101
2025-06-01,250.0,Beans,Matale,250.0,425.0,600.0,190.0,381.25,167.54974385735918
2025-06-08,475.0,Beans,Matale,250.0,250.0,425.0,145.0,350.0,117.26039399558574
2025-06-15,400.0,Beans,Matale,475.0,250.0,250.0,400.0,343.75,112.5
2025-06-22,475.0,Beans,Matale,400.0,475.0,250.0,400.0,400.0,106.06601717798213
2025-06-29,515.0,Beans,Matale,475.0,400.0,475.0,400.0,466.25,48.023431780746364
2025-07-06,475.0,Beans,Matale,515.0,475.0,400.0,565.0,466.25,48.023431780746364
2025-07-13,350.0,Beans,Matale,475.0,515.0,475.0,415.0,453.75,71.6908873800104
2025-07-20,365.0,Beans,Matale,350.0,475.0,515.0,370.0,426.25,81.2788410350443
2025-07-27,380.0,Beans,Matale,365.0,350.0,475.0,325.0,392.5,56.34713834792324
2025-08-03,525.0,Beans,Matale,380.0,365.0,350.0,475.0,405.0,80.93207028119325
2025-08-10,575.0,Beans,Matale,525.0,380.0,365.0,600.0,461.25,104.67210707729163
2025-08-17,600.0,Beans,Matale,575.0,525.0,380.0,425.0,520.0,98.40392946083678
2025-08-24,475.0,Beans,Matale,600.0,575.0,525.0,250.0,543.75,55.43389456520869
2025-08-31,410.0,Beans,Matale,475.0,600.0,575.0,250.0,515.0,88.411914732499
2025-09-07,305.0,Beans,Matale,410.0,475.0,600.0,475.0,447.5,123.4571450612182
2025-09-14,300.0,Beans,Matale,305.0,410.0,475.0,400.0,372.5,85.097982741465
2025-09-21,280.0,Beans,Matale,300.0,305.0,410.0,475.0,323.75,58.50569772822707
2025-09-28,300.0,Beans,Matale,280.0,300.0,305.0,515.0,296.25,11.086778913042053
2025-10-05,275.0,Beans,Matale,300.0,280.0,300.0,475.0,288.75,13.149778198383187
2025-10-12,275.0,Beans,Matale,275.0,300.0,280.0,350.0,282.5,11.902380714238383
2025-10-19,205.0,Beans,Matale,275.0,275.0,300.0,365.0,263.75,40.901303972693505
2025-10-26,225.0,Beans,Matale,205.0,275.0,275.0,380.0,245.0,35.59026084010446
2025-11-02,325.0,Beans,Matale,225.0,205.0,275.0,525.0,257.5,53.77421934967232
2025-11-09,325.0,Beans,Matale,325.0,225.0,205.0,575.0,270.0,64.03124237432854
2025-11-16,250.0,Beans,Matale,325.0,325.0,225.0,600.0,281.25,51.538820320220815
2025-11-23,250.0,Beans,Matale,250.0,325.0,325.0,475.0,287.5,43.301270189221995
2025-11-30,500.0,Beans,Matale,250.0,250.0,325.0,410.0,331.25,117.92476415070757
2025-12-07,750.0,Beans,Matale,500.0,250.0,250.0,305.0,437.5,239.35677693908454
2021-01-10,95.0,Cabbage,Kandy,,,,,,
2021-01-17,210.0,Cabbage,Kandy,95.0,,,,,
2021-01-24,325.0,Cabbage,Kandy,210.0,95.0,,,,
2021-01-31,440.0,Cabbage,Kandy,325.0,210.0,95.0,,267.5,148.46436160461766
2021-02-07,342.5,Cabbage,Kandy,440.0,325.0,210.0,,329.375,94.30391914796895
2021-02-14,245.0,Cabbage,Kandy,342.5,440.0,325.0,,338.125,80.08784239820673
2021-02-21,70.0,Cabbage,Kandy,245.0,342.5,440.0,,274.375,157.80228927363507
2021-02-28,55.0,Cabbage,Kandy,70.0,245.0,342.5,,178.125,139.45392010744385
2021-03-07,60.0,Cabbage,Kandy,55.0,70.0,245.0,,107.5,91.87854301558482
2021-03-14,65.0,Cabbage,Kandy,60.0,55.0,70.0,,62.5,6.454972243679153
2021-03-21,70.0,Cabbage,Kandy,65.0,60.0,55.0,,62.5,6.454972243679153
2021-03-28,65.0,Cabbage,Kandy,70.0,65.0,60.0,,65.0,4.0824829046388285
2021-04-04,85.0,Cabbage,Kandy,65.0,70.0,65.0,,71.25,9.46484724300054
2021-04-11,90.0,Cabbage,Kandy,85.0,65.0,70.0,95.0,77.5,11.902380714238152
2021-04-18,77.5,Cabbage,Kandy,90.0,85.0,65.0,210.0,79.375,10.873323625583316
2021-04-25,65.0,Cabbage,Kandy,77.5,90.0,85.0,325.0,79.375,10.873323625583316
2021-05-02,65.0,Cabbage,Kandy,65.0,77.5,90.0,440.0,74.375,11.967838846954296
2021-05-09,95.0,Cabbage,Kandy,65.0,65.0,77.5,342.5,75.625,14.19727086450074
2021-05-16,55.0,Cabbage,Kandy,95.0,65.0,65.0,245.0,70.0,17.32050807568882
2021-05-23,75.0,Cabbage,Kandy,55.0,95.0,65.0,70.0,72.5,17.078251276599378
2021-05-30,70.0,Cabbage,Kandy,75.0,55.0,95.0,55.0,73.75,16.520189667999222
2021-06-06,65.0,Cabbage,Kandy,70.0,75.0,55.0,60.0,66.25,8.539125638299762
2021-06-13,67.0,Cabbage,Kandy,65.0,70.0,75.0,65.0,69.25,4.349329450233487
2021-06-20,69.0,Cabbage,Kandy,67.0,65.0,70.0,70.0,67.75,2.217355782608718
2021-06-27,71.0,Cabbage,Kandy,69.0,67.0,65.0,65.0,68.0,2.5819888974719314
2021-07-04,73.0,Cabbage,Kandy,71.0,69.0,67.0,85.0,70.0,2.5819888974719314
2021-07-11,75.0,Cabbage,Kandy,73.0,71.0,69.0,90.0,72.0,2.5819888974719314
2021-07-18,85.0,Cabbage,Kandy,75.0,73.0,71.0,77.5,76.0,6.218252702059343
2021-07-25,90.0,Cabbage,Kandy,85.0,75.0,73.0,65.0,80.75,8.098353742170996
2021-08-01,110.0,Cabbage,Kandy,90.0,85.0,75.0,65.0,90.0,14.719601443879803
2021-08-08,92.5,Cabbage,Kandy,110.0,90.0,85.0,95.0,94.375,10.87332362558332
2021-08-15,101.25,Cabbage,Kandy,92.5,110.0,90.0,55.0,98.4375,9.092980351164758
2021-08-22,110.0,Cabbage,Kandy,101.25,92.5,110.0,75.0,103.4375,8.37748719286806
2021-08-29,103.33333333333333,Cabbage,Kandy,110.0,101.25,92.5,70.0,101.77083333333333,7.219884771318225
2021-09-05,96.66666666666667,Cabbage,Kandy,103.33333333333333,110.0,101.25,65.0,102.8125,5.542084361869258
2021-09-12,90.0,Cabbage,Kandy,96.66666666666667,103.33333333333333,110.0,67.0,100.0,8.606629658238802
2021-09-19,80.0,Cabbage,Kandy,90.0,96.66666666666667,103.33333333333333,69.0,92.5,9.953596037316151
2021-09-26,80.0,Cabbage,Kandy,80.0,90.0,96.66666666666667,71.0,86.66666666666667,8.164965809277366
2021-10-03,80.0,Cabbage,Kandy,80.0,80.0,90.0,73.0,82.5,5.000000000000154
2021-10-10,70.0,Cabbage,Kandy,80.0,80.0,80.0,75.0,77.5,5.0
2021-10-17,60.0,Cabbage,Kandy,70.0,80.0,80.0,85.0,72.5,9.574271077563383
2021-10-24,80.0,Cabbage,Kandy,60.0,70.0,80.0,90.0,72.5,9.574271077563383
2021-10-31,90.0,Cabbage,Kandy,80.0,60.0,70.0,110.0,75.0,12.909944487358057
2021-11-07,90.0,Cabbage,Kandy,90.0,80.0,60.0,92.5,80.0,14.142135623730951
2021-11-14,90.0,Cabbage,Kandy,90.0,90.0,80.0,101.25,87.5,4.999999999999995
2021-11-21,120.0,Cabbage,Kandy,90.0,90.0,90.0,110.0,97.5,15.0
2021-11-28,195.0,Cabbage,Kandy,120.0,90.0,90.0,103.33333333333333,123.75,49.56056900399752
2021-12-05,145.0,Cabbage,Kandy,195.0,120.0,90.0,96.66666666666667,137.5,44.44097208657794
2021-12-12,95.0,Cabbage,Kandy,145.0,195.0,120.0,90.0,138.75,42.69562819149833
2021-12-19,285.0,Cabbage,Kandy,95.0,145.0,195.0,80.0,180.0,81.03497187428812
2021-12-26,285.0,Cabbage,Kandy,285.0,95.0,145.0,80.0,202.5,97.42518497116988
2022-01-02,285.0,Cabbage,Kandy,285.0,285.0,95.0,80.0,237.5,95.0
2022-01-09,305.0,Cabbage,Kandy,285.0,285.0,285.0,70.0,290.0,10.0
2022-01-16,177.5,Cabbage,Kandy,305.0,285.0,285.0,60.0,263.125,57.85668356666612
2022-01-23,190.0,Cabbage,Kandy,177.5,305.0,285.0,80.0,239.375,64.94789578320969
2022-01-30,160.0,Cabbage,Kandy,190.0,177.5,305.0,90.0,208.125,65.74493009604112
2022-02-06,190.0,Cabbage,Kandy,160.0,190.0,177.5,90.0,179.375,14.197270864500696
2022-02-13,165.0,Cabbage,Kandy,190.0,160.0,190.0,90.0,176.25,16.007810593582136
2022-02-20,140.0,Cabbage,Kandy,165.0,190.0,160.0,120.0,163.75,20.564937798755118
2022-02-27,100.0,Cabbage,Kandy,140.0,165.0,190.0,195.0,148.75,38.378596465564854
2022-03-06,130.0,Cabbage,Kandy,100.0,140.0,165.0,145.0,133.75,26.887109674836136
2022-03-13,175.0,Cabbage,Kandy,130.0,100.0,140.0,95.0,136.25,30.92329219213246
2022-03-20,63.0,Cabbage,Kandy,175.0,130.0,100.0,285.0,117.0,47.39198244429115
2022-03-27,63.0,Cabbage,Kandy,63.0,175.0,130.0,285.0,107.75,54.841438104168404
2022-04-03,60.0,Cabbage,Kandy,63.0,63.0,175.0,285.0,90.25,56.51769634371168
2022-04-10,175.0,Cabbage,Kandy,60.0,63.0,63.0,305.0,90.25,56.51769634371168
2022-04-17,117.5,Cabbage,Kandy,175.0,60.0,63.0,177.5,103.875,54.283783643613745
2022-04-24,60.0,Cabbage,Kandy,117.5,175.0,60.0,190.0,103.125,55.05205869598945
2022-05-01,117.5,Cabbage,Kandy,60.0,117.5,175.0,160.0,117.5,46.948553403344256
2022-05-08,60.0,Cabbage,Kandy,117.5,60.0,117.5,190.0,88.75,33.197640478403486
2022-05-15,82.5,Cabbage,Kandy,60.0,117.5,60.0,165.0,80.0,27.156951228000548
2022-05-22,105.0,Cabbage,Kandy,82.5,60.0,117.5,140.0,91.25,25.372228912730556
2022-05-29,120.0,Cabbage,Kandy,105.0,82.5,60.0,100.0,91.875,26.250000000000007
2022-06-05,182.5,Cabbage,Kandy,120.0,105.0,82.5,130.0,122.5,42.86607049870562
2022-06-12,245.0,Cabbage,Kandy,182.5,120.0,105.0,175.0,163.125,64.07596403228489
2022-06-19,270.0,Cabbage,Kandy,245.0,182.5,120.0,63.0,204.375,67.21777418709033
2022-06-26,230.0,Cabbage,Kandy,270.0,245.0,182.5,63.0,231.875,36.82022768352562
2022-07-03,235.0,Cabbage,Kandy,230.0,270.0,245.0,60.0,245.0,17.795130420052182
2022-07-10,150.0,Cabbage,Kandy,235.0,230.0,270.0,175.0,221.25,50.723925978444
2022-07-17,225.0,Cabbage,Kandy,150.0,235.0,230.0,117.5,210.0,40.2077936060494
2022-07-24,225.0,Cabbage,Kandy,225.0,150.0,235.0,60.0,208.75,39.44933459514875
2022-07-31,190.0,Cabbage,Kandy,225.0,225.0,150.0,117.5,197.5,35.70714214271425
2022-08-07,187.5,Cabbage,Kandy,190.0,225.0,225.0,60.0,206.875,20.95381826780026
2022-08-14,185.0,Cabbage,Kandy,187.5,190.0,225.0,82.5,196.875,18.86078382959379
2022-08-21,305.0,Cabbage,Kandy,185.0,187.5,190.0,105.0,216.875,58.78545029738793
2022-08-28,355.0,Cabbage,Kandy,305.0,185.0,187.5,120.0,258.125,85.47355828948896
2022-09-04,295.0,Cabbage,Kandy,355.0,305.0,185.0,182.5,285.0,71.64728420068225
2022-09-11,235.0,Cabbage,Kandy,295.0,355.0,305.0,245.0,297.5,49.244289008980516
2022-09-18,260.0,Cabbage,Kandy,235.0,295.0,355.0,270.0,286.25,52.021630116712025
2022-09-25,335.0,Cabbage,Kandy,260.0,235.0,295.0,230.0,281.25,43.46933785248325
2022-10-02,230.0,Cabbage,Kandy,335.0,260.0,235.0,235.0,265.0,48.47679857416328
2022-10-09,75.0,Cabbage,Kandy,230.0,335.0,260.0,150.0,225.0,109.31605554537722
2022-10-16,197.5,Cabbage,Kandy,75.0,230.0,335.0,225.0,209.375,107.0898182212794
2022-10-23,160.0,Cabbage,Kandy,197.5,75.0,230.0,225.0,165.625,66.84481405963119
2022-10-30,145.0,Cabbage,Kandy,160.0,197.5,75.0,190.0,144.375,51.24999999999999
2022-11-06,167.5,Cabbage,Kandy,145.0,160.0,197.5,187.5,167.5,22.079402165819612
2022-11-13,190.0,Cabbage,Kandy,167.5,145.0,160.0,185.0,165.625,18.749999999999993
2022-11-20,125.0,Cabbage,Kandy,190.0,167.5,145.0,305.0,156.875,28.090256317805284
2022-11-27,290.0,Cabbage,Kandy,125.0,190.0,167.5,355.0,193.125,69.98139633740765
2022-12-04,235.0,Cabbage,Kandy,290.0,125.0,190.0,295.0,210.0,69.88085097745542
2022-12-11,180.0,Cabbage,Kandy,235.0,290.0,125.0,235.0,207.5,71.0046946804693
2022-12-18,125.0,Cabbage,Kandy,180.0,235.0,290.0,260.0,207.5,71.0046946804693
2022-12-25,125.0,Cabbage,Kandy,125.0,180.0,235.0,335.0,166.25,52.65849092659859
2023-01-01,125.0,Cabbage,Kandy,125.0,125.0,180.0,230.0,138.75,27.499999999999982
2023-01-08,110.0,Cabbage,Kandy,125.0,125.0,125.0,75.0,121.25,7.5
2023-01-15,95.0,Cabbage,Kandy,110.0,125.0,125.0,197.5,113.75,14.361406616345072
2023-01-22,75.0,Cabbage,Kandy,95.0,110.0,125.0,160.0,101.25,21.360009363293827
2023-01-29,60.0,Cabbage,Kandy,75.0,95.0,110.0,145.0,85.0,21.984843263788196
2023-02-05,60.0,Cabbage,Kandy,60.0,75.0,95.0,167.5,72.5,16.583123951776997
2023-02-12,60.0,Cabbage,Kandy,60.0,60.0,75.0,190.0,63.75,7.499999999999997
2023-02-19,60.0,Cabbage,Kandy,60.0,60.0,60.0,125.0,60.0,0.0
2023-02-26,60.0,Cabbage,Kandy,60.0,60.0,60.0,290.0,60.0,0.0
2023-03-05,52.5,Cabbage,Kandy,60.0,60.0,60.0,235.0,58.125,3.75
2023-03-12,50.0,Cabbage,Kandy,52.5,60.0,60.0,180.0,55.625,5.153882032022076
2023-03-19,50.0,Cabbage,Kandy,50.0,52.5,60.0,125.0,53.125,4.732423621500227
2023-03-26,55.0,Cabbage,Kandy,50.0,50.0,52.5,125.0,51.875,2.393567769390845
2023-04-02,55.0,Cabbage,Kandy,55.0,50.0,50.0,125.0,52.5,2.886751345948129
2023-04-09,75.0,Cabbage,Kandy,55.0,55.0,50.0,110.0,58.75,11.086778913041726
2023-04-16,105.0,Cabbage,Kandy,75.0,55.0,55.0,95.0,72.5,23.629078131263043
2023-04-23,135.0,Cabbage,Kandy,105.0,75.0,55.0,75.0,92.5,35.0
2023-04-30,100.0,Cabbage,Kandy,135.0,105.0,75.0,60.0,103.75,24.622144504490265
2023-05-07,120.0,Cabbage,Kandy,100.0,135.0,105.0,60.0,115.0,15.811388300841903
2023-05-14,140.0,Cabbage,Kandy,120.0,100.0,135.0,60.0,123.75,17.969882210706526
2023-05-21,170.0,Cabbage,Kandy,140.0,120.0,100.0,60.0,132.5,29.8607881119482
2023-05-28,250.0,Cabbage,Kandy,170.0,140.0,120.0,60.0,170.0,57.154760664940824
2023-06-04,310.0,Cabbage,Kandy,250.0,170.0,140.0,52.5,217.5,77.19024117939607
2023-06-11,280.0,Cabbage,Kandy,310.0,250.0,170.0,50.0,252.5,60.207972893961475
2023-06-18,250.0,Cabbage,Kandy,280.0,310.0,250.0,50.0,272.5,28.722813232690143
2023-06-25,155.0,Cabbage,Kandy,250.0,280.0,310.0,55.0,248.75,67.12860791048776
2023-07-02,180.0,Cabbage,Kandy,155.0,250.0,280.0,55.0,216.25,58.50569772822701
2023-07-09,180.0,Cabbage,Kandy,180.0,155.0,250.0,75.0,191.25,40.90130397269343
2023-07-16,155.0,Cabbage,Kandy,180.0,180.0,155.0,105.0,167.5,14.433756729740658
2023-07-23,140.0,Cabbage,Kandy,155.0,180.0,180.0,135.0,163.75,19.737865470545028
2023-07-30,160.0,Cabbage,Kandy,140.0,155.0,180.0,100.0,158.75,16.520189667999187
2023-08-06,155.0,Cabbage,Kandy,160.0,140.0,155.0,120.0,152.5,8.660254037844409
2023-08-13,145.0,Cabbage,Kandy,155.0,160.0,140.0,140.0,150.0,9.128709291752788
2023-08-20,140.0,Cabbage,Kandy,145.0,155.0,160.0,170.0,150.0,9.128709291752788
2023-08-27,135.0,Cabbage,Kandy,140.0,145.0,155.0,250.0,143.75,8.539125638299682
2023-09-03,130.0,Cabbage,Kandy,135.0,140.0,145.0,310.0,137.5,6.454972243679051
2023-09-10,95.0,Cabbage,Kandy,130.0,135.0,140.0,280.0,125.0,20.41241452319316
2023-09-17,90.0,Cabbage,Kandy,95.0,130.0,135.0,250.0,112.5,23.273733406281575
2023-09-24,65.0,Cabbage,Kandy,90.0,95.0,130.0,155.0,95.0,26.77063067368169
2023-10-01,70.0,Cabbage,Kandy,65.0,90.0,95.0,180.0,80.0,14.719601443879752
2023-10-08,70.0,Cabbage,Kandy,70.0,65.0,90.0,180.0,73.75,11.086778913041735
2023-10-15,60.0,Cabbage,Kandy,70.0,70.0,65.0,155.0,66.25,4.78713553878171
2023-10-22,60.0,Cabbage,Kandy,60.0,70.0,70.0,140.0,65.0,5.773502691896274
2023-10-29,80.0,Cabbage,Kandy,60.0,60.0,70.0,160.0,67.5,9.574271077563392
2023-11-05,120.0,Cabbage,Kandy,80.0,60.0,60.0,155.0,80.0,28.284271247461902
2023-11-12,165.0,Cabbage,Kandy,120.0,80.0,60.0,145.0,106.25,46.43543905251678
2023-11-19,175.0,Cabbage,Kandy,165.0,120.0,80.0,140.0,135.0,43.77975178854566
2023-11-26,220.0,Cabbage,Kandy,175.0,165.0,120.0,135.0,170.0,41.02844541697056
2023-12-03,320.0,Cabbage,Kandy,220.0,175.0,165.0,130.0,220.0,70.82843120291926
2023-12-10,315.0,Cabbage,Kandy,320.0,220.0,175.0,95.0,257.5,71.70541588099651
2023-12-17,325.0,Cabbage,Kandy,315.0,320.0,220.0,90.0,295.0,50.16638981097471
2023-12-24,310.0,Cabbage,Kandy,325.0,315.0,320.0,65.0,317.5,6.454972243679028
2023-12-31,340.0,Cabbage,Kandy,310.0,325.0,315.0,70.0,322.5,13.22875655532295
2024-01-07,425.0,Cabbage,Kandy,340.0,310.0,325.0,70.0,350.0,51.478150704935004
2024-01-14,380.0,Cabbage,Kandy,425.0,340.0,310.0,60.0,363.75,49.895724599742344
2024-01-21,560.0,Cabbage,Kandy,380.0,425.0,340.0,60.0,426.25,95.6882960450232
2024-01-28,430.0,Cabbage,Kandy,560.0,380.0,425.0,80.0,448.75,77.5
2024-02-04,525.0,Cabbage,Kandy,430.0,560.0,380.0,120.0,473.75,83.20406640703726
2024-02-11,425.0,Cabbage,Kandy,525.0,430.0,560.0,165.0,485.0,67.94605703546503
2024-02-18,375.0,Cabbage,Kandy,425.0,525.0,430.0,175.0,438.75,62.63319141371184
2024-02-25,375.0,Cabbage,Kandy,375.0,425.0,525.0,220.0,425.0,70.71067811865476
2024-03-03,335.0,Cabbage,Kandy,375.0,375.0,425.0,320.0,377.5,36.85557397915998
2024-03-10,320.0,Cabbage,Kandy,335.0,375.0,375.0,315.0,351.25,28.099525500145628
2024-03-17,300.0,Cabbage,Kandy,320.0,335.0,375.0,325.0,332.5,31.754264805429425
2024-03-24,315.0,Cabbage,Kandy,300.0,320.0,335.0,310.0,317.5,14.433756729740658
2024-03-31,225.0,Cabbage,Kandy,315.0,300.0,320.0,340.0,290.0,44.158804331639246
2024-04-07,175.0,Cabbage,Kandy,225.0,315.0,300.0,425.0,253.75,65.62202374203345
2024-04-14,151.66666666666666,Cabbage,Kandy,175.0,225.0,315.0,380.0,216.66666666666666,72.34178138070237
2024-04-21,128.33333333333334,Cabbage,Kandy,151.66666666666666,175.0,225.0,560.0,170.0,41.32078662619351
2024-04-28,105.0,Cabbage,Kandy,128.33333333333334,151.66666666666666,175.0,430.0,140.0,30.123203803835587
2024-05-05,80.0,Cabbage,Kandy,105.0,128.33333333333334,151.66666666666666,525.0,116.25,30.773214663742063
2024-05-12,175.0,Cabbage,Kandy,80.0,105.0,128.33333333333334,425.0,122.08333333333334,40.42310945211645
2024-05-19,90.0,Cabbage,Kandy,175.0,80.0,105.0,375.0,112.5,42.91464396527922
2024-05-26,70.0,Cabbage,Kandy,90.0,175.0,80.0,375.0,103.75,48.19664580307095
2024-06-02,90.0,Cabbage,Kandy,70.0,90.0,175.0,335.0,106.25,46.792983804554964
2024-06-09,110.0,Cabbage,Kandy,90.0,70.0,90.0,320.0,90.0,16.329931618554852
2024-06-16,175.0,Cabbage,Kandy,110.0,90.0,70.0,300.0,111.25,45.529294598825885
2024-06-23,175.0,Cabbage,Kandy,175.0,110.0,90.0,315.0,137.5,44.0643468880077
2024-06-30,175.0,Cabbage,Kandy,175.0,175.0,110.0,225.0,158.75,32.50000000000008
2024-07-07,145.0,Cabbage,Kandy,175.0,175.0,175.0,175.0,167.5,15.0
2024-07-14,180.0,Cabbage,Kandy,145.0,175.0,175.0,151.66666666666666,168.75,16.00781059358212
2024-07-21,225.0,Cabbage,Kandy,180.0,145.0,175.0,128.33333333333334,181.25,33.00883720056393
2024-07-28,225.0,Cabbage,Kandy,225.0,180.0,145.0,105.0,193.75,38.81043674065006
2024-08-04,225.0,Cabbage,Kandy,225.0,225.0,180.0,80.0,213.75,22.5
2024-08-11,210.0,Cabbage,Kandy,225.0,225.0,225.0,175.0,221.25,7.5
2024-08-18,175.0,Cabbage,Kandy,210.0,225.0,225.0,90.0,208.75,23.58495283014151
2024-08-25,145.0,Cabbage,Kandy,175.0,210.0,225.0,70.0,188.75,35.91076904402541
2024-09-01,125.0,Cabbage,Kandy,145.0,175.0,210.0,90.0,163.75,37.05289012569285
2024-09-08,170.0,Cabbage,Kandy,125.0,145.0,175.0,110.0,153.75,23.228933107943924
2024-09-15,130.0,Cabbage,Kandy,170.0,125.0,145.0,175.0,142.5,20.207259421636902
2024-09-22,170.0,Cabbage,Kandy,130.0,170.0,125.0,175.0,148.75,24.622144504490265
2024-09-29,190.0,Cabbage,Kandy,170.0,130.0,170.0,175.0,165.0,25.166114784235834
2024-10-06,130.0,Cabbage,Kandy,190.0,170.0,130.0,145.0,155.0,30.000000000000007
2024-10-13,105.0,Cabbage,Kandy,130.0,190.0,170.0,180.0,148.75,38.378596465564854
2024-10-20,80.0,Cabbage,Kandy,105.0,130.0,190.0,225.0,126.25,47.14781719938546
2024-10-27,105.0,Cabbage,Kandy,80.0,105.0,130.0,225.0,105.0,20.412414523193164
2024-11-03,80.0,Cabbage,Kandy,105.0,80.0,105.0,225.0,92.5,14.433756729740667
2024-11-10,80.0,Cabbage,Kandy,80.0,105.0,80.0,210.0,86.25,12.500000000000025
2024-11-17,75.0,Cabbage,Kandy,80.0,80.0,105.0,175.0,85.0,13.540064007726622
2024-11-24,75.0,Cabbage,Kandy,75.0,80.0,80.0,145.0,77.5,2.886751345948224
2024-12-01,70.0,Cabbage,Kandy,75.0,75.0,80.0,125.0,75.0,4.082482904638699
2024-12-08,70.0,Cabbage,Kandy,70.0,75.0,75.0,170.0,72.5,2.886751345948224
2024-12-15,125.0,Cabbage,Kandy,70.0,70.0,75.0,130.0,85.0,26.77063067368169
2024-12-22,190.0,Cabbage,Kandy,125.0,70.0,70.0,170.0,113.75,57.06356105256664
2024-12-29,130.0,Cabbage,Kandy,190.0,125.0,70.0,190.0,128.75,49.05354217587146
2025-01-05,120.0,Cabbage,Kandy,130.0,190.0,125.0,130.0,141.25,32.75540667838924
2025-01-12,110.0,Cabbage,Kandy,120.0,130.0,190.0,105.0,137.5,35.939764421413045
2025-01-19,140.0,Cabbage,Kandy,110.0,120.0,130.0,80.0,125.0,12.909944487358063
2025-01-26,155.0,Cabbage,Kandy,140.0,110.0,120.0,105.0,131.25,20.15564437074638
2025-02-02,155.0,Cabbage,Kandy,155.0,140.0,110.0,80.0,140.0,21.21320343559643
2025-02-09,265.0,Cabbage,Kandy,155.0,155.0,140.0,80.0,178.75,57.93315113128234
2025-02-16,235.0,Cabbage,Kandy,265.0,155.0,155.0,75.0,202.5,56.19905100029122
2025-02-23,290.0,Cabbage,Kandy,235.0,265.0,155.0,75.0,236.25,58.64796103304303
2025-03-02,275.0,Cabbage,Kandy,290.0,235.0,265.0,70.0,266.25,23.228933107943934
2025-03-09,235.0,Cabbage,Kandy,275.0,290.0,235.0,70.0,258.75,28.09952550014562
2025-03-16,225.0,Cabbage,Kandy,235.0,275.0,290.0,125.0,256.25,31.191612120354847
2025-03-23,235.0,Cabbage,Kandy,225.0,235.0,275.0,190.0,242.5,22.173557826083464
2025-03-30,235.0,Cabbage,Kandy,235.0,225.0,235.0,130.0,232.5,5.000000000000049
2025-04-06,230.0,Cabbage,Kandy,235.0,235.0,225.0,120.0,231.25,4.78713553878174
2025-04-13,145.0,Cabbage,Kandy,230.0,235.0,235.0,110.0,211.25,44.229515032385336
2025-04-20,190.0,Cabbage,Kandy,145.0,230.0,235.0,140.0,200.0,41.83300132670379
2025-04-27,235.0,Cabbage,Kandy,190.0,145.0,230.0,155.0,200.0,41.83300132670379
2025-05-04,260.0,Cabbage,Kandy,235.0,190.0,145.0,155.0,207.5,50.744457825461105
2025-05-11,285.0,Cabbage,Kandy,260.0,235.0,190.0,265.0,242.5,40.517485937144066
2025-05-18,325.0,Cabbage,Kandy,285.0,260.0,235.0,235.0,276.25,38.378596465564854
2025-05-25,310.0,Cabbage,Kandy,325.0,285.0,260.0,290.0,295.0,28.577380332470415
2025-06-01,275.0,Cabbage,Kandy,310.0,325.0,285.0,275.0,298.75,22.867371223353747
2025-06-08,290.0,Cabbage,Kandy,275.0,310.0,325.0,235.0,300.0,21.984843263788207
2025-06-15,365.0,Cabbage,Kandy,290.0,275.0,310.0,225.0,310.0,39.370039370059054
2025-06-22,275.0,Cabbage,Kandy,365.0,290.0,275.0,235.0,301.25,43.084219849035215
2025-06-29,215.0,Cabbage,Kandy,275.0,365.0,290.0,235.0,286.25,61.69481339626533
2025-07-06,185.0,Cabbage,Kandy,215.0,275.0,365.0,230.0,260.0,79.37253933193772
2025-07-13,235.0,Cabbage,Kandy,185.0,215.0,275.0,145.0,227.5,37.749172176353746
2025-07-20,215.0,Cabbage,Kandy,235.0,185.0,215.0,190.0,212.5,20.615528128088297
2025-07-27,150.0,Cabbage,Kandy,215.0,235.0,185.0,235.0,196.25,37.05289012569285
2025-08-03,120.0,Cabbage,Kandy,150.0,215.0,235.0,260.0,180.0,54.00617248673217
2025-08-10,165.0,Cabbage,Kandy,120.0,150.0,215.0,285.0,162.5,39.68626966596886
2025-08-17,185.0,Cabbage,Kandy,165.0,120.0,150.0,325.0,155.0,27.3861278752583
2025-08-24,115.0,Cabbage,Kandy,185.0,165.0,120.0,310.0,146.25,34.24787098005752
2025-08-31,135.0,Cabbage,Kandy,115.0,185.0,165.0,275.0,150.0,31.09126351029604
2025-09-07,115.0,Cabbage,Kandy,135.0,115.0,185.0,290.0,137.5,33.040379335998345
2025-09-14,140.0,Cabbage,Kandy,115.0,135.0,115.0,365.0,126.25,13.149778198382903
2025-09-21,95.0,Cabbage,Kandy,140.0,115.0,135.0,275.0,121.25,20.5649377987551
2025-09-28,85.0,Cabbage,Kandy,95.0,140.0,115.0,215.0,108.75,24.28133714055577
2025-10-05,70.0,Cabbage,Kandy,85.0,95.0,140.0,185.0,97.5,30.138568866708535
2025-10-12,60.0,Cabbage,Kandy,70.0,85.0,95.0,235.0,77.5,15.545631755148014
2025-10-19,60.0,Cabbage,Kandy,60.0,70.0,85.0,215.0,68.75,11.814539065631507
2025-10-26,60.0,Cabbage,Kandy,60.0,60.0,70.0,150.0,62.5,4.999999999999967
2025-11-02,70.0,Cabbage,Kandy,60.0,60.0,60.0,120.0,62.5,5.0
2025-11-09,70.0,Cabbage,Kandy,70.0,60.0,60.0,165.0,65.0,5.773502691896256
2025-11-16,70.0,Cabbage,Kandy,70.0,70.0,60.0,185.0,67.5,4.999999999999998
2025-11-23,80.0,Cabbage,Kandy,70.0,70.0,70.0,115.0,72.5,5.0
2025-11-30,95.0,Cabbage,Kandy,80.0,70.0,70.0,135.0,78.75,11.814539065631523
2025-12-07,110.0,Cabbage,Kandy,95.0,80.0,70.0,115.0,88.75,17.5
2021-01-10,95.0,Cabbage,Matale,,,,,,
2021-01-17,124.0,Cabbage,Matale,95.0,,,,,
2021-01-24,153.0,Cabbage,Matale,124.0,95.0,,,,
2021-01-31,182.0,Cabbage,Matale,153.0,124.0,95.0,,138.5,37.43883901333837
2021-02-07,211.0,Cabbage,Matale,182.0,153.0,124.0,,167.5,37.43883901333837
2021-02-14,240.0,Cabbage,Matale,211.0,182.0,153.0,,196.5,37.43883901333837
2021-02-21,55.0,Cabbage,Matale,240.0,211.0,182.0,,172.0,81.5148248275531
2021-02-28,65.0,Cabbage,Matale,55.0,240.0,211.0,,142.75,96.36864981240873
2021-03-07,68.33333333333333,Cabbage,Matale,65.0,55.0,240.0,,107.08333333333333,88.79204794224411
2021-03-14,71.66666666666667,Cabbage,Matale,68.33333333333333,65.0,55.0,,65.0,7.200822998230863
2021-03-21,75.0,Cabbage,Matale,71.66666666666667,68.33333333333333,65.0,,70.0,4.303314829119219
2021-03-28,75.0,Cabbage,Matale,75.0,71.66666666666667,68.33333333333333,,72.5,3.191423692520964
2021-04-04,82.5,Cabbage,Matale,75.0,75.0,71.66666666666667,,76.04166666666667,4.583333333333231
2021-04-11,85.0,Cabbage,Matale,82.5,75.0,75.0,95.0,79.375,5.153882032021996
2021-04-18,80.0,Cabbage,Matale,85.0,82.5,75.0,124.0,80.625,4.2695628191497415
2021-04-25,75.0,Cabbage,Matale,80.0,85.0,82.5,153.0,80.625,4.2695628191497415
2021-05-02,65.0,Cabbage,Matale,75.0,80.0,85.0,182.0,76.25,8.53912563829961
2021-05-09,110.0,Cabbage,Matale,65.0,75.0,80.0,211.0,82.5,19.364916731037066
2021-05-16,110.0,Cabbage,Matale,110.0,65.0,75.0,240.0,90.0,23.45207879911714
2021-05-23,110.0,Cabbage,Matale,110.0,110.0,65.0,55.0,98.75,22.499999999999996
2021-05-30,125.0,Cabbage,Matale,110.0,110.0,110.0,65.0,113.75,7.5
2021-06-06,140.0,Cabbage,Matale,125.0,110.0,110.0,68.33333333333333,121.25,14.361406616345072
2021-06-13,127.0,Cabbage,Matale,140.0,125.0,110.0,71.66666666666667,125.5,12.288205727444508
2021-06-20,114.0,Cabbage,Matale,127.0,140.0,125.0,75.0,126.5,10.661457061146317
2021-06-27,101.0,Cabbage,Matale,114.0,127.0,140.0,75.0,120.5,16.782927833565473
2021-07-04,88.0,Cabbage,Matale,101.0,114.0,127.0,82.5,107.5,16.782927833565473
2021-07-11,75.0,Cabbage,Matale,88.0,101.0,114.0,85.0,94.5,16.782927833565473
2021-07-18,85.0,Cabbage,Matale,75.0,88.0,101.0,80.0,87.25,10.719919153924002
2021-07-25,90.0,Cabbage,Matale,85.0,75.0,88.0,75.0,84.5,6.658328118479394
2021-08-01,95.0,Cabbage,Matale,90.0,85.0,75.0,65.0,86.25,8.539125638299668
2021-08-08,82.5,Cabbage,Matale,95.0,90.0,85.0,110.0,88.125,5.543389456520866
2021-08-15,96.25,Cabbage,Matale,82.5,95.0,90.0,110.0,90.9375,6.239574638279976
2021-08-22,110.0,Cabbage,Matale,96.25,82.5,95.0,110.0,95.9375,11.244211473761363
2021-08-29,103.33333333333333,Cabbage,Matale,110.0,96.25,82.5,125.0,98.02083333333333,11.772215995488889
2021-09-05,96.66666666666667,Cabbage,Matale,103.33333333333333,110.0,96.25,140.0,101.5625,6.49407671708669
2021-09-12,90.0,Cabbage,Matale,96.66666666666667,103.33333333333333,110.0,127.0,100.0,8.606629658238704
2021-09-19,80.0,Cabbage,Matale,90.0,96.66666666666667,103.33333333333333,114.0,92.5,9.953596037316068
2021-09-26,95.0,Cabbage,Matale,80.0,90.0,96.66666666666667,101.0,90.41666666666667,7.500000000000007
2021-10-03,80.0,Cabbage,Matale,95.0,80.0,90.0,88.0,86.25,7.499999999999996
2021-10-10,80.0,Cabbage,Matale,80.0,95.0,80.0,75.0,83.75,7.49999999999999
2021-10-17,80.0,Cabbage,Matale,80.0,80.0,95.0,85.0,83.75,7.49999999999999
2021-10-24,75.0,Cabbage,Matale,80.0,80.0,80.0,90.0,78.75,2.5
2021-10-31,75.0,Cabbage,Matale,75.0,80.0,80.0,95.0,77.5,2.8867513459481278
2021-11-07,55.0,Cabbage,Matale,75.0,75.0,80.0,82.5,71.25,11.086778913041726
2021-11-14,110.0,Cabbage,Matale,55.0,75.0,75.0,96.25,78.75,22.86737122335374
2021-11-21,135.0,Cabbage,Matale,110.0,55.0,75.0,110.0,93.75,35.67795771434608
2021-11-28,205.0,Cabbage,Matale,135.0,110.0,55.0,103.33333333333333,126.25,62.23276200416198
2021-12-05,157.5,Cabbage,Matale,205.0,135.0,110.0,96.66666666666667,151.875,40.38228778396126
2021-12-12,110.0,Cabbage,Matale,157.5,205.0,135.0,90.0,151.875,40.38228778396126
2021-12-19,280.0,Cabbage,Matale,110.0,157.5,205.0,80.0,188.125,72.49640795699237
2021-12-26,235.0,Cabbage,Matale,280.0,110.0,157.5,95.0,195.625,76.27731751095254
2022-01-02,210.0,Cabbage,Matale,235.0,280.0,110.0,80.0,208.75,71.92299122441077
2022-01-09,295.0,Cabbage,Matale,210.0,235.0,280.0,80.0,255.0,39.37003937005906
2022-01-16,177.5,Cabbage,Matale,295.0,210.0,235.0,80.0,229.375,49.68127581560952
2022-01-23,165.0,Cabbage,Matale,177.5,295.0,210.0,75.0,211.875,58.572426675584026
2022-01-30,130.0,Cabbage,Matale,165.0,177.5,295.0,75.0,191.875,71.62910837548284
2022-02-06,200.0,Cabbage,Matale,130.0,165.0,177.5,55.0,168.125,29.252848864113513
2022-02-13,160.0,Cabbage,Matale,200.0,130.0,165.0,110.0,163.75,28.68652413009752
2022-02-20,120.0,Cabbage,Matale,160.0,200.0,130.0,135.0,152.5,35.939764421413045
2022-02-27,70.0,Cabbage,Matale,120.0,160.0,200.0,205.0,137.5,55.60275772537427
2022-03-06,141.5,Cabbage,Matale,70.0,120.0,160.0,157.5,122.875,38.85523345273668
2022-03-13,190.0,Cabbage,Matale,141.5,70.0,120.0,110.0,130.375,49.77177078090217
2022-03-20,75.0,Cabbage,Matale,190.0,141.5,70.0,280.0,119.125,57.39973141632866
2022-03-27,62.0,Cabbage,Matale,75.0,190.0,141.5,235.0,117.125,59.772311036688784
2022-04-03,50.0,Cabbage,Matale,62.0,75.0,190.0,210.0,94.25,64.6445408883586
2022-04-10,185.0,Cabbage,Matale,50.0,62.0,75.0,295.0,93.0,62.17716622683927
2022-04-17,115.0,Cabbage,Matale,185.0,50.0,62.0,177.5,103.0,61.53048025166065
2022-04-24,45.0,Cabbage,Matale,115.0,185.0,50.0,165.0,98.75,65.74889099191459
2022-05-01,115.0,Cabbage,Matale,45.0,115.0,185.0,130.0,115.0,57.15476066494083
2022-05-08,60.0,Cabbage,Matale,115.0,45.0,115.0,200.0,83.75,36.60031875999626
2022-05-15,105.0,Cabbage,Matale,60.0,115.0,45.0,160.0,81.25,34.00367627183863
2022-05-22,150.0,Cabbage,Matale,105.0,60.0,115.0,120.0,107.5,37.080992435478336
2022-05-29,135.0,Cabbage,Matale,150.0,105.0,60.0,70.0,112.5,39.68626966596888
2022-06-05,227.5,Cabbage,Matale,135.0,150.0,105.0,141.5,154.375,52.21649643551357
2022-06-12,320.0,Cabbage,Matale,227.5,135.0,150.0,190.0,208.125,84.88656646764944
2022-06-19,225.0,Cabbage,Matale,320.0,227.5,135.0,75.0,226.875,75.53627715652041
2022-06-26,190.0,Cabbage,Matale,225.0,320.0,227.5,62.0,240.625,55.61680651266007
2022-07-03,185.0,Cabbage,Matale,190.0,225.0,320.0,50.0,230.0,62.58327785172863
2022-07-10,122.5,Cabbage,Matale,185.0,190.0,225.0,185.0,180.625,42.640698477706344
2022-07-17,225.0,Cabbage,Matale,122.5,185.0,190.0,115.0,180.625,42.640698477706344
2022-07-24,230.0,Cabbage,Matale,225.0,122.5,185.0,45.0,190.625,49.681275815609524
2022-07-31,185.0,Cabbage,Matale,230.0,225.0,122.5,115.0,190.625,49.681275815609524
2022-08-07,183.75,Cabbage,Matale,185.0,230.0,225.0,60.0,205.9375,24.98697577405746
2022-08-14,182.5,Cabbage,Matale,183.75,185.0,230.0,105.0,195.3125,23.147511565320965
2022-08-21,325.0,Cabbage,Matale,182.5,183.75,185.0,150.0,219.0625,70.63237424628078
2022-08-28,325.0,Cabbage,Matale,325.0,182.5,183.75,135.0,254.0625,81.91315904663917
2022-09-04,280.0,Cabbage,Matale,325.0,325.0,182.5,227.5,278.125,67.18677325188347
2022-09-11,235.0,Cabbage,Matale,280.0,325.0,325.0,320.0,291.25,43.08421984903524
2022-09-18,265.0,Cabbage,Matale,235.0,280.0,325.0,225.0,276.25,37.500000000000036
2022-09-25,305.0,Cabbage,Matale,265.0,235.0,280.0,190.0,271.25,29.261749776799103
2022-10-02,222.5,Cabbage,Matale,305.0,265.0,235.0,185.0,256.875,36.70689081539508
2022-10-09,73.0,Cabbage,Matale,222.5,305.0,265.0,122.5,216.375,101.34542828037847
2022-10-16,205.0,Cabbage,Matale,73.0,222.5,305.0,225.0,201.375,96.05152697033678
2022-10-23,170.0,Cabbage,Matale,205.0,73.0,222.5,230.0,167.625,66.75249683220348
2022-10-30,150.0,Cabbage,Matale,170.0,205.0,73.0,185.0,149.5,55.83606958469291
2022-11-06,205.0,Cabbage,Matale,150.0,170.0,205.0,183.75,182.5,27.233557730613686
2022-11-13,260.0,Cabbage,Matale,205.0,150.0,170.0,182.5,196.25,48.196645803070865
2022-11-20,125.0,Cabbage,Matale,260.0,205.0,150.0,325.0,185.0,60.13872850889573
2022-11-27,150.0,Cabbage,Matale,125.0,260.0,205.0,325.0,185.0,60.13872850889573
2022-12-04,133.33333333333334,Cabbage,Matale,150.0,125.0,260.0,280.0,167.08333333333334,62.810340620704245
2022-12-11,116.66666666666666,Cabbage,Matale,133.33333333333334,150.0,125.0,235.0,131.25,14.231876063832832
2022-12-18,100.0,Cabbage,Matale,116.66666666666666,133.33333333333334,150.0,265.0,125.0,21.5165741455968
2022-12-25,95.0,Cabbage,Matale,100.0,116.66666666666666,133.33333333333334,305.0,111.25,17.39385800494813
2023-01-01,85.0,Cabbage,Matale,95.0,100.0,116.66666666666666,222.5,99.16666666666666,13.22875655532301
2023-01-08,72.5,Cabbage,Matale,85.0,95.0,100.0,73.0,88.125,12.140668570277949
2023-01-15,60.0,Cabbage,Matale,72.5,85.0,95.0,205.0,78.125,15.189771777965204
2023-01-22,43.0,Cabbage,Matale,60.0,72.5,85.0,170.0,65.125,17.9368103816333
2023-01-29,43.0,Cabbage,Matale,43.0,60.0,72.5,150.0,54.625,14.360681274461466
2023-02-05,33.0,Cabbage,Matale,43.0,43.0,60.0,205.0,44.75,11.206396982676226
2023-02-12,35.0,Cabbage,Matale,33.0,43.0,43.0,260.0,38.5,5.259911279353307
2023-02-19,35.0,Cabbage,Matale,35.0,33.0,43.0,125.0,36.5,4.434711565216857
2023-02-26,50.0,Cabbage,Matale,35.0,35.0,33.0,150.0,38.25,7.889866919029844
2023-03-05,45.0,Cabbage,Matale,50.0,35.0,35.0,133.33333333333334,41.25,7.500000000000099
2023-03-12,53.0,Cabbage,Matale,45.0,50.0,35.0,116.66666666666666,45.75,7.889866919029843
2023-03-19,55.0,Cabbage,Matale,53.0,45.0,50.0,100.0,50.75,4.349329450233463
2023-03-26,55.0,Cabbage,Matale,55.0,53.0,45.0,95.0,52.0,4.760952285695386
2023-04-02,80.0,Cabbage,Matale,55.0,55.0,53.0,85.0,60.75,12.867918764638468
2023-04-09,75.0,Cabbage,Matale,80.0,55.0,55.0,72.5,66.25,13.149778198382972
2023-04-16,102.5,Cabbage,Matale,75.0,80.0,55.0,60.0,78.125,19.51228245661353
2023-04-23,130.0,Cabbage,Matale,102.5,75.0,80.0,43.0,96.875,25.11432194319943
2023-04-30,110.0,Cabbage,Matale,130.0,102.5,75.0,43.0,104.375,22.764647299412925
2023-05-07,125.0,Cabbage,Matale,110.0,130.0,102.5,33.0,116.875,12.808688457449554
2023-05-14,160.0,Cabbage,Matale,125.0,110.0,130.0,35.0,131.25,20.96624270901524
2023-05-21,190.0,Cabbage,Matale,160.0,125.0,110.0,35.0,146.25,35.91076904402543
2023-05-28,285.0,Cabbage,Matale,190.0,160.0,125.0,50.0,190.0,68.67799259345506
2023-06-04,280.0,Cabbage,Matale,285.0,190.0,160.0,45.0,228.75,63.294944505860826
2023-06-11,285.0,Cabbage,Matale,280.0,285.0,190.0,53.0,260.0,46.72615256292064
2023-06-18,155.0,Cabbage,Matale,285.0,280.0,285.0,55.0,251.25,64.20994211698581
2023-06-25,140.0,Cabbage,Matale,155.0,285.0,280.0,55.0,215.0,78.20912137766713
2023-07-02,165.0,Cabbage,Matale,140.0,155.0,285.0,80.0,186.25,66.63019835880228
2023-07-09,170.0,Cabbage,Matale,165.0,140.0,155.0,75.0,157.5,13.228756555323082
2023-07-16,135.0,Cabbage,Matale,170.0,165.0,140.0,102.5,152.5,17.55942292142133
2023-07-23,135.0,Cabbage,Matale,135.0,170.0,165.0,130.0,151.25,18.874586088176965
2023-07-30,130.0,Cabbage,Matale,135.0,135.0,170.0,110.0,142.5,18.484227510682455
2023-08-06,125.0,Cabbage,Matale,130.0,135.0,135.0,125.0,131.25,4.787135538782059
2023-08-13,160.0,Cabbage,Matale,125.0,130.0,135.0,160.0,137.5,15.545631755148138
2023-08-20,125.0,Cabbage,Matale,160.0,125.0,130.0,190.0,135.0,16.83250823060357
2023-08-27,145.0,Cabbage,Matale,125.0,160.0,125.0,285.0,138.75,17.01714821388522
2023-09-03,120.0,Cabbage,Matale,145.0,125.0,160.0,280.0,137.5,18.484227510682462
2023-09-10,70.0,Cabbage,Matale,120.0,145.0,125.0,285.0,115.0,31.885210782848375
2023-09-17,60.0,Cabbage,Matale,70.0,120.0,145.0,155.0,98.75,40.491768710854515
2023-09-24,55.0,Cabbage,Matale,60.0,70.0,120.0,140.0,76.25,29.825883613622196
2023-10-01,55.0,Cabbage,Matale,55.0,60.0,70.0,165.0,60.0,7.071067811865729
2023-10-08,70.0,Cabbage,Matale,55.0,55.0,60.0,170.0,60.0,7.071067811865729
2023-10-15,55.0,Cabbage,Matale,70.0,55.0,55.0,135.0,58.75,7.500000000000239
2023-10-22,65.0,Cabbage,Matale,55.0,70.0,55.0,135.0,61.25,7.500000000000239
2023-10-29,120.0,Cabbage,Matale,65.0,55.0,70.0,130.0,77.5,29.011491975882077
2023-11-05,140.0,Cabbage,Matale,120.0,65.0,55.0,125.0,95.0,41.432676315520226
2023-11-12,175.0,Cabbage,Matale,140.0,120.0,65.0,160.0,125.0,46.00724580614091
2023-11-19,200.0,Cabbage,Matale,175.0,140.0,120.0,125.0,158.75,35.67795771434613
2023-11-26,265.0,Cabbage,Matale,200.0,175.0,140.0,145.0,195.0,52.757305971148085
2023-12-03,280.0,Cabbage,Matale,265.0,200.0,175.0,120.0,230.0,50.49752469181042
2023-12-10,280.0,Cabbage,Matale,280.0,265.0,200.0,70.0,256.25,38.16084380618441
2023-12-17,300.0,Cabbage,Matale,280.0,280.0,265.0,60.0,281.25,14.361406616345178
2023-12-24,315.0,Cabbage,Matale,300.0,280.0,280.0,55.0,293.75,17.017148213885196
2023-12-31,340.0,Cabbage,Matale,315.0,300.0,280.0,55.0,308.75,25.289984842489257
2024-01-07,375.0,Cabbage,Matale,340.0,315.0,300.0,70.0,332.5,32.78719262151006
2024-01-14,435.0,Cabbage,Matale,375.0,340.0,315.0,55.0,366.25,52.02163011671207
2024-01-21,640.0,Cabbage,Matale,435.0,375.0,340.0,65.0,447.5,134.19513155600444
2024-01-28,465.0,Cabbage,Matale,640.0,435.0,375.0,120.0,478.75,113.82552437832214
2024-02-04,625.0,Cabbage,Matale,465.0,640.0,435.0,140.0,541.25,106.25245095212316
2024-02-11,385.0,Cabbage,Matale,625.0,465.0,640.0,175.0,528.75,124.32316759156359
2024-02-18,325.0,Cabbage,Matale,385.0,625.0,465.0,200.0,450.0,130.0
2024-02-25,325.0,Cabbage,Matale,325.0,385.0,625.0,265.0,415.0,142.82856857085702
2024-03-03,300.0,Cabbage,Matale,325.0,325.0,385.0,280.0,333.75,36.142080737002466
2024-03-10,310.0,Cabbage,Matale,300.0,325.0,325.0,280.0,315.0,12.2474487139161
2024-03-17,390.0,Cabbage,Matale,310.0,300.0,325.0,300.0,331.25,40.49176871085454
2024-03-24,305.0,Cabbage,Matale,390.0,310.0,300.0,315.0,326.25,42.695628191498386
2024-03-31,200.0,Cabbage,Matale,305.0,390.0,310.0,340.0,301.25,77.92892060504028
2024-04-07,115.0,Cabbage,Matale,200.0,305.0,390.0,375.0,252.5,120.17348570573574
2024-04-14,140.0,Cabbage,Matale,115.0,200.0,305.0,435.0,190.0,84.55767262643883
2024-04-21,122.5,Cabbage,Matale,140.0,115.0,200.0,640.0,144.375,38.53434615162603
2024-04-28,105.0,Cabbage,Matale,122.5,140.0,115.0,465.0,120.625,14.772581584363282
2024-05-05,85.0,Cabbage,Matale,105.0,122.5,140.0,625.0,113.125,23.57390859969278
2024-05-12,85.0,Cabbage,Matale,85.0,105.0,122.5,385.0,99.375,18.071040368501272
2024-05-19,85.0,Cabbage,Matale,85.0,85.0,105.0,325.0,90.0,10.000000000000131
2024-05-26,85.0,Cabbage,Matale,85.0,85.0,85.0,325.0,85.0,0.0
2024-06-02,120.0,Cabbage,Matale,85.0,85.0,85.0,300.0,93.75,17.5
2024-06-09,100.0,Cabbage,Matale,120.0,85.0,85.0,310.0,97.5,16.583123951777
2024-06-16,135.0,Cabbage,Matale,100.0,120.0,85.0,390.0,110.0,21.9848432637882
2024-06-23,175.0,Cabbage,Matale,135.0,100.0,120.0,305.0,132.5,31.75426480542942
2024-06-30,180.0,Cabbage,Matale,175.0,135.0,100.0,200.0,147.5,37.52776749732568
2024-07-07,160.0,Cabbage,Matale,180.0,175.0,135.0,115.0,162.5,20.207259421636905
2024-07-14,200.0,Cabbage,Matale,160.0,180.0,175.0,140.0,178.75,16.520189667999183
2024-07-21,235.0,Cabbage,Matale,200.0,160.0,180.0,122.5,193.75,31.98306843732582
2024-07-28,260.0,Cabbage,Matale,235.0,200.0,160.0,105.0,213.75,43.46933785248325
2024-08-04,280.0,Cabbage,Matale,260.0,235.0,200.0,85.0,243.75,34.490336810958134
2024-08-11,270.0,Cabbage,Matale,280.0,260.0,235.0,85.0,261.25,19.311050377094126
2024-08-18,200.0,Cabbage,Matale,270.0,280.0,260.0,85.0,252.5,35.939764421413045
2024-08-25,155.0,Cabbage,Matale,200.0,270.0,280.0,85.0,226.25,59.354163010412904
2024-09-01,120.0,Cabbage,Matale,155.0,200.0,270.0,120.0,186.25,64.7269907637713
2024-09-08,150.0,Cabbage,Matale,120.0,155.0,200.0,100.0,156.25,33.00883720056396
2024-09-15,160.0,Cabbage,Matale,150.0,120.0,155.0,135.0,146.25,17.96988221070656
2024-09-22,165.0,Cabbage,Matale,160.0,150.0,120.0,175.0,148.75,20.155644370746412
2024-09-29,55.0,Cabbage,Matale,165.0,160.0,150.0,180.0,132.5,52.04164998665333
2024-10-06,155.0,Cabbage,Matale,55.0,165.0,160.0,160.0,133.75,52.65849092659861
2024-10-13,105.0,Cabbage,Matale,155.0,55.0,165.0,200.0,120.0,50.66228051190223
2024-10-20,100.0,Cabbage,Matale,105.0,155.0,55.0,235.0,103.75,40.90130397269345
2024-10-27,90.0,Cabbage,Matale,100.0,105.0,155.0,260.0,112.5,29.01149197588205
2024-11-03,110.0,Cabbage,Matale,90.0,100.0,105.0,280.0,101.25,8.539125638299769
2024-11-10,75.0,Cabbage,Matale,110.0,90.0,100.0,270.0,93.75,14.930394055974157
2024-11-17,80.0,Cabbage,Matale,75.0,110.0,90.0,200.0,88.75,15.478479684172317
2024-11-24,85.0,Cabbage,Matale,80.0,75.0,110.0,155.0,87.5,15.545631755148083
2024-12-01,70.0,Cabbage,Matale,85.0,80.0,75.0,120.0,77.5,6.454972243679169
2024-12-08,100.0,Cabbage,Matale,70.0,85.0,80.0,150.0,83.75,12.500000000000075
2024-12-15,130.0,Cabbage,Matale,100.0,70.0,85.0,160.0,96.25,25.617376914899033
2024-12-22,200.0,Cabbage,Matale,130.0,100.0,70.0,165.0,125.0,55.67764362830024
2024-12-29,110.0,Cabbage,Matale,200.0,130.0,100.0,55.0,135.0,45.09249752822896
2025-01-05,102.5,Cabbage,Matale,110.0,200.0,130.0,155.0,135.625,44.458548109446866
2025-01-12,95.0,Cabbage,Matale,102.5,110.0,200.0,105.0,126.875,49.13311001758388
2025-01-19,120.0,Cabbage,Matale,95.0,102.5,110.0,100.0,106.875,10.680004681646999
2025-01-26,115.0,Cabbage,Matale,120.0,95.0,102.5,90.0,108.125,11.433685611676948
2025-02-02,155.0,Cabbage,Matale,115.0,120.0,95.0,110.0,121.25,24.95829855311993
2025-02-09,240.0,Cabbage,Matale,155.0,115.0,120.0,75.0,157.5,57.807150653415434
2025-02-16,220.0,Cabbage,Matale,240.0,155.0,115.0,80.0,182.5,57.807150653415434
2025-02-23,240.0,Cabbage,Matale,220.0,240.0,155.0,85.0,213.75,40.28543988423942
2025-03-02,275.0,Cabbage,Matale,240.0,220.0,240.0,70.0,243.75,22.86737122335377
2025-03-09,275.0,Cabbage,Matale,275.0,240.0,220.0,100.0,252.5,27.233557730613683
2025-03-16,240.0,Cabbage,Matale,275.0,275.0,240.0,130.0,257.5,20.20725942163694
2025-03-23,225.0,Cabbage,Matale,240.0,275.0,275.0,200.0,253.75,25.289984842489226
2025-03-30,225.0,Cabbage,Matale,225.0,240.0,275.0,110.0,241.25,23.584952830141543
2025-04-06,215.0,Cabbage,Matale,225.0,225.0,240.0,102.5,226.25,10.307764064044221
2025-04-13,190.0,Cabbage,Matale,215.0,225.0,225.0,95.0,213.75,16.520189667999215
2025-04-20,212.5,Cabbage,Matale,190.0,215.0,225.0,120.0,210.625,14.772581584363243
2025-04-27,235.0,Cabbage,Matale,212.5,190.0,215.0,115.0,213.125,18.41364982832033
2025-05-04,285.0,Cabbage,Matale,235.0,212.5,190.0,155.0,230.625,40.63942051752216
2025-05-11,325.0,Cabbage,Matale,285.0,235.0,212.5,240.0,264.375,50.51299337794189
2025-05-18,325.0,Cabbage,Matale,325.0,285.0,235.0,220.0,292.5,42.72001872658767
2025-05-25,315.0,Cabbage,Matale,325.0,325.0,285.0,240.0,312.5,18.929694486000923
2025-06-01,250.0,Cabbage,Matale,315.0,325.0,325.0,275.0,303.75,36.14208073700241
2025-06-08,305.0,Cabbage,Matale,250.0,315.0,325.0,275.0,298.75,33.50994877147184
2025-06-15,325.0,Cabbage,Matale,305.0,250.0,315.0,240.0,298.75,33.50994877147184
2025-06-22,305.0,Cabbage,Matale,325.0,305.0,250.0,225.0,296.25,32.242570203588514
2025-06-29,175.0,Cabbage,Matale,305.0,325.0,305.0,225.0,277.5,68.98067362191627
2025-07-06,196.0,Cabbage,Matale,175.0,305.0,325.0,215.0,250.25,75.69841477864645
2025-07-13,300.0,Cabbage,Matale,196.0,175.0,305.0,190.0,244.0,68.12243878977519
2025-07-20,165.0,Cabbage,Matale,300.0,196.0,175.0,212.5,209.0,62.02687589531923
2025-07-27,160.0,Cabbage,Matale,165.0,300.0,196.0,235.0,205.25,65.14279187548944
2025-08-03,150.0,Cabbage,Matale,160.0,165.0,300.0,285.0,193.75,71.10731326663947
2025-08-10,175.0,Cabbage,Matale,150.0,160.0,165.0,325.0,162.5,10.40832999733068
2025-08-17,175.0,Cabbage,Matale,175.0,150.0,160.0,325.0,165.0,12.247448713915906
2025-08-24,145.0,Cabbage,Matale,175.0,175.0,150.0,315.0,161.25,16.007810593582136
2025-08-31,175.0,Cabbage,Matale,145.0,175.0,175.0,250.0,167.5,15.000000000000012
2025-09-07,160.0,Cabbage,Matale,175.0,145.0,175.0,305.0,163.75,14.361406616345084
2025-09-14,145.0,Cabbage,Matale,160.0,175.0,145.0,325.0,156.25,14.361406616345084
2025-09-21,105.0,Cabbage,Matale,145.0,160.0,175.0,305.0,146.25,30.103986446980745
2025-09-28,85.0,Cabbage,Matale,105.0,145.0,160.0,175.0,123.75,34.73110997362451
2025-10-05,70.0,Cabbage,Matale,85.0,105.0,145.0,196.0,101.25,32.5
2025-10-12,90.0,Cabbage,Matale,70.0,85.0,105.0,300.0,87.5,14.433756729740649
2025-10-19,80.0,Cabbage,Matale,90.0,70.0,85.0,165.0,81.25,8.539125638299675
2025-10-26,75.0,Cabbage,Matale,80.0,90.0,70.0,160.0,78.75,8.539125638299675
2025-11-02,90.0,Cabbage,Matale,75.0,80.0,90.0,150.0,83.75,7.500000000000008
2025-11-09,85.0,Cabbage,Matale,90.0,75.0,80.0,175.0,82.5,6.4549722436790375
2025-11-16,110.0,Cabbage,Matale,85.0,90.0,75.0,175.0,90.0,14.719601443879752
2025-11-23,90.0,Cabbage,Matale,110.0,85.0,90.0,145.0,93.75,11.086778913041734
2025-11-30,87.5,Cabbage,Matale,90.0,110.0,85.0,175.0,93.125,11.433685611676877
2025-12-07,85.0,Cabbage,Matale,87.5,90.0,110.0,160.0,93.125,11.433685611676877
2021-01-10,130.0,Carrots,Kandy,,,,,,
2021-01-17,131.66666666666666,Carrots,Kandy,130.0,,,,,
2021-01-24,133.33333333333334,Carrots,Kandy,131.66666666666666,130.0,,,,
2021-01-31,135.0,Carrots,Kandy,133.33333333333334,131.66666666666666,130.0,,132.5,2.151657414559686
2021-02-07,210.0,Carrots,Kandy,135.0,133.33333333333334,131.66666666666666,,152.5,38.35748031735526
2021-02-14,285.0,Carrots,Kandy,210.0,135.0,133.33333333333334,,190.83333333333334,72.2457226723108
2021-02-21,145.0,Carrots,Kandy,285.0,210.0,135.0,,193.75,69.32712311931023
2021-02-28,105.0,Carrots,Kandy,145.0,285.0,210.0,,186.25,78.77975628294365
2021-03-07,115.0,Carrots,Kandy,105.0,145.0,285.0,,162.5,83.41662504161465
2021-03-14,125.0,Carrots,Kandy,115.0,105.0,145.0,,122.5,17.078251276599307
2021-03-21,135.0,Carrots,Kandy,125.0,115.0,105.0,,120.0,12.909944487358025
2021-03-28,135.0,Carrots,Kandy,135.0,125.0,115.0,,127.5,9.57427107756334
2021-04-04,155.0,Carrots,Kandy,135.0,135.0,125.0,,137.5,12.583057392117889
2021-04-11,155.0,Carrots,Kandy,155.0,135.0,135.0,130.0,145.0,11.547005383792488
2021-04-18,145.0,Carrots,Kandy,155.0,155.0,135.0,131.66666666666666,147.5,9.574271077563347
2021-04-25,135.0,Carrots,Kandy,145.0,155.0,155.0,133.33333333333334,147.5,9.574271077563347
2021-05-02,60.0,Carrots,Kandy,135.0,145.0,155.0,135.0,123.75,43.277207241995946
2021-05-09,95.0,Carrots,Kandy,60.0,135.0,145.0,210.0,108.75,39.024564913226975
2021-05-16,95.0,Carrots,Kandy,95.0,60.0,135.0,285.0,96.25,30.65262359624919
2021-05-23,125.0,Carrots,Kandy,95.0,95.0,60.0,145.0,93.75,26.57536453183661
2021-05-30,120.0,Carrots,Kandy,125.0,95.0,95.0,105.0,108.75,16.0078105935821
2021-06-06,115.0,Carrots,Kandy,120.0,125.0,95.0,115.0,113.75,13.14977819838289
2021-06-13,109.0,Carrots,Kandy,115.0,120.0,125.0,125.0,117.25,6.849574196011453
2021-06-20,103.0,Carrots,Kandy,109.0,115.0,120.0,135.0,111.75,7.36545993132807
2021-06-27,97.0,Carrots,Kandy,103.0,109.0,115.0,135.0,106.0,7.745966692414789
2021-07-04,91.0,Carrots,Kandy,97.0,103.0,109.0,155.0,100.0,7.745966692414789
2021-07-11,85.0,Carrots,Kandy,91.0,97.0,103.0,155.0,94.0,7.745966692414789
2021-07-18,110.0,Carrots,Kandy,85.0,91.0,97.0,145.0,95.75,10.688779163215942
2021-07-25,95.0,Carrots,Kandy,110.0,85.0,91.0,135.0,95.25,10.657548185832079
2021-08-01,125.0,Carrots,Kandy,95.0,110.0,85.0,60.0,103.75,17.49999999999998
2021-08-08,122.5,Carrots,Kandy,125.0,95.0,110.0,95.0,113.125,13.749999999999972
2021-08-15,108.75,Carrots,Kandy,122.5,125.0,95.0,95.0,112.8125,13.85847364130213
2021-08-22,95.0,Carrots,Kandy,108.75,122.5,125.0,125.0,112.8125,13.85847364130213
2021-08-29,93.33333333333333,Carrots,Kandy,95.0,108.75,122.5,120.0,104.89583333333333,13.618372496170153
2021-09-05,91.66666666666667,Carrots,Kandy,93.33333333333333,95.0,108.75,115.0,97.1875,7.827531835107973
2021-09-12,90.0,Carrots,Kandy,91.66666666666667,93.33333333333333,95.0,109.0,92.5,2.151657414559474
2021-09-19,95.0,Carrots,Kandy,90.0,91.66666666666667,93.33333333333333,103.0,92.5,2.151657414559474
2021-09-26,95.0,Carrots,Kandy,95.0,90.0,91.66666666666667,97.0,92.91666666666667,2.499999999999825
2021-10-03,75.0,Carrots,Kandy,95.0,95.0,90.0,91.0,88.75,9.464847243000412
2021-10-10,80.0,Carrots,Kandy,75.0,95.0,95.0,85.0,86.25,10.307764064044111
2021-10-17,85.0,Carrots,Kandy,80.0,75.0,95.0,110.0,83.75,8.539125638299616
2021-10-24,85.0,Carrots,Kandy,85.0,80.0,75.0,95.0,81.25,4.787135538781603
2021-10-31,115.0,Carrots,Kandy,85.0,85.0,80.0,125.0,91.25,16.007810593582096
2021-11-07,152.5,Carrots,Kandy,115.0,85.0,85.0,122.5,109.375,32.04001404494073
2021-11-14,190.0,Carrots,Kandy,152.5,115.0,85.0,108.75,135.625,45.56931533389545
2021-11-21,210.0,Carrots,Kandy,190.0,152.5,115.0,95.0,166.875,42.0007440410286
2021-11-28,310.0,Carrots,Kandy,210.0,190.0,152.5,93.33333333333333,215.625,67.27973320398945
2021-12-05,202.5,Carrots,Kandy,310.0,210.0,190.0,91.66666666666667,228.125,55.2032230339256
2021-12-12,95.0,Carrots,Kandy,202.5,310.0,210.0,90.0,204.375,87.85345278739287
2021-12-19,385.0,Carrots,Kandy,95.0,202.5,310.0,95.0,248.125,126.61251583736367
2021-12-26,385.0,Carrots,Kandy,385.0,95.0,202.5,95.0,266.875,143.28548135336905
2022-01-02,385.0,Carrots,Kandy,385.0,385.0,95.0,75.0,312.5,145.0
2022-01-09,270.0,Carrots,Kandy,385.0,385.0,385.0,80.0,356.25,57.5
2022-01-16,330.0,Carrots,Kandy,270.0,385.0,385.0,85.0,342.5,54.848275573014455
2022-01-23,390.0,Carrots,Kandy,330.0,270.0,385.0,85.0,343.75,56.18051263561058
2022-01-30,335.0,Carrots,Kandy,390.0,330.0,270.0,115.0,331.25,49.05354217587146
2022-02-06,275.0,Carrots,Kandy,335.0,390.0,330.0,152.5,332.5,46.99290726623895
2022-02-13,345.0,Carrots,Kandy,275.0,335.0,390.0,190.0,336.25,47.324236215002294
2022-02-20,415.0,Carrots,Kandy,345.0,275.0,335.0,210.0,342.5,57.37304826019503
2022-02-27,360.0,Carrots,Kandy,415.0,345.0,275.0,310.0,348.75,57.64474535173755
2022-03-06,300.0,Carrots,Kandy,360.0,415.0,345.0,202.5,355.0,47.4341649025257
2022-03-13,265.0,Carrots,Kandy,300.0,360.0,415.0,95.0,335.0,66.20674688680403
2022-03-20,190.0,Carrots,Kandy,265.0,300.0,360.0,385.0,278.75,70.99002277315688
2022-03-27,170.0,Carrots,Kandy,190.0,265.0,300.0,385.0,231.25,61.42407237123461
2022-04-03,140.0,Carrots,Kandy,170.0,190.0,265.0,385.0,191.25,53.287740929160556
2022-04-10,255.0,Carrots,Kandy,140.0,170.0,190.0,270.0,188.75,48.71259248558494
2022-04-17,190.0,Carrots,Kandy,255.0,140.0,170.0,330.0,188.75,48.71259248558494
2022-04-24,125.0,Carrots,Kandy,190.0,255.0,140.0,390.0,177.5,58.66571968932681
2022-05-01,190.0,Carrots,Kandy,125.0,190.0,255.0,335.0,190.0,53.07227776030219
2022-05-08,110.0,Carrots,Kandy,190.0,125.0,190.0,275.0,153.75,42.30346715499019
2022-05-15,172.5,Carrots,Kandy,110.0,190.0,125.0,345.0,149.375,37.98985610221059
2022-05-22,235.0,Carrots,Kandy,172.5,110.0,190.0,415.0,176.875,51.77575848470659
2022-05-29,245.0,Carrots,Kandy,235.0,172.5,110.0,360.0,190.625,62.59575997355305
2022-06-05,277.5,Carrots,Kandy,245.0,235.0,172.5,300.0,232.5,43.92227984368146
2022-06-12,310.0,Carrots,Kandy,277.5,245.0,235.0,265.0,266.875,33.99601692355542
2022-06-19,270.0,Carrots,Kandy,310.0,277.5,245.0,190.0,275.625,26.79979788481
2022-06-26,235.0,Carrots,Kandy,270.0,310.0,277.5,170.0,273.125,30.77979586243764
2022-07-03,245.0,Carrots,Kandy,235.0,270.0,310.0,140.0,265.0,33.4165627596057
2022-07-10,195.0,Carrots,Kandy,245.0,235.0,270.0,255.0,236.25,31.19161212035484
2022-07-17,260.0,Carrots,Kandy,195.0,245.0,235.0,190.0,233.75,27.801378862687134
2022-07-24,270.0,Carrots,Kandy,260.0,195.0,245.0,125.0,242.5,33.291640592396966
2022-07-31,255.0,Carrots,Kandy,270.0,260.0,195.0,190.0,245.0,33.91164991562634
2022-08-07,257.5,Carrots,Kandy,255.0,270.0,260.0,110.0,260.625,6.574889099191445
2022-08-14,260.0,Carrots,Kandy,257.5,255.0,270.0,172.5,260.625,6.574889099191445
2022-08-21,295.0,Carrots,Kandy,260.0,257.5,255.0,235.0,266.875,18.86078382959379
2022-08-28,255.0,Carrots,Kandy,295.0,260.0,257.5,245.0,266.875,18.86078382959379
2022-09-04,262.5,Carrots,Kandy,255.0,295.0,260.0,277.5,268.125,18.185960702329325
2022-09-11,270.0,Carrots,Kandy,262.5,255.0,295.0,310.0,270.625,17.365554986812253
2022-09-18,290.0,Carrots,Kandy,270.0,262.5,255.0,270.0,269.375,15.051993223490367
2022-09-25,310.0,Carrots,Kandy,290.0,270.0,262.5,235.0,283.125,21.347814095749154
2022-10-02,315.0,Carrots,Kandy,310.0,290.0,270.0,245.0,296.25,20.564937798755103
2022-10-09,290.0,Carrots,Kandy,315.0,310.0,290.0,195.0,301.25,13.149778198382906
2022-10-16,297.5,Carrots,Kandy,290.0,315.0,310.0,260.0,303.125,11.433685611676857
2022-10-23,265.0,Carrots,Kandy,297.5,290.0,315.0,270.0,291.875,20.754015675687107
2022-10-30,285.0,Carrots,Kandy,265.0,297.5,290.0,255.0,284.375,13.900689431343551
2022-11-06,262.5,Carrots,Kandy,285.0,265.0,297.5,257.5,277.5,16.70828137980284
2022-11-13,240.0,Carrots,Kandy,262.5,285.0,265.0,260.0,263.125,18.413649828320278
2022-11-20,360.0,Carrots,Kandy,240.0,262.5,285.0,295.0,286.875,52.09666496043676
2022-11-27,365.0,Carrots,Kandy,360.0,240.0,262.5,255.0,306.875,64.91581086299392
2022-12-04,333.3333333333333,Carrots,Kandy,365.0,360.0,240.0,262.5,324.5833333333333,58.07681694675308
2022-12-11,301.6666666666667,Carrots,Kandy,333.3333333333333,365.0,360.0,270.0,340.0,29.091172136857825
2022-12-18,270.0,Carrots,Kandy,301.6666666666667,333.3333333333333,365.0,290.0,317.5,40.88149087663385
2022-12-25,250.0,Carrots,Kandy,270.0,301.6666666666667,333.3333333333333,310.0,288.75,36.549687134497255
2023-01-01,290.0,Carrots,Kandy,250.0,270.0,301.6666666666667,315.0,277.9166666666667,22.74557343992712
2023-01-08,222.5,Carrots,Kandy,290.0,250.0,270.0,290.0,258.125,28.82237267586897
2023-01-15,155.0,Carrots,Kandy,222.5,290.0,250.0,297.5,229.375,56.802838837509
2023-01-22,170.0,Carrots,Kandy,155.0,222.5,290.0,265.0,209.375,61.04557723537411
2023-01-29,115.0,Carrots,Kandy,170.0,155.0,222.5,285.0,165.625,44.458548109447285
2023-02-05,100.0,Carrots,Kandy,115.0,170.0,155.0,262.5,135.0,32.9140294302199
2023-02-12,110.0,Carrots,Kandy,100.0,115.0,170.0,240.0,123.75,31.457643480295612
2023-02-19,110.0,Carrots,Kandy,110.0,100.0,115.0,360.0,108.75,6.291528696063425
2023-02-26,150.0,Carrots,Kandy,110.0,110.0,100.0,365.0,117.5,22.17355782608466
2023-03-05,105.0,Carrots,Kandy,150.0,110.0,110.0,333.3333333333333,118.75,20.966242709016477
2023-03-12,105.0,Carrots,Kandy,105.0,150.0,110.0,301.6666666666667,117.5,21.7944947177046
2023-03-19,100.0,Carrots,Kandy,105.0,105.0,150.0,270.0,115.0,23.452078799118308
2023-03-26,95.0,Carrots,Kandy,100.0,105.0,105.0,250.0,101.25,4.7871355387878065
2023-04-02,95.0,Carrots,Kandy,95.0,100.0,105.0,290.0,98.75,4.7871355387878864
2023-04-09,110.0,Carrots,Kandy,95.0,95.0,100.0,222.5,100.0,7.071067811869644
2023-04-16,122.5,Carrots,Kandy,110.0,95.0,95.0,155.0,105.625,13.287682265920465
2023-04-23,135.0,Carrots,Kandy,122.5,110.0,95.0,170.0,115.625,17.123935490030348
2023-04-30,135.0,Carrots,Kandy,135.0,122.5,110.0,115.0,125.625,11.967838846956365
2023-05-07,130.0,Carrots,Kandy,135.0,135.0,122.5,100.0,130.625,5.907269532819964
2023-05-14,130.0,Carrots,Kandy,130.0,135.0,135.0,110.0,132.5,2.8867513459566307
2023-05-21,240.0,Carrots,Kandy,130.0,130.0,135.0,110.0,158.75,54.21792446537745
2023-05-28,270.0,Carrots,Kandy,240.0,130.0,130.0,150.0,192.5,73.20063751999271
2023-06-04,290.0,Carrots,Kandy,270.0,240.0,130.0,105.0,232.5,71.35591542869228
2023-06-11,305.0,Carrots,Kandy,290.0,270.0,240.0,105.0,276.25,28.099525500145706
2023-06-18,310.0,Carrots,Kandy,305.0,290.0,270.0,100.0,293.75,17.969882210706523
2023-06-25,290.0,Carrots,Kandy,310.0,305.0,290.0,95.0,298.75,10.30776406404409
2023-07-02,365.0,Carrots,Kandy,290.0,310.0,305.0,95.0,317.5,32.7871926215099
2023-07-09,425.0,Carrots,Kandy,365.0,290.0,310.0,110.0,347.5,60.62177826491058
2023-07-16,390.0,Carrots,Kandy,425.0,365.0,290.0,122.5,367.5,57.227615711297794
2023-07-23,410.0,Carrots,Kandy,390.0,425.0,365.0,135.0,397.5,25.980762113532567
2023-07-30,430.0,Carrots,Kandy,410.0,390.0,425.0,135.0,413.75,17.969882210705524
2023-08-06,440.0,Carrots,Kandy,430.0,410.0,390.0,130.0,417.5,22.173557826082618
2023-08-13,390.0,Carrots,Kandy,440.0,430.0,410.0,130.0,417.5,22.173557826082618
2023-08-20,370.0,Carrots,Kandy,390.0,440.0,430.0,240.0,407.5,33.040379335997834
2023-08-27,300.0,Carrots,Kandy,370.0,390.0,440.0,270.0,375.0,58.022983951763834
2023-09-03,275.0,Carrots,Kandy,300.0,370.0,390.0,290.0,333.75,54.98105734402218
2023-09-10,205.0,Carrots,Kandy,275.0,300.0,370.0,305.0,287.5,68.12977811989902
2023-09-17,190.0,Carrots,Kandy,205.0,275.0,300.0,310.0,242.5,53.30728530573176
2023-09-24,155.0,Carrots,Kandy,190.0,205.0,275.0,290.0,206.25,50.394278775803144
2023-10-01,120.0,Carrots,Kandy,155.0,190.0,205.0,365.0,167.5,37.96928583298227
2023-10-08,215.0,Carrots,Kandy,120.0,155.0,190.0,425.0,170.0,41.432676315520666
2023-10-15,160.0,Carrots,Kandy,215.0,120.0,155.0,390.0,162.5,39.264063297966366
2023-10-22,160.0,Carrots,Kandy,160.0,215.0,120.0,410.0,163.75,39.02456491322753
2023-10-29,175.0,Carrots,Kandy,160.0,160.0,215.0,430.0,177.5,25.980762113533896
2023-11-05,260.0,Carrots,Kandy,175.0,160.0,160.0,440.0,188.75,48.023431780746726
2023-11-12,240.0,Carrots,Kandy,260.0,175.0,160.0,390.0,208.75,48.71259248558524
2023-11-19,315.0,Carrots,Kandy,240.0,260.0,175.0,370.0,247.5,57.80715065341557
2023-11-26,280.0,Carrots,Kandy,315.0,240.0,260.0,300.0,273.75,31.983068437325972
2023-12-03,300.0,Carrots,Kandy,280.0,315.0,240.0,275.0,283.75,32.50000000000011
2023-12-10,290.0,Carrots,Kandy,300.0,280.0,315.0,205.0,296.25,14.930394055974208
2023-12-17,310.0,Carrots,Kandy,290.0,300.0,280.0,190.0,295.0,12.9099444873582
2023-12-24,410.0,Carrots,Kandy,310.0,290.0,300.0,155.0,327.5,55.60275772537419
2023-12-31,575.0,Carrots,Kandy,410.0,310.0,290.0,120.0,396.25,130.21616643105406
2024-01-07,610.0,Carrots,Kandy,575.0,410.0,310.0,215.0,476.25,141.03043406773335
2024-01-14,740.0,Carrots,Kandy,610.0,575.0,410.0,160.0,583.75,135.85378169193493
2024-01-21,1550.0,Carrots,Kandy,740.0,610.0,575.0,160.0,868.75,459.6805956313578
2024-01-28,1050.0,Carrots,Kandy,1550.0,740.0,610.0,175.0,987.5,417.9613219744938
2024-02-04,1175.0,Carrots,Kandy,1050.0,1550.0,740.0,260.0,1128.75,335.1212467152743
2024-02-11,725.0,Carrots,Kandy,1175.0,1050.0,1550.0,240.0,1125.0,340.95454242464604
2024-02-18,625.0,Carrots,Kandy,725.0,1175.0,1050.0,315.0,893.75,260.9078700742207
2024-02-25,360.0,Carrots,Kandy,625.0,725.0,1175.0,280.0,721.25,339.4450127291111
2024-03-03,425.0,Carrots,Kandy,360.0,625.0,725.0,300.0,533.75,170.21432567990985
2024-03-10,290.0,Carrots,Kandy,425.0,360.0,625.0,290.0,425.0,144.2798207188601
2024-03-17,340.0,Carrots,Kandy,290.0,425.0,360.0,310.0,353.75,55.883062430994364
2024-03-24,290.0,Carrots,Kandy,340.0,290.0,425.0,410.0,336.25,63.688696014282996
2024-03-31,265.0,Carrots,Kandy,290.0,340.0,290.0,575.0,296.25,31.45764348029078
2024-04-07,250.0,Carrots,Kandy,265.0,290.0,340.0,610.0,286.25,39.44933459514555
2024-04-14,218.33333333333334,Carrots,Kandy,250.0,265.0,290.0,740.0,255.83333333333334,29.95366792601482
2024-04-21,186.66666666666666,Carrots,Kandy,218.33333333333334,250.0,265.0,1550.0,230.0,34.8276178192352
2024-04-28,155.0,Carrots,Kandy,186.66666666666666,218.33333333333334,250.0,1050.0,202.5,40.88149087663074
2024-05-05,140.0,Carrots,Kandy,155.0,186.66666666666666,218.33333333333334,1175.0,175.0,34.8276178192352
2024-05-12,265.0,Carrots,Kandy,140.0,155.0,186.66666666666666,725.0,186.66666666666666,55.72751165766602
2024-05-19,100.0,Carrots,Kandy,265.0,140.0,155.0,625.0,165.0,70.5927286151561
2024-05-26,110.0,Carrots,Kandy,100.0,265.0,140.0,360.0,153.75,76.08931155775481
2024-06-02,135.0,Carrots,Kandy,110.0,100.0,265.0,425.0,152.5,76.43079658531902
2024-06-09,135.0,Carrots,Kandy,135.0,110.0,100.0,290.0,120.0,17.795130420045066
2024-06-16,360.0,Carrots,Kandy,135.0,135.0,110.0,340.0,185.0,117.26039399558465
2024-06-23,345.0,Carrots,Kandy,360.0,135.0,135.0,290.0,243.75,125.72290960680057
2024-06-30,400.0,Carrots,Kandy,345.0,360.0,135.0,265.0,310.0,118.95377253370212
2024-07-07,350.0,Carrots,Kandy,400.0,345.0,360.0,250.0,363.75,24.958298553114826
2024-07-14,340.0,Carrots,Kandy,350.0,400.0,345.0,218.33333333333334,358.75,27.801378862682576
2024-07-21,310.0,Carrots,Kandy,340.0,350.0,400.0,186.66666666666666,350.0,37.41657386773603
2024-07-28,325.0,Carrots,Kandy,310.0,340.0,350.0,155.0,331.25,17.49999999999275
2024-08-04,310.0,Carrots,Kandy,325.0,310.0,340.0,140.0,321.25,14.361406616336234
2024-08-11,215.0,Carrots,Kandy,310.0,325.0,310.0,265.0,290.0,50.497524691807875
2024-08-18,210.0,Carrots,Kandy,215.0,310.0,325.0,100.0,265.0,60.964470527237516
2024-08-25,185.0,Carrots,Kandy,210.0,215.0,310.0,110.0,230.0,54.92419017761129
2024-09-01,170.0,Carrots,Kandy,185.0,210.0,215.0,135.0,195.0,21.213203435590433
2024-09-08,190.0,Carrots,Kandy,170.0,185.0,210.0,135.0,188.75,16.52018966799148
2024-09-15,155.0,Carrots,Kandy,190.0,170.0,185.0,360.0,175.0,15.811388300833856
2024-09-22,160.0,Carrots,Kandy,155.0,190.0,170.0,345.0,168.75,15.478479684164045
2024-09-29,190.0,Carrots,Kandy,160.0,155.0,190.0,400.0,173.75,18.874586088170137
2024-10-06,90.0,Carrots,Kandy,190.0,160.0,155.0,350.0,148.75,42.10601698886292
2024-10-13,90.0,Carrots,Kandy,90.0,190.0,160.0,340.0,132.5,50.579969684975886
2024-10-20,80.0,Carrots,Kandy,90.0,90.0,190.0,310.0,112.5,51.88127472090882
2024-10-27,95.0,Carrots,Kandy,80.0,90.0,90.0,325.0,88.75,6.2915286960387515
2024-11-03,75.0,Carrots,Kandy,95.0,80.0,90.0,310.0,85.0,9.128709291738842
2024-11-10,85.0,Carrots,Kandy,75.0,95.0,80.0,215.0,83.75,8.539125638284776
2024-11-17,110.0,Carrots,Kandy,85.0,75.0,95.0,210.0,91.25,14.930394055965582
2024-11-24,100.0,Carrots,Kandy,110.0,85.0,75.0,185.0,92.5,15.545631755139848
2024-12-01,80.0,Carrots,Kandy,100.0,110.0,85.0,170.0,93.75,13.76892636820602
2024-12-08,125.0,Carrots,Kandy,80.0,100.0,110.0,190.0,103.75,18.874586088170137
2024-12-15,150.0,Carrots,Kandy,125.0,80.0,100.0,155.0,113.75,30.379543555926123
2024-12-22,165.0,Carrots,Kandy,150.0,125.0,80.0,160.0,130.0,37.193189340698915
2024-12-29,115.0,Carrots,Kandy,165.0,150.0,125.0,190.0,138.75,22.867371223348183
2025-01-05,172.5,Carrots,Kandy,115.0,165.0,150.0,90.0,150.625,25.52572232082269
2025-01-12,230.0,Carrots,Kandy,172.5,115.0,165.0,90.0,170.625,47.098080286423695
2025-01-19,260.0,Carrots,Kandy,230.0,172.5,115.0,80.0,194.375,64.17343037945231
2025-01-26,230.0,Carrots,Kandy,260.0,230.0,172.5,95.0,223.125,36.59320292075763
2025-02-02,270.0,Carrots,Kandy,230.0,260.0,230.0,75.0,247.5,20.615528128082122
2025-02-09,440.0,Carrots,Kandy,270.0,230.0,260.0,85.0,300.0,94.86832980505004
2025-02-16,660.0,Carrots,Kandy,440.0,270.0,230.0,110.0,400.0,195.78900207451153
2025-02-23,825.0,Carrots,Kandy,660.0,440.0,270.0,100.0,548.75,243.73397383212654
2025-03-02,675.0,Carrots,Kandy,825.0,660.0,440.0,80.0,650.0,158.58751527153626
2025-03-09,675.0,Carrots,Kandy,675.0,825.0,660.0,125.0,708.75,77.82191208136528
2025-03-16,675.0,Carrots,Kandy,675.0,675.0,825.0,150.0,712.5,74.99999999999832
2025-03-23,475.0,Carrots,Kandy,675.0,675.0,675.0,165.0,625.0,100.0
2025-03-30,475.0,Carrots,Kandy,475.0,675.0,675.0,115.0,575.0,115.47005383792516
2025-04-06,465.0,Carrots,Kandy,475.0,475.0,675.0,172.5,522.5,101.77589760514684
2025-04-13,275.0,Carrots,Kandy,465.0,475.0,475.0,230.0,422.5,98.44626283748241
2025-04-20,337.5,Carrots,Kandy,275.0,465.0,475.0,260.0,388.125,98.0088218818422
2025-04-27,400.0,Carrots,Kandy,337.5,275.0,465.0,230.0,369.375,81.65922585150234
2025-05-04,375.0,Carrots,Kandy,400.0,337.5,275.0,270.0,346.875,54.366618127916226
2025-05-11,675.0,Carrots,Kandy,375.0,400.0,337.5,440.0,446.875,154.23703349066335
2025-05-18,825.0,Carrots,Kandy,675.0,375.0,400.0,660.0,568.75,218.30311495716228
2025-05-25,765.0,Carrots,Kandy,825.0,675.0,375.0,825.0,660.0,199.7498435543818
2025-06-01,525.0,Carrots,Kandy,765.0,825.0,675.0,675.0,697.5,130.47988350699893
2025-06-08,675.0,Carrots,Kandy,525.0,765.0,825.0,675.0,697.5,130.47988350699893
2025-06-15,665.0,Carrots,Kandy,675.0,525.0,765.0,675.0,657.5,99.12113800799509
2025-06-22,425.0,Carrots,Kandy,665.0,675.0,525.0,475.0,572.5,119.82626312012464
2025-06-29,340.0,Carrots,Kandy,425.0,665.0,675.0,475.0,526.25,169.62581368019042
2025-07-06,240.0,Carrots,Kandy,340.0,425.0,665.0,465.0,417.5,181.49839301400627
2025-07-13,300.0,Carrots,Kandy,240.0,340.0,425.0,275.0,326.25,77.60745239129214
2025-07-20,300.0,Carrots,Kandy,300.0,240.0,340.0,337.5,295.0,41.231056256176714
2025-07-27,310.0,Carrots,Kandy,300.0,300.0,240.0,400.0,287.5,32.015621187164385
2025-08-03,265.0,Carrots,Kandy,310.0,300.0,300.0,375.0,293.75,19.73786547054524
2025-08-10,315.0,Carrots,Kandy,265.0,310.0,300.0,675.0,297.5,22.546248764114665
2025-08-17,475.0,Carrots,Kandy,315.0,265.0,310.0,825.0,341.25,91.95787078874766
2025-08-24,315.0,Carrots,Kandy,475.0,315.0,265.0,765.0,342.5,91.42392101268322
2025-08-31,290.0,Carrots,Kandy,315.0,475.0,315.0,525.0,348.75,84.98774421448469
2025-09-07,235.0,Carrots,Kandy,290.0,315.0,475.0,675.0,328.75,103.06753449397475
2025-09-14,260.0,Carrots,Kandy,235.0,290.0,315.0,665.0,275.0,34.88074922742737
2025-09-21,190.0,Carrots,Kandy,260.0,235.0,290.0,425.0,243.75,42.303467154990294
2025-09-28,135.0,Carrots,Kandy,190.0,260.0,235.0,340.0,205.0,54.924190177613696
2025-10-05,140.0,Carrots,Kandy,135.0,190.0,260.0,240.0,181.25,58.076816946753176
2025-10-12,115.0,Carrots,Kandy,140.0,135.0,190.0,300.0,145.0,31.88521078284847
2025-10-19,110.0,Carrots,Kandy,115.0,140.0,135.0,300.0,125.0,14.719601443880075
2025-10-26,115.0,Carrots,Kandy,110.0,115.0,140.0,310.0,120.0,13.54006400772696
2025-11-02,120.0,Carrots,Kandy,115.0,110.0,115.0,265.0,115.0,4.082482904639818
2025-11-09,170.0,Carrots,Kandy,120.0,115.0,110.0,315.0,128.75,27.801378862687304
2025-11-16,160.0,Carrots,Kandy,170.0,120.0,115.0,475.0,141.25,27.801378862687304
2025-11-23,140.0,Carrots,Kandy,160.0,170.0,120.0,315.0,147.5,22.17355782608367
2025-11-30,252.5,Carrots,Kandy,140.0,160.0,170.0,290.0,180.625,49.513255800846
2025-12-07,365.0,Carrots,Kandy,252.5,140.0,160.0,235.0,229.375,102.84241586038327
2021-01-10,127.5,Carrots,Matale,,,,,,
2021-01-17,153.0,Carrots,Matale,127.5,,,,,
2021-01-24,178.5,Carrots,Matale,153.0,127.5,,,,
2021-01-31,204.0,Carrots,Matale,178.5,153.0,127.5,,165.75,32.920358442763046
2021-02-07,229.5,Carrots,Matale,204.0,178.5,153.0,,191.25,32.920358442763046
2021-02-14,255.0,Carrots,Matale,229.5,204.0,178.5,,216.75,32.920358442763046
2021-02-21,130.0,Carrots,Matale,255.0,229.5,204.0,,204.625,53.93109029122256
2021-02-28,115.0,Carrots,Matale,130.0,255.0,229.5,,182.375,70.18472649610692
2021-03-07,121.66666666666667,Carrots,Matale,115.0,130.0,255.0,,155.41666666666666,66.67187479656536
2021-03-14,128.33333333333334,Carrots,Matale,121.66666666666667,115.0,130.0,,123.75,6.854979266251547
2021-03-21,135.0,Carrots,Matale,128.33333333333334,121.66666666666667,115.0,,125.0,8.606629658238584
2021-03-28,125.0,Carrots,Matale,135.0,128.33333333333334,121.66666666666667,,127.5,5.692750425532935
2021-04-04,130.0,Carrots,Matale,125.0,135.0,128.33333333333334,,129.58333333333331,4.166666666666439
2021-04-11,175.0,Carrots,Matale,130.0,125.0,135.0,127.5,141.25,22.867371223353715
2021-04-18,145.0,Carrots,Matale,175.0,130.0,125.0,153.0,143.75,22.49999999999998
2021-04-25,115.0,Carrots,Matale,145.0,175.0,130.0,178.5,141.25,25.617376914898976
2021-05-02,125.0,Carrots,Matale,115.0,145.0,175.0,204.0,140.0,26.45751311064588
2021-05-09,125.0,Carrots,Matale,125.0,115.0,145.0,229.5,127.5,12.583057392117828
2021-05-16,125.0,Carrots,Matale,125.0,125.0,115.0,255.0,122.5,4.999999999999738
2021-05-23,125.0,Carrots,Matale,125.0,125.0,125.0,130.0,125.0,0.0
2021-05-30,182.5,Carrots,Matale,125.0,125.0,125.0,115.0,139.375,28.75
2021-06-06,240.0,Carrots,Matale,182.5,125.0,125.0,121.66666666666667,168.125,55.05205869598944
2021-06-13,211.0,Carrots,Matale,240.0,182.5,125.0,128.33333333333334,189.625,49.06352175156882
2021-06-20,182.0,Carrots,Matale,211.0,240.0,182.5,135.0,203.875,27.635650284852474
2021-06-27,153.0,Carrots,Matale,182.0,211.0,240.0,125.0,196.5,37.43883901333837
2021-07-04,124.0,Carrots,Matale,153.0,182.0,211.0,130.0,167.5,37.43883901333837
2021-07-11,95.0,Carrots,Matale,124.0,153.0,182.0,175.0,138.5,37.43883901333837
2021-07-18,105.0,Carrots,Matale,95.0,124.0,153.0,145.0,119.25,25.51306854666186
2021-07-25,100.0,Carrots,Matale,105.0,95.0,124.0,115.0,106.0,12.675435561221029
2021-08-01,130.0,Carrots,Matale,100.0,105.0,95.0,125.0,107.5,15.545631755148024
2021-08-08,90.0,Carrots,Matale,130.0,100.0,105.0,125.0,106.25,17.017148213885115
2021-08-15,92.5,Carrots,Matale,90.0,130.0,100.0,125.0,103.125,18.413649828320295
2021-08-22,95.0,Carrots,Matale,92.5,90.0,130.0,125.0,101.875,18.860783829593792
2021-08-29,93.33333333333333,Carrots,Matale,95.0,92.5,90.0,182.5,92.70833333333333,2.083333333333333
2021-09-05,91.66666666666667,Carrots,Matale,93.33333333333333,95.0,92.5,240.0,93.125,1.423187606383279
2021-09-12,90.0,Carrots,Matale,91.66666666666667,93.33333333333333,95.0,211.0,92.5,2.151657414559676
2021-09-19,70.0,Carrots,Matale,90.0,91.66666666666667,93.33333333333333,182.0,86.25,10.918468892796417
2021-09-26,75.0,Carrots,Matale,70.0,90.0,91.66666666666667,153.0,81.66666666666667,10.801234497346435
2021-10-03,75.0,Carrots,Matale,75.0,70.0,90.0,124.0,77.5,8.660254037844378
2021-10-10,92.5,Carrots,Matale,75.0,75.0,70.0,95.0,78.125,9.868932735272503
2021-10-17,110.0,Carrots,Matale,92.5,75.0,75.0,105.0,88.125,16.754974385735924
2021-10-24,100.0,Carrots,Matale,110.0,92.5,75.0,100.0,94.375,14.772581584363214
2021-10-31,120.0,Carrots,Matale,100.0,110.0,92.5,130.0,105.625,11.967838846954265
2021-11-07,155.0,Carrots,Matale,120.0,100.0,110.0,90.0,121.25,23.935677693908485
2021-11-14,200.0,Carrots,Matale,155.0,120.0,100.0,92.5,143.75,43.851073723076254
2021-11-21,250.0,Carrots,Matale,200.0,155.0,120.0,95.0,181.25,56.32864872040397
2021-11-28,310.0,Carrots,Matale,250.0,200.0,155.0,93.33333333333333,228.75,66.63019835880226
2021-12-05,217.5,Carrots,Matale,310.0,250.0,200.0,91.66666666666667,244.375,48.406912385181805
2021-12-12,125.0,Carrots,Matale,217.5,310.0,250.0,90.0,225.625,77.25431487410052
2021-12-19,335.0,Carrots,Matale,125.0,217.5,310.0,70.0,246.875,95.68557449619388
2021-12-26,325.0,Carrots,Matale,335.0,125.0,217.5,75.0,250.625,99.2130493769175
2022-01-02,415.0,Carrots,Matale,325.0,335.0,125.0,75.0,300.0,123.42339054382413
2022-01-09,275.0,Carrots,Matale,415.0,325.0,335.0,92.5,337.5,57.951128835712375
2022-01-16,292.5,Carrots,Matale,275.0,415.0,325.0,110.0,326.875,62.29549876729993
2022-01-23,330.0,Carrots,Matale,292.5,275.0,415.0,100.0,328.125,62.29549876729993
2022-01-30,310.0,Carrots,Matale,330.0,292.5,275.0,120.0,301.875,23.573908599692746
2022-02-06,290.0,Carrots,Matale,310.0,330.0,292.5,155.0,305.625,18.526445062846452
2022-02-13,325.0,Carrots,Matale,290.0,310.0,330.0,200.0,313.75,17.96988221070655
2022-02-20,360.0,Carrots,Matale,325.0,290.0,310.0,250.0,321.25,29.545163168726415
2022-02-27,330.0,Carrots,Matale,360.0,325.0,290.0,310.0,326.25,28.68652413009753
2022-03-06,285.0,Carrots,Matale,330.0,360.0,325.0,217.5,325.0,30.822070014844904
2022-03-13,320.0,Carrots,Matale,285.0,330.0,360.0,125.0,323.75,30.923292192132475
2022-03-20,215.0,Carrots,Matale,320.0,285.0,330.0,335.0,287.5,52.04164998665334
2022-03-27,165.0,Carrots,Matale,215.0,320.0,285.0,325.0,246.25,69.5671138781345
2022-04-03,125.0,Carrots,Matale,165.0,215.0,320.0,415.0,206.25,84.29857650043684
2022-04-10,180.0,Carrots,Matale,125.0,165.0,215.0,275.0,171.25,37.27711541057511
2022-04-17,145.0,Carrots,Matale,180.0,125.0,165.0,292.5,153.75,23.935677693908506
2022-04-24,110.0,Carrots,Matale,145.0,180.0,125.0,330.0,140.0,30.276503540974957
2022-05-01,145.0,Carrots,Matale,110.0,145.0,180.0,310.0,145.0,28.577380332470455
2022-05-08,150.0,Carrots,Matale,145.0,110.0,145.0,290.0,137.5,18.48422751068243
2022-05-15,187.5,Carrots,Matale,150.0,145.0,110.0,325.0,148.125,31.71323330514675
2022-05-22,225.0,Carrots,Matale,187.5,150.0,145.0,360.0,176.875,37.27012878968896
2022-05-29,225.0,Carrots,Matale,225.0,187.5,150.0,330.0,196.875,35.90351654086271
2022-06-05,265.0,Carrots,Matale,225.0,225.0,187.5,285.0,225.625,31.64747225293044
2022-06-12,305.0,Carrots,Matale,265.0,225.0,225.0,320.0,255.0,38.29708431025355
2022-06-19,280.0,Carrots,Matale,305.0,265.0,225.0,215.0,268.75,33.50994877147186
2022-06-26,220.0,Carrots,Matale,280.0,305.0,265.0,165.0,267.5,35.707142142714275
2022-07-03,225.0,Carrots,Matale,220.0,280.0,305.0,125.0,257.5,41.73328008516307
2022-07-10,177.5,Carrots,Matale,225.0,220.0,280.0,180.0,225.625,42.05031708164241
2022-07-17,250.0,Carrots,Matale,177.5,225.0,220.0,145.0,218.125,30.09533463290727
2022-07-24,240.0,Carrots,Matale,250.0,177.5,225.0,110.0,223.125,32.10497105849292
2022-07-31,195.0,Carrots,Matale,240.0,250.0,177.5,145.0,215.625,34.903139782355794
2022-08-07,231.25,Carrots,Matale,195.0,240.0,250.0,150.0,229.0625,23.96557861461589
2022-08-14,267.5,Carrots,Matale,231.25,195.0,240.0,187.5,233.4375,29.919597117385585
2022-08-21,290.0,Carrots,Matale,267.5,231.25,195.0,225.0,245.9375,41.70050709124132
2022-08-28,275.0,Carrots,Matale,290.0,267.5,231.25,225.0,265.9375,24.9452525543439
2022-09-04,260.0,Carrots,Matale,275.0,290.0,267.5,265.0,273.125,12.80868845744953
2022-09-11,245.0,Carrots,Matale,260.0,275.0,290.0,305.0,267.5,19.364916731037106
2022-09-18,285.0,Carrots,Matale,245.0,260.0,275.0,280.0,266.25,17.500000000000025
2022-09-25,285.0,Carrots,Matale,285.0,245.0,260.0,220.0,268.75,19.737865470545042
2022-10-02,342.5,Carrots,Matale,285.0,285.0,245.0,225.0,289.375,40.123507241183866
2022-10-09,240.0,Carrots,Matale,342.5,285.0,285.0,177.5,288.125,42.00074404102862
2022-10-16,292.5,Carrots,Matale,240.0,342.5,285.0,250.0,290.0,41.98213905936667
2022-10-23,275.0,Carrots,Matale,292.5,240.0,342.5,240.0,287.5,42.671223714973706
2022-10-30,275.0,Carrots,Matale,275.0,292.5,240.0,195.0,270.625,22.02035043620638
2022-11-06,257.5,Carrots,Matale,275.0,275.0,292.5,231.25,275.0,14.288690166235252
2022-11-13,240.0,Carrots,Matale,257.5,275.0,275.0,267.5,261.875,16.754974385735967
2022-11-20,365.0,Carrots,Matale,240.0,257.5,275.0,290.0,284.375,55.61680651266008
2022-11-27,335.0,Carrots,Matale,365.0,240.0,257.5,275.0,299.375,60.1517179028718
2022-12-04,310.0,Carrots,Matale,335.0,365.0,240.0,260.0,312.5,53.30728530573161
2022-12-11,285.0,Carrots,Matale,310.0,335.0,365.0,245.0,323.75,34.24787098005756
2022-12-18,260.0,Carrots,Matale,285.0,310.0,335.0,285.0,297.5,32.27486121839517
2022-12-25,255.0,Carrots,Matale,260.0,285.0,310.0,285.0,277.5,25.331140255951148
2023-01-01,200.0,Carrots,Matale,255.0,260.0,285.0,342.5,250.0,35.82364210034117
2023-01-08,170.0,Carrots,Matale,200.0,255.0,260.0,240.0,221.25,43.66062299143248
2023-01-15,140.0,Carrots,Matale,170.0,200.0,255.0,292.5,191.25,49.05354217587149
2023-01-22,130.0,Carrots,Matale,140.0,170.0,200.0,275.0,160.0,31.622776601683846
2023-01-29,120.0,Carrots,Matale,130.0,140.0,170.0,275.0,140.0,21.602468994692938
2023-02-05,105.0,Carrots,Matale,120.0,130.0,140.0,257.5,123.75,14.9303940559742
2023-02-12,110.0,Carrots,Matale,105.0,120.0,130.0,240.0,116.25,11.08677891304186
2023-02-19,105.0,Carrots,Matale,110.0,105.0,120.0,365.0,110.0,7.07106781186569
2023-02-26,145.0,Carrots,Matale,105.0,110.0,105.0,335.0,116.25,19.31105037709419
2023-03-05,100.0,Carrots,Matale,145.0,105.0,110.0,310.0,115.0,20.412414523193224
2023-03-12,105.0,Carrots,Matale,100.0,145.0,105.0,285.0,113.75,20.96624270901528
2023-03-19,85.0,Carrots,Matale,105.0,100.0,145.0,260.0,108.75,25.617376914899054
2023-03-26,80.0,Carrots,Matale,85.0,105.0,100.0,255.0,92.5,11.902380714238213
2023-04-02,120.0,Carrots,Matale,80.0,85.0,105.0,200.0,97.5,18.484227510682445
2023-04-09,90.0,Carrots,Matale,120.0,80.0,85.0,170.0,93.75,17.969882210706604
2023-04-16,107.5,Carrots,Matale,90.0,120.0,80.0,140.0,99.375,17.83897885717312
2023-04-23,125.0,Carrots,Matale,107.5,90.0,120.0,130.0,110.625,15.595806060177514
2023-04-30,130.0,Carrots,Matale,125.0,107.5,90.0,120.0,113.125,18.185960702329414
2023-05-07,130.0,Carrots,Matale,130.0,125.0,107.5,105.0,123.125,10.680004681647057
2023-05-14,135.0,Carrots,Matale,130.0,130.0,125.0,110.0,130.0,4.082482904638998
2023-05-21,200.0,Carrots,Matale,135.0,130.0,130.0,105.0,148.75,34.24787098005758
2023-05-28,260.0,Carrots,Matale,200.0,135.0,130.0,145.0,181.25,61.42407237123463
2023-06-04,275.0,Carrots,Matale,260.0,200.0,135.0,100.0,217.5,63.83572667401854
2023-06-11,300.0,Carrots,Matale,275.0,260.0,200.0,105.0,258.75,42.50000000000003
2023-06-18,300.0,Carrots,Matale,300.0,275.0,260.0,85.0,283.75,19.737865470545092
2023-06-25,300.0,Carrots,Matale,300.0,300.0,275.0,80.0,293.75,12.50000000000011
2023-07-02,385.0,Carrots,Matale,300.0,300.0,300.0,120.0,321.25,42.5
2023-07-09,375.0,Carrots,Matale,385.0,300.0,300.0,90.0,340.0,46.36809247747853
2023-07-16,375.0,Carrots,Matale,375.0,385.0,300.0,107.5,358.75,39.449334595148756
2023-07-23,385.0,Carrots,Matale,375.0,375.0,385.0,125.0,380.0,5.773502691896348
2023-07-30,425.0,Carrots,Matale,385.0,375.0,375.0,130.0,390.0,23.80476142847619
2023-08-06,405.0,Carrots,Matale,425.0,385.0,375.0,130.0,397.5,22.173557826083478
2023-08-13,420.0,Carrots,Matale,405.0,425.0,385.0,135.0,408.75,17.969882210706555
2023-08-20,400.0,Carrots,Matale,420.0,405.0,425.0,200.0,412.5,11.90238071423813
2023-08-27,290.0,Carrots,Matale,400.0,420.0,405.0,260.0,378.75,59.77387946809766
2023-09-03,285.0,Carrots,Matale,290.0,400.0,420.0,275.0,348.75,71.224410609472
2023-09-10,205.0,Carrots,Matale,285.0,290.0,400.0,300.0,295.0,80.10409893798611
2023-09-17,175.0,Carrots,Matale,205.0,285.0,290.0,300.0,238.75,57.64474535173754
2023-09-24,150.0,Carrots,Matale,175.0,205.0,285.0,300.0,203.75,58.64796103304303
2023-10-01,110.0,Carrots,Matale,150.0,175.0,205.0,385.0,160.0,40.20779360604939
2023-10-08,210.0,Carrots,Matale,110.0,150.0,175.0,375.0,161.25,42.10601698886593
2023-10-15,150.0,Carrots,Matale,210.0,110.0,150.0,375.0,155.0,41.2310562561766
2023-10-22,160.0,Carrots,Matale,150.0,210.0,110.0,385.0,157.5,41.129875597510214
2023-10-29,175.0,Carrots,Matale,160.0,150.0,210.0,425.0,173.75,26.25991876098121
2023-11-05,260.0,Carrots,Matale,175.0,160.0,150.0,405.0,186.25,50.22864388639879
2023-11-12,225.0,Carrots,Matale,260.0,175.0,160.0,420.0,205.0,46.007245806140865
2023-11-19,375.0,Carrots,Matale,225.0,260.0,175.0,400.0,258.75,84.98774421448464
2023-11-26,280.0,Carrots,Matale,375.0,225.0,260.0,290.0,285.0,64.16125518306718
2023-12-03,300.0,Carrots,Matale,280.0,375.0,225.0,285.0,295.0,62.048368229954285
2023-12-10,300.0,Carrots,Matale,300.0,280.0,375.0,205.0,313.75,41.90763653560053
2023-12-17,275.0,Carrots,Matale,300.0,300.0,280.0,175.0,288.75,13.149778198382906
2023-12-24,410.0,Carrots,Matale,275.0,300.0,300.0,150.0,321.25,60.328959325794216
2023-12-31,535.0,Carrots,Matale,410.0,275.0,300.0,110.0,380.0,118.81357947081077
2024-01-07,600.0,Carrots,Matale,535.0,410.0,275.0,210.0,455.0,143.58505028959897
2024-01-14,850.0,Carrots,Matale,600.0,535.0,410.0,150.0,598.75,185.12945920805436
2024-01-21,1650.0,Carrots,Matale,850.0,600.0,535.0,160.0,908.75,512.4837395794459
2024-01-28,950.0,Carrots,Matale,1650.0,850.0,600.0,175.0,1012.5,449.76845895045454
2024-02-04,1425.0,Carrots,Matale,950.0,1650.0,850.0,260.0,1218.75,381.540190106713
2024-02-11,700.0,Carrots,Matale,1425.0,950.0,1650.0,225.0,1181.25,433.67374449771194
2024-02-18,525.0,Carrots,Matale,700.0,1425.0,950.0,375.0,900.0,391.0456068883356
2024-02-25,400.0,Carrots,Matale,525.0,700.0,1425.0,280.0,762.5,458.4848234492974
2024-03-03,335.0,Carrots,Matale,400.0,525.0,700.0,300.0,490.0,160.67565673326712
2024-03-10,310.0,Carrots,Matale,335.0,400.0,525.0,300.0,392.5,96.13358760946505
2024-03-17,290.0,Carrots,Matale,310.0,335.0,400.0,275.0,333.75,47.84959073318555
2024-03-24,290.0,Carrots,Matale,290.0,310.0,335.0,410.0,306.25,21.36000936329438
2024-03-31,270.0,Carrots,Matale,290.0,290.0,310.0,535.0,290.0,16.329931618555253
2024-04-07,255.0,Carrots,Matale,270.0,290.0,290.0,600.0,276.25,17.017148213885807
2024-04-14,225.0,Carrots,Matale,255.0,270.0,290.0,850.0,260.0,27.386127875258744
2024-04-21,205.0,Carrots,Matale,225.0,255.0,270.0,1650.0,238.75,29.261749776799473
2024-04-28,185.0,Carrots,Matale,205.0,225.0,255.0,950.0,217.5,29.8607881119486
2024-05-05,175.0,Carrots,Matale,185.0,205.0,225.0,1425.0,197.5,22.173557826083997
2024-05-12,145.0,Carrots,Matale,175.0,185.0,205.0,700.0,177.5,25.00000000000049
2024-05-19,115.0,Carrots,Matale,145.0,175.0,185.0,525.0,155.0,31.622776601684187
2024-05-26,135.0,Carrots,Matale,115.0,145.0,175.0,400.0,142.5,25.000000000000497
2024-06-02,150.0,Carrots,Matale,135.0,115.0,145.0,335.0,136.25,15.47847968417306
2024-06-09,145.0,Carrots,Matale,150.0,135.0,115.0,310.0,136.25,15.47847968417306
2024-06-16,340.0,Carrots,Matale,145.0,150.0,135.0,290.0,192.5,98.53087502571647
2024-06-23,375.0,Carrots,Matale,340.0,145.0,150.0,290.0,252.5,122.09968604928252
2024-06-30,415.0,Carrots,Matale,375.0,340.0,145.0,270.0,318.75,119.81756966321768
2024-07-07,385.0,Carrots,Matale,415.0,375.0,340.0,255.0,378.75,30.92329219213283
2024-07-14,340.0,Carrots,Matale,385.0,415.0,375.0,225.0,378.75,30.92329219213283
2024-07-21,390.0,Carrots,Matale,340.0,385.0,415.0,205.0,382.5,31.224989991992363
2024-07-28,375.0,Carrots,Matale,390.0,340.0,385.0,185.0,372.5,22.546248764114992
2024-08-04,315.0,Carrots,Matale,375.0,390.0,340.0,175.0,355.0,33.91164991562668
2024-08-11,210.0,Carrots,Matale,315.0,375.0,390.0,145.0,322.5,81.7006731918411
2024-08-18,200.0,Carrots,Matale,210.0,315.0,375.0,115.0,275.0,84.55767262643894
2024-08-25,180.0,Carrots,Matale,200.0,210.0,315.0,135.0,226.25,60.46693311223932
2024-09-01,160.0,Carrots,Matale,180.0,200.0,210.0,150.0,187.5,22.173557826083965
2024-09-08,180.0,Carrots,Matale,160.0,180.0,200.0,145.0,180.0,16.329931618555218
2024-09-15,175.0,Carrots,Matale,180.0,160.0,180.0,340.0,173.75,9.46484724300166
2024-09-22,160.0,Carrots,Matale,175.0,180.0,160.0,375.0,168.75,10.307764064045255
2024-09-29,145.0,Carrots,Matale,160.0,175.0,180.0,415.0,165.0,15.811388300842614
2024-10-06,90.0,Carrots,Matale,145.0,160.0,175.0,385.0,142.5,37.08099243547862
2024-10-13,85.0,Carrots,Matale,90.0,145.0,160.0,340.0,120.0,38.078865529319835
2024-10-20,80.0,Carrots,Matale,85.0,90.0,145.0,390.0,100.0,30.27650354097529
2024-10-27,80.0,Carrots,Matale,80.0,85.0,90.0,375.0,83.75,4.7871355387840495
2024-11-03,80.0,Carrots,Matale,80.0,80.0,85.0,315.0,81.25,2.50000000000452
2024-11-10,80.0,Carrots,Matale,80.0,80.0,80.0,210.0,80.0,4.753820748708347e-06
2024-11-17,95.0,Carrots,Matale,80.0,80.0,80.0,200.0,83.75,7.500000000001506
2024-11-24,105.0,Carrots,Matale,95.0,80.0,80.0,180.0,90.0,12.247448713916812
2024-12-01,95.0,Carrots,Matale,105.0,95.0,80.0,160.0,93.75,10.307764064045248
2024-12-08,115.0,Carrots,Matale,95.0,105.0,95.0,180.0,102.5,9.574271077564564
2024-12-15,140.0,Carrots,Matale,115.0,95.0,105.0,175.0,113.75,19.3110503770947
2024-12-22,140.0,Carrots,Matale,140.0,115.0,95.0,160.0,122.5,21.794494717703884
2024-12-29,120.0,Carrots,Matale,140.0,140.0,115.0,145.0,128.75,13.149778198383778
2025-01-05,152.5,Carrots,Matale,120.0,140.0,140.0,90.0,138.125,13.443554837418905
2025-01-12,185.0,Carrots,Matale,152.5,120.0,140.0,85.0,149.375,27.262229671593065
2025-01-19,185.0,Carrots,Matale,185.0,152.5,120.0,80.0,160.625,31.11638100208135
2025-01-26,205.0,Carrots,Matale,185.0,185.0,152.5,80.0,181.875,21.73466892624215
2025-02-02,250.0,Carrots,Matale,205.0,185.0,185.0,80.0,206.25,30.652623596249576
2025-02-09,365.0,Carrots,Matale,250.0,205.0,185.0,80.0,251.25,80.55795015598
2025-02-16,540.0,Carrots,Matale,365.0,250.0,205.0,95.0,340.0,149.38763893531046
2025-02-23,540.0,Carrots,Matale,540.0,365.0,250.0,105.0,423.75,142.20730173470943
2025-03-02,750.0,Carrots,Matale,540.0,540.0,365.0,95.0,548.75,157.50000000000006
2025-03-09,675.0,Carrots,Matale,750.0,540.0,540.0,115.0,626.25,104.19332992087362
2025-03-16,650.0,Carrots,Matale,675.0,750.0,540.0,140.0,653.75,86.92669325356866
2025-03-23,600.0,Carrots,Matale,650.0,675.0,750.0,140.0,668.75,62.50000000000016
2025-03-30,600.0,Carrots,Matale,600.0,650.0,675.0,120.0,631.25,37.50000000000025
2025-04-06,525.0,Carrots,Matale,600.0,600.0,650.0,152.5,593.75,51.53882032022092
2025-04-13,340.0,Carrots,Matale,525.0,600.0,600.0,185.0,516.25,122.70391191808034
2025-04-20,320.0,Carrots,Matale,340.0,525.0,600.0,185.0,446.25,137.92358995714505
2025-04-27,300.0,Carrots,Matale,320.0,340.0,525.0,205.0,371.25,103.7926619114602
2025-05-04,425.0,Carrots,Matale,300.0,320.0,340.0,250.0,346.25,54.98105734402242
2025-05-11,725.0,Carrots,Matale,425.0,300.0,320.0,365.0,442.5,196.15045245933035
2025-05-18,800.0,Carrots,Matale,725.0,425.0,300.0,540.0,562.5,238.48480035423646
2025-05-25,750.0,Carrots,Matale,800.0,725.0,425.0,540.0,675.0,169.55824957813175
2025-06-01,575.0,Carrots,Matale,750.0,800.0,725.0,750.0,712.5,96.82458365518552
2025-06-08,500.0,Carrots,Matale,575.0,750.0,800.0,675.0,656.25,141.97270864500692
2025-06-15,600.0,Carrots,Matale,500.0,575.0,750.0,650.0,606.25,104.83121354507614
2025-06-22,500.0,Carrots,Matale,600.0,500.0,575.0,600.0,543.75,51.53882032022099
2025-06-29,325.0,Carrots,Matale,500.0,600.0,500.0,600.0,481.25,114.33685611676881
2025-07-06,195.0,Carrots,Matale,325.0,500.0,600.0,525.0,405.0,180.32378286478658
2025-07-13,300.0,Carrots,Matale,195.0,325.0,500.0,340.0,330.0,126.55697004379765
2025-07-20,275.0,Carrots,Matale,300.0,195.0,325.0,320.0,273.75,56.32864872040421
2025-07-27,265.0,Carrots,Matale,275.0,300.0,195.0,300.0,258.75,44.97684589504577
2025-08-03,245.0,Carrots,Matale,265.0,275.0,300.0,425.0,271.25,22.86737122335437
2025-08-10,300.0,Carrots,Matale,245.0,265.0,275.0,725.0,271.25,22.86737122335437
2025-08-17,535.0,Carrots,Matale,300.0,245.0,265.0,800.0,336.25,134.43554837418077
2025-08-24,340.0,Carrots,Matale,535.0,300.0,245.0,750.0,355.0,126.16127245183719
2025-08-31,265.0,Carrots,Matale,340.0,535.0,300.0,575.0,360.0,120.6233808181483
2025-09-07,240.0,Carrots,Matale,265.0,340.0,535.0,500.0,345.0,133.60389215887398
2025-09-14,225.0,Carrots,Matale,240.0,265.0,340.0,600.0,267.5,51.07184482014885
2025-09-21,170.0,Carrots,Matale,225.0,240.0,265.0,500.0,225.0,40.20779360604978
2025-09-28,105.0,Carrots,Matale,170.0,225.0,240.0,325.0,185.0,61.237243569579704
2025-10-05,135.0,Carrots,Matale,105.0,170.0,225.0,195.0,158.75,51.53882032022105
2025-10-12,135.0,Carrots,Matale,135.0,105.0,170.0,300.0,136.25,26.575364531837185
2025-10-19,100.0,Carrots,Matale,135.0,135.0,105.0,275.0,118.75,18.874586088177665
2025-10-26,120.0,Carrots,Matale,100.0,135.0,135.0,265.0,122.5,16.5831239517779
2025-11-02,120.0,Carrots,Matale,120.0,100.0,135.0,245.0,118.75,14.361406616346112
2025-11-09,150.0,Carrots,Matale,120.0,120.0,100.0,300.0,122.5,20.61552812808903
2025-11-16,145.0,Carrots,Matale,150.0,120.0,120.0,535.0,133.75,16.007810593583056
2025-11-23,110.0,Carrots,Matale,145.0,150.0,120.0,340.0,131.25,19.311050377094887
2025-11-30,242.5,Carrots,Matale,110.0,145.0,150.0,265.0,161.875,56.61915900705959
2025-12-07,375.0,Carrots,Matale,242.5,110.0,145.0,240.0,218.125,118.6622482791671
2021-01-10,120.0,Leeks,Kandy,,,,,,
2021-01-17,98.33333333333333,Leeks,Kandy,120.0,,,,,
2021-01-24,76.66666666666666,Leeks,Kandy,98.33333333333333,120.0,,,,
2021-01-31,55.0,Leeks,Kandy,76.66666666666666,98.33333333333333,120.0,,87.5,27.971546389275787
2021-02-07,157.5,Leeks,Kandy,55.0,76.66666666666666,98.33333333333333,,96.875,44.1188157978816
2021-02-14,260.0,Leeks,Kandy,157.5,55.0,76.66666666666666,,137.29166666666669,92.93908548673755
2021-02-21,85.0,Leeks,Kandy,260.0,157.5,55.0,,139.375,91.20432646901497
2021-02-28,85.0,Leeks,Kandy,85.0,260.0,157.5,,146.875,82.79933071388118
2021-03-07,88.33333333333333,Leeks,Kandy,85.0,85.0,260.0,,129.58333333333334,86.95864278814128
2021-03-14,91.66666666666667,Leeks,Kandy,88.33333333333333,85.0,85.0,,87.5,3.191423692521389
2021-03-21,95.0,Leeks,Kandy,91.66666666666667,88.33333333333333,85.0,,90.0,4.3033148291195475
2021-03-28,75.0,Leeks,Kandy,95.0,91.66666666666667,88.33333333333333,,87.5,8.766518798922041
2021-04-04,85.0,Leeks,Kandy,75.0,95.0,91.66666666666667,,86.66666666666667,8.819171036882066
2021-04-11,195.0,Leeks,Kandy,85.0,75.0,95.0,120.0,112.5,55.602757725374275
2021-04-18,135.0,Leeks,Kandy,195.0,85.0,75.0,98.33333333333333,122.5,55.000000000000014
2021-04-25,75.0,Leeks,Kandy,135.0,195.0,85.0,76.66666666666666,122.5,55.000000000000014
2021-05-02,55.0,Leeks,Kandy,75.0,135.0,195.0,55.0,115.0,63.2455532033676
2021-05-09,205.0,Leeks,Kandy,55.0,75.0,135.0,157.5,117.5,67.515430335097
2021-05-16,45.0,Leeks,Kandy,205.0,55.0,75.0,260.0,95.0,74.38637868140466
2021-05-23,65.0,Leeks,Kandy,45.0,205.0,55.0,85.0,92.5,75.44313531837517
2021-05-30,65.0,Leeks,Kandy,65.0,45.0,205.0,85.0,95.0,73.93691004272945
2021-06-06,65.0,Leeks,Kandy,65.0,65.0,45.0,88.33333333333333,60.0,10.00000000000008
2021-06-13,81.0,Leeks,Kandy,65.0,65.0,65.0,91.66666666666667,69.0,8.0
2021-06-20,97.0,Leeks,Kandy,81.0,65.0,65.0,95.0,77.0,15.318833724101411
2021-06-27,113.0,Leeks,Kandy,97.0,81.0,65.0,75.0,89.0,20.655911179772893
2021-07-04,129.0,Leeks,Kandy,113.0,97.0,81.0,85.0,105.0,20.655911179772893
2021-07-11,145.0,Leeks,Kandy,129.0,113.0,97.0,195.0,121.0,20.655911179772893
2021-07-18,115.0,Leeks,Kandy,145.0,129.0,113.0,135.0,125.5,14.821156050277143
2021-07-25,135.0,Leeks,Kandy,115.0,145.0,129.0,75.0,131.0,12.543258481484525
2021-08-01,175.0,Leeks,Kandy,135.0,115.0,145.0,55.0,142.5,25.000000000000007
2021-08-08,115.0,Leeks,Kandy,175.0,135.0,115.0,205.0,135.0,28.284271247461906
2021-08-15,145.0,Leeks,Kandy,115.0,175.0,135.0,45.0,142.5,25.000000000000007
2021-08-22,175.0,Leeks,Kandy,145.0,115.0,175.0,65.0,152.5,28.72281323269015
2021-08-29,170.0,Leeks,Kandy,175.0,145.0,115.0,65.0,151.25,27.500000000000007
2021-09-05,165.0,Leeks,Kandy,170.0,175.0,145.0,65.0,163.75,13.149778198382924
2021-09-12,160.0,Leeks,Kandy,165.0,170.0,175.0,81.0,167.5,6.454972243679043
2021-09-19,175.0,Leeks,Kandy,160.0,165.0,170.0,97.0,167.5,6.454972243679043
2021-09-26,175.0,Leeks,Kandy,175.0,160.0,165.0,113.0,168.75,7.500000000000013
2021-10-03,135.0,Leeks,Kandy,175.0,175.0,160.0,129.0,161.25,18.87458608817688
2021-10-10,130.0,Leeks,Kandy,135.0,175.0,175.0,145.0,153.75,24.622144504490265
2021-10-17,125.0,Leeks,Kandy,130.0,135.0,175.0,115.0,141.25,22.86737122335374
2021-10-24,165.0,Leeks,Kandy,125.0,130.0,135.0,135.0,138.75,17.969882210706523
2021-10-31,195.0,Leeks,Kandy,165.0,125.0,130.0,175.0,153.75,32.75540667838924
2021-11-07,200.0,Leeks,Kandy,195.0,165.0,125.0,115.0,171.25,34.490336810958134
2021-11-14,205.0,Leeks,Kandy,200.0,195.0,165.0,145.0,191.25,17.969882210706533
2021-11-21,205.0,Leeks,Kandy,205.0,200.0,195.0,175.0,201.25,4.7871355387817385
2021-11-28,335.0,Leeks,Kandy,205.0,205.0,200.0,170.0,236.25,65.8755139132389
2021-12-05,270.0,Leeks,Kandy,335.0,205.0,205.0,165.0,253.75,62.23276200416198
2021-12-12,205.0,Leeks,Kandy,270.0,335.0,205.0,160.0,253.75,62.23276200416198
2021-12-19,270.0,Leeks,Kandy,205.0,270.0,335.0,175.0,270.0,53.07227776030219
2021-12-26,270.0,Leeks,Kandy,270.0,205.0,270.0,175.0,253.75,32.5
2022-01-02,270.0,Leeks,Kandy,270.0,270.0,205.0,135.0,253.75,32.5
2022-01-09,160.0,Leeks,Kandy,270.0,270.0,270.0,130.0,242.5,55.0
2022-01-16,280.0,Leeks,Kandy,160.0,270.0,270.0,125.0,245.0,56.86240703077327
2022-01-23,205.0,Leeks,Kandy,280.0,160.0,270.0,165.0,228.75,56.62375826453062
2022-01-30,190.0,Leeks,Kandy,205.0,280.0,160.0,195.0,208.75,51.051444641655344
2022-02-06,190.0,Leeks,Kandy,190.0,205.0,280.0,200.0,216.25,43.084219849035215
2022-02-13,150.0,Leeks,Kandy,190.0,190.0,205.0,205.0,183.75,23.58495283014151
2022-02-20,110.0,Leeks,Kandy,150.0,190.0,190.0,205.0,160.0,38.297084310253524
2022-02-27,95.0,Leeks,Kandy,110.0,150.0,190.0,335.0,136.25,42.69562819149833
2022-03-06,130.0,Leeks,Kandy,95.0,110.0,150.0,270.0,121.25,23.935677693908453
2022-03-13,210.0,Leeks,Kandy,130.0,95.0,110.0,205.0,136.25,51.214418542698176
2022-03-20,85.0,Leeks,Kandy,210.0,130.0,95.0,270.0,130.0,56.71566509057852
2022-03-27,85.0,Leeks,Kandy,85.0,210.0,130.0,270.0,127.5,58.94913061275798
2022-04-03,85.0,Leeks,Kandy,85.0,85.0,210.0,270.0,116.25,62.5
2022-04-10,115.0,Leeks,Kandy,85.0,85.0,85.0,160.0,92.5,15.0
2022-04-17,112.5,Leeks,Kandy,115.0,85.0,85.0,280.0,99.375,16.63016836956259
2022-04-24,110.0,Leeks,Kandy,112.5,115.0,85.0,205.0,105.625,13.900689431343562
2022-05-01,112.5,Leeks,Kandy,110.0,112.5,115.0,190.0,112.5,2.0412414523192965
2022-05-08,75.0,Leeks,Kandy,112.5,110.0,112.5,190.0,102.5,18.371173070873834
2022-05-15,97.5,Leeks,Kandy,75.0,112.5,110.0,150.0,98.75,17.13913650100261
2022-05-22,120.0,Leeks,Kandy,97.5,75.0,112.5,110.0,101.25,19.84313483298443
2022-05-29,140.0,Leeks,Kandy,120.0,97.5,75.0,95.0,108.125,28.09025631780529
2022-06-05,200.0,Leeks,Kandy,140.0,120.0,97.5,130.0,139.375,43.98745086195986
2022-06-12,260.0,Leeks,Kandy,200.0,140.0,120.0,210.0,180.0,63.245553203367585
2022-06-19,185.0,Leeks,Kandy,260.0,200.0,140.0,85.0,196.25,49.56056900399752
2022-06-26,150.0,Leeks,Kandy,185.0,260.0,200.0,85.0,198.75,45.89389937671454
2022-07-03,175.0,Leeks,Kandy,150.0,185.0,260.0,85.0,192.5,47.3462423711393
2022-07-10,135.0,Leeks,Kandy,175.0,150.0,185.0,115.0,161.25,22.867371223353725
2022-07-17,195.0,Leeks,Kandy,135.0,175.0,150.0,112.5,163.75,26.575364531836613
2022-07-24,165.0,Leeks,Kandy,195.0,135.0,175.0,110.0,167.5,24.999999999999986
2022-07-31,125.0,Leeks,Kandy,165.0,195.0,135.0,112.5,155.0,31.622776601683785
2022-08-07,186.25,Leeks,Kandy,125.0,165.0,195.0,75.0,167.8125,31.19787319139986
2022-08-14,247.5,Leeks,Kandy,186.25,125.0,165.0,97.5,180.9375,51.12662996586677
2022-08-21,190.0,Leeks,Kandy,247.5,186.25,125.0,120.0,187.1875,50.04555216666778
2022-08-28,145.0,Leeks,Kandy,190.0,247.5,186.25,140.0,192.1875,42.13538447670793
2022-09-04,162.5,Leeks,Kandy,145.0,190.0,247.5,200.0,186.25,44.83767017438201
2022-09-11,180.0,Leeks,Kandy,162.5,145.0,190.0,260.0,169.375,19.830006723817977
2022-09-18,225.0,Leeks,Kandy,180.0,162.5,145.0,185.0,178.125,34.361739866698635
2022-09-25,215.0,Leeks,Kandy,225.0,180.0,162.5,150.0,195.625,29.323980516521505
2022-10-02,177.5,Leeks,Kandy,215.0,225.0,180.0,175.0,199.375,24.184619768219076
2022-10-09,85.0,Leeks,Kandy,177.5,215.0,225.0,135.0,175.625,63.78267136665465
2022-10-16,220.0,Leeks,Kandy,85.0,177.5,215.0,195.0,174.375,62.529159864285184
2022-10-23,190.0,Leeks,Kandy,220.0,85.0,177.5,165.0,168.125,58.21565511097509
2022-10-30,190.0,Leeks,Kandy,190.0,220.0,85.0,125.0,171.25,59.21359641163506
2022-11-06,150.0,Leeks,Kandy,190.0,190.0,220.0,186.25,187.5,28.722813232690154
2022-11-13,110.0,Leeks,Kandy,150.0,190.0,190.0,247.5,160.0,38.29708431025353
2022-11-20,230.0,Leeks,Kandy,110.0,150.0,190.0,190.0,170.0,51.63977794943223
2022-11-27,215.0,Leeks,Kandy,230.0,110.0,150.0,145.0,176.25,56.18051263561058
2022-12-04,246.66666666666666,Leeks,Kandy,215.0,230.0,110.0,162.5,200.41666666666666,61.6497724606056
2022-12-11,278.3333333333333,Leeks,Kandy,246.66666666666666,215.0,230.0,180.0,242.5,27.16547372977255
2022-12-18,310.0,Leeks,Kandy,278.3333333333333,246.66666666666666,215.0,225.0,262.5,40.88149087663385
2022-12-25,330.0,Leeks,Kandy,310.0,278.3333333333333,246.66666666666666,215.0,291.25,36.5496871344972
2023-01-01,390.0,Leeks,Kandy,330.0,310.0,278.3333333333333,177.5,327.08333333333337,47.02983686507489
2023-01-08,297.5,Leeks,Kandy,390.0,330.0,310.0,85.0,331.875,40.99669702142683
2023-01-15,205.0,Leeks,Kandy,297.5,390.0,330.0,220.0,305.625,77.25431487410052
2023-01-22,270.0,Leeks,Kandy,205.0,297.5,390.0,190.0,290.625,76.76737045559571
2023-01-29,240.0,Leeks,Kandy,270.0,205.0,297.5,190.0,253.125,39.758384859884195
2023-02-05,180.0,Leeks,Kandy,240.0,270.0,205.0,150.0,223.75,39.449334595148784
2023-02-12,175.0,Leeks,Kandy,180.0,240.0,270.0,110.0,216.25,46.435439052516806
2023-02-19,190.0,Leeks,Kandy,175.0,180.0,240.0,230.0,196.25,29.82588361362218
2023-02-26,170.0,Leeks,Kandy,190.0,175.0,180.0,215.0,178.75,8.53912563829982
2023-03-05,155.0,Leeks,Kandy,170.0,190.0,175.0,246.66666666666666,172.5,14.43375672974074
2023-03-12,155.0,Leeks,Kandy,155.0,170.0,190.0,278.3333333333333,167.5,16.58312395177708
2023-03-19,155.0,Leeks,Kandy,155.0,155.0,170.0,310.0,158.75,7.500000000000177
2023-03-26,155.0,Leeks,Kandy,155.0,155.0,155.0,330.0,155.0,0.0
2023-04-02,205.0,Leeks,Kandy,155.0,155.0,155.0,390.0,167.5,25.0
2023-04-09,175.0,Leeks,Kandy,205.0,155.0,155.0,297.5,172.5,23.629078131263043
2023-04-16,200.0,Leeks,Kandy,175.0,205.0,155.0,205.0,183.75,23.22893310794392
2023-04-23,225.0,Leeks,Kandy,200.0,175.0,205.0,270.0,201.25,20.564937798755103
2023-04-30,215.0,Leeks,Kandy,225.0,200.0,175.0,240.0,203.75,21.746647251166472
2023-05-07,185.0,Leeks,Kandy,215.0,225.0,200.0,180.0,206.25,17.49999999999999
2023-05-14,220.0,Leeks,Kandy,185.0,215.0,225.0,175.0,211.25,17.96988221070651
2023-05-21,285.0,Leeks,Kandy,220.0,185.0,215.0,190.0,226.25,42.10601698886593
2023-05-28,270.0,Leeks,Kandy,285.0,220.0,185.0,170.0,240.0,46.007245806140865
2023-06-04,275.0,Leeks,Kandy,270.0,285.0,220.0,155.0,262.5,29.01149197588202
2023-06-11,275.0,Leeks,Kandy,275.0,270.0,285.0,155.0,276.25,6.291528696058955
2023-06-18,245.0,Leeks,Kandy,275.0,275.0,270.0,155.0,266.25,14.361406616345064
2023-06-25,195.0,Leeks,Kandy,245.0,275.0,275.0,155.0,247.5,37.749172176353746
2023-07-02,205.0,Leeks,Kandy,195.0,245.0,275.0,205.0,230.0,36.968455021364726
2023-07-09,175.0,Leeks,Kandy,205.0,195.0,245.0,175.0,205.0,29.43920288775949
2023-07-16,140.0,Leeks,Kandy,175.0,205.0,195.0,200.0,178.75,28.686524130097506
2023-07-23,145.0,Leeks,Kandy,140.0,175.0,205.0,225.0,166.25,30.103986446980738
2023-07-30,115.0,Leeks,Kandy,145.0,140.0,175.0,215.0,143.75,24.622144504490265
2023-08-06,130.0,Leeks,Kandy,115.0,145.0,140.0,185.0,132.5,13.22875655532296
2023-08-13,110.0,Leeks,Kandy,130.0,115.0,145.0,220.0,125.0,15.811388300841903
2023-08-20,125.0,Leeks,Kandy,110.0,130.0,115.0,285.0,120.0,9.128709291752777
2023-08-27,95.0,Leeks,Kandy,125.0,110.0,130.0,270.0,115.0,15.811388300841903
2023-09-03,85.0,Leeks,Kandy,95.0,125.0,110.0,275.0,103.75,17.500000000000004
2023-09-10,65.0,Leeks,Kandy,85.0,95.0,125.0,275.0,92.5,25.000000000000007
2023-09-17,75.0,Leeks,Kandy,65.0,85.0,95.0,245.0,80.0,12.90994448735807
2023-09-24,65.0,Leeks,Kandy,75.0,65.0,85.0,195.0,72.5,9.574271077563399
2023-10-01,45.0,Leeks,Kandy,65.0,75.0,65.0,205.0,62.5,12.583057392117928
2023-10-08,75.0,Leeks,Kandy,45.0,65.0,75.0,175.0,65.0,14.142135623730962
2023-10-15,65.0,Leeks,Kandy,75.0,45.0,65.0,140.0,62.5,12.583057392117928
2023-10-22,55.0,Leeks,Kandy,65.0,75.0,45.0,145.0,60.0,12.909944487358066
2023-10-29,75.0,Leeks,Kandy,55.0,65.0,75.0,115.0,67.5,9.574271077563397
2023-11-05,110.0,Leeks,Kandy,75.0,55.0,65.0,130.0,76.25,23.93567769390846
2023-11-12,100.0,Leeks,Kandy,110.0,75.0,55.0,110.0,85.0,24.832774042918906
2023-11-19,155.0,Leeks,Kandy,100.0,110.0,75.0,125.0,110.0,33.4165627596057
2023-11-26,145.0,Leeks,Kandy,155.0,100.0,110.0,95.0,127.5,26.61453237111886
2023-12-03,210.0,Leeks,Kandy,145.0,155.0,100.0,85.0,152.5,45.1848057057532
2023-12-10,210.0,Leeks,Kandy,210.0,145.0,155.0,65.0,180.0,34.88074922742725
2023-12-17,240.0,Leeks,Kandy,210.0,210.0,145.0,75.0,201.25,40.078048854703496
2023-12-24,230.0,Leeks,Kandy,240.0,210.0,210.0,65.0,222.5,15.0
2023-12-31,310.0,Leeks,Kandy,230.0,240.0,210.0,45.0,247.5,43.493294502332965
2024-01-07,315.0,Leeks,Kandy,310.0,230.0,240.0,75.0,273.75,44.97684589504545
2024-01-14,290.0,Leeks,Kandy,315.0,310.0,230.0,65.0,286.25,39.02456491322699
2024-01-21,540.0,Leeks,Kandy,290.0,315.0,310.0,55.0,363.75,117.9954095152293
2024-01-28,360.0,Leeks,Kandy,540.0,290.0,315.0,75.0,376.25,112.94356998076518
2024-02-04,490.0,Leeks,Kandy,360.0,540.0,290.0,110.0,420.0,115.18101695447331
2024-02-11,490.0,Leeks,Kandy,490.0,360.0,540.0,100.0,470.0,77.02813338860895
2024-02-18,340.0,Leeks,Kandy,490.0,490.0,360.0,155.0,420.0,81.24038404635961
2024-02-25,245.0,Leeks,Kandy,340.0,490.0,490.0,145.0,391.25,120.44189470445905
2024-03-03,235.0,Leeks,Kandy,245.0,340.0,490.0,210.0,327.5,118.21590417536889
2024-03-10,210.0,Leeks,Kandy,235.0,245.0,340.0,210.0,257.5,56.93563617512907
2024-03-17,190.0,Leeks,Kandy,210.0,235.0,245.0,240.0,220.0,24.832774042918874
2024-03-24,205.0,Leeks,Kandy,190.0,210.0,235.0,230.0,210.0,18.708286933869672
2024-03-31,175.0,Leeks,Kandy,205.0,190.0,210.0,310.0,195.0,15.81138830084185
2024-04-07,140.0,Leeks,Kandy,175.0,205.0,190.0,315.0,177.5,27.838821814150084
2024-04-14,135.0,Leeks,Kandy,140.0,175.0,205.0,290.0,163.75,32.75540667838922
2024-04-21,135.0,Leeks,Kandy,135.0,140.0,175.0,540.0,146.25,19.31105037709408
2024-04-28,135.0,Leeks,Kandy,135.0,135.0,140.0,360.0,136.25,2.4999999999997313
2024-05-05,140.0,Leeks,Kandy,135.0,135.0,135.0,490.0,136.25,2.5
2024-05-12,130.0,Leeks,Kandy,140.0,135.0,135.0,490.0,135.0,4.082482904638629
2024-05-19,210.0,Leeks,Kandy,130.0,140.0,135.0,340.0,153.75,37.721567659187585
2024-05-26,190.0,Leeks,Kandy,210.0,130.0,140.0,245.0,167.5,38.622100754188224
2024-06-02,250.0,Leeks,Kandy,190.0,210.0,130.0,235.0,195.0,50.00000000000001
2024-06-09,340.0,Leeks,Kandy,250.0,190.0,210.0,210.0,247.5,66.52067347825036
2024-06-16,490.0,Leeks,Kandy,340.0,250.0,190.0,190.0,317.5,130.47988350699887
2024-06-23,545.0,Leeks,Kandy,490.0,340.0,250.0,205.0,406.25,135.4852390483923
2024-06-30,540.0,Leeks,Kandy,545.0,490.0,340.0,175.0,478.75,95.77534477445992
2024-07-07,315.0,Leeks,Kandy,540.0,545.0,490.0,140.0,472.5,107.89655539759676
2024-07-14,365.0,Leeks,Kandy,315.0,540.0,545.0,135.0,441.25,118.6995506871586
2024-07-21,365.0,Leeks,Kandy,365.0,315.0,540.0,135.0,396.25,98.6893273527251
2024-07-28,415.0,Leeks,Kandy,365.0,365.0,315.0,135.0,365.0,40.82482904638629
2024-08-04,365.0,Leeks,Kandy,415.0,365.0,365.0,140.0,377.5,24.999999999999982
2024-08-11,310.0,Leeks,Kandy,365.0,415.0,365.0,130.0,363.75,42.890364108192564
2024-08-18,245.0,Leeks,Kandy,310.0,365.0,415.0,210.0,333.75,73.07245262979293
2024-08-25,230.0,Leeks,Kandy,245.0,310.0,365.0,190.0,287.5,62.24949798994366
2024-09-01,225.0,Leeks,Kandy,230.0,245.0,310.0,250.0,252.5,39.264063297965826
2024-09-08,190.0,Leeks,Kandy,225.0,230.0,245.0,340.0,222.5,23.273733406281586
2024-09-15,205.0,Leeks,Kandy,190.0,225.0,230.0,490.0,212.5,18.484227510682384
2024-09-22,210.0,Leeks,Kandy,205.0,190.0,225.0,545.0,207.5,14.433756729740672
2024-09-29,260.0,Leeks,Kandy,210.0,205.0,190.0,540.0,216.25,30.379543555930322
2024-10-06,170.0,Leeks,Kandy,260.0,210.0,205.0,315.0,211.25,37.05289012569286
2024-10-13,140.0,Leeks,Kandy,170.0,260.0,210.0,365.0,195.0,51.961524227066334
2024-10-20,125.0,Leeks,Kandy,140.0,170.0,260.0,365.0,173.75,60.46693311223913
2024-10-27,190.0,Leeks,Kandy,125.0,140.0,170.0,415.0,156.25,29.261749776799086
2024-11-03,170.0,Leeks,Kandy,190.0,125.0,140.0,365.0,156.25,29.261749776799086
2024-11-10,140.0,Leeks,Kandy,170.0,190.0,125.0,310.0,156.25,29.261749776799086
2024-11-17,145.0,Leeks,Kandy,140.0,170.0,190.0,245.0,161.25,23.228933107943952
2024-11-24,125.0,Leeks,Kandy,145.0,140.0,170.0,230.0,145.0,18.708286933869736
2024-12-01,110.0,Leeks,Kandy,125.0,145.0,140.0,225.0,130.0,15.811388300841925
2024-12-08,140.0,Leeks,Kandy,110.0,125.0,145.0,190.0,130.0,15.811388300841925
2024-12-15,235.0,Leeks,Kandy,140.0,110.0,125.0,205.0,152.5,56.347138347923234
2024-12-22,265.0,Leeks,Kandy,235.0,140.0,110.0,210.0,187.5,74.2181469273744
2024-12-29,210.0,Leeks,Kandy,265.0,235.0,140.0,260.0,212.5,53.30728530573161
2025-01-05,210.0,Leeks,Kandy,210.0,265.0,235.0,170.0,230.0,26.140645235596917
2025-01-12,210.0,Leeks,Kandy,210.0,210.0,265.0,140.0,223.75,27.500000000000043
2025-01-19,250.0,Leeks,Kandy,210.0,210.0,210.0,125.0,220.0,20.0
2025-01-26,215.0,Leeks,Kandy,250.0,210.0,210.0,190.0,221.25,19.311050377094112
2025-02-02,210.0,Leeks,Kandy,215.0,250.0,210.0,170.0,221.25,19.311050377094112
2025-02-09,270.0,Leeks,Kandy,210.0,215.0,250.0,140.0,236.25,28.68652413009751
2025-02-16,230.0,Leeks,Kandy,270.0,210.0,215.0,145.0,231.25,27.195281453467867
2025-02-23,260.0,Leeks,Kandy,230.0,270.0,210.0,125.0,242.5,27.537852736430512
2025-03-02,210.0,Leeks,Kandy,260.0,230.0,270.0,110.0,242.5,27.537852736430512
2025-03-09,190.0,Leeks,Kandy,210.0,260.0,230.0,140.0,222.5,29.8607881119482
2025-03-16,210.0,Leeks,Kandy,190.0,210.0,260.0,235.0,217.5,29.8607881119482
2025-03-23,160.0,Leeks,Kandy,210.0,190.0,210.0,265.0,192.5,23.629078131263054
2025-03-30,160.0,Leeks,Kandy,160.0,210.0,190.0,210.0,180.0,24.49489742783179
2025-04-06,130.0,Leeks,Kandy,160.0,160.0,210.0,210.0,165.0,33.166247903554
2025-04-13,110.0,Leeks,Kandy,130.0,160.0,160.0,210.0,140.0,24.494897427831788
2025-04-20,120.0,Leeks,Kandy,110.0,130.0,160.0,250.0,130.0,21.602468994692877
2025-04-27,130.0,Leeks,Kandy,120.0,110.0,130.0,215.0,122.5,9.574271077563406
2025-05-04,140.0,Leeks,Kandy,130.0,120.0,110.0,210.0,125.0,12.909944487358073
2025-05-11,140.0,Leeks,Kandy,140.0,130.0,120.0,270.0,132.5,9.574271077563406
2025-05-18,190.0,Leeks,Kandy,140.0,140.0,130.0,230.0,150.0,27.080128015453216
2025-05-25,190.0,Leeks,Kandy,190.0,140.0,140.0,260.0,165.0,28.867513459481305
2025-06-01,200.0,Leeks,Kandy,190.0,190.0,140.0,210.0,180.0,27.080128015453216
2025-06-08,265.0,Leeks,Kandy,200.0,190.0,190.0,190.0,211.25,36.14208073700241
2025-06-15,310.0,Leeks,Kandy,265.0,200.0,190.0,210.0,241.25,56.62375826453062
2025-06-22,235.0,Leeks,Kandy,310.0,265.0,200.0,160.0,252.5,46.63689526544408
2025-06-29,210.0,Leeks,Kandy,235.0,310.0,265.0,160.0,255.0,43.01162633521314
2025-07-06,160.0,Leeks,Kandy,210.0,235.0,310.0,130.0,228.75,62.5
2025-07-13,155.0,Leeks,Kandy,160.0,210.0,235.0,110.0,190.0,38.94440481849307
2025-07-20,155.0,Leeks,Kandy,155.0,160.0,210.0,120.0,170.0,26.77063067368168
2025-07-27,155.0,Leeks,Kandy,155.0,155.0,160.0,130.0,156.25,2.4999999999998983
2025-08-03,130.0,Leeks,Kandy,155.0,155.0,155.0,140.0,148.75,12.5
2025-08-10,125.0,Leeks,Kandy,130.0,155.0,155.0,140.0,141.25,16.00781059358212
2025-08-17,130.0,Leeks,Kandy,125.0,130.0,155.0,190.0,135.0,13.540064007726595
2025-08-24,95.0,Leeks,Kandy,130.0,125.0,130.0,190.0,120.0,16.832508230603462
2025-08-31,145.0,Leeks,Kandy,95.0,130.0,125.0,200.0,123.75,20.966242709015205
2025-09-07,105.0,Leeks,Kandy,145.0,95.0,130.0,265.0,118.75,22.86737122335374
2025-09-14,135.0,Leeks,Kandy,105.0,145.0,95.0,310.0,120.0,23.804761428476166
2025-09-21,95.0,Leeks,Kandy,135.0,105.0,145.0,235.0,120.0,23.804761428476166
2025-09-28,95.0,Leeks,Kandy,95.0,135.0,105.0,210.0,107.5,18.929694486000916
2025-10-05,85.0,Leeks,Kandy,95.0,95.0,135.0,160.0,102.5,22.173557826083453
2025-10-12,155.0,Leeks,Kandy,85.0,95.0,95.0,155.0,107.5,32.01562118716424
2025-10-19,105.0,Leeks,Kandy,155.0,85.0,95.0,155.0,110.0,31.09126351029605
2025-10-26,95.0,Leeks,Kandy,105.0,155.0,85.0,155.0,110.0,31.09126351029605
2025-11-02,95.0,Leeks,Kandy,95.0,105.0,155.0,130.0,112.5,28.722813232690143
2025-11-09,140.0,Leeks,Kandy,95.0,95.0,105.0,125.0,108.75,21.360009363293827
2025-11-16,125.0,Leeks,Kandy,140.0,95.0,95.0,130.0,113.75,22.5
2025-11-23,110.0,Leeks,Kandy,125.0,140.0,95.0,95.0,117.5,19.364916731037084
2025-11-30,237.5,Leeks,Kandy,110.0,125.0,140.0,145.0,153.125,57.567894698347274
2025-12-07,365.0,Leeks,Kandy,237.5,110.0,125.0,105.0,209.375,118.32819824538866
2021-01-10,117.5,Leeks,Matale,,,,,,
2021-01-17,140.0,Leeks,Matale,117.5,,,,,
2021-01-24,162.5,Leeks,Matale,140.0,117.5,,,,
2021-01-31,185.0,Leeks,Matale,162.5,140.0,117.5,,151.25,29.047375096555626
2021-02-07,207.5,Leeks,Matale,185.0,162.5,140.0,,173.75,29.047375096555626
2021-02-14,230.0,Leeks,Matale,207.5,185.0,162.5,,196.25,29.047375096555626
2021-02-21,95.0,Leeks,Matale,230.0,207.5,185.0,,179.375,59.174001892723126
2021-02-28,95.0,Leeks,Matale,95.0,230.0,207.5,,156.875,72.03514767111955
2021-03-07,88.33333333333333,Leeks,Matale,95.0,95.0,230.0,,127.08333333333333,68.68304820777185
2021-03-14,81.66666666666667,Leeks,Matale,88.33333333333333,95.0,95.0,,90.0,6.382847385042249
2021-03-21,75.0,Leeks,Matale,81.66666666666667,88.33333333333333,95.0,,85.0,8.606629658238699
2021-03-28,75.0,Leeks,Matale,75.0,81.66666666666667,88.33333333333333,,80.0,6.382847385042249
2021-04-04,85.0,Leeks,Matale,75.0,75.0,81.66666666666667,,79.16666666666667,4.999999999999996
2021-04-11,170.0,Leeks,Matale,85.0,75.0,75.0,117.5,101.25,46.07511982259695
2021-04-18,120.0,Leeks,Matale,170.0,85.0,75.0,140.0,112.5,42.91464396527911
2021-04-25,70.0,Leeks,Matale,120.0,170.0,85.0,162.5,111.25,44.4175265707881
2021-05-02,75.0,Leeks,Matale,70.0,120.0,170.0,185.0,108.75,46.61455423648999
2021-05-09,205.0,Leeks,Matale,75.0,70.0,120.0,207.5,117.5,62.51666444503684
2021-05-16,205.0,Leeks,Matale,205.0,75.0,70.0,230.0,138.75,76.52613932506983
2021-05-23,205.0,Leeks,Matale,205.0,205.0,75.0,95.0,172.5,65.0
2021-05-30,190.0,Leeks,Matale,205.0,205.0,205.0,95.0,201.25,7.5
2021-06-06,175.0,Leeks,Matale,190.0,205.0,205.0,88.33333333333333,193.75,14.361406616345072
2021-06-13,166.0,Leeks,Matale,175.0,190.0,205.0,81.66666666666667,184.0,17.146428199482248
2021-06-20,157.0,Leeks,Matale,166.0,175.0,190.0,75.0,172.0,14.071247279470288
2021-06-27,148.0,Leeks,Matale,157.0,166.0,175.0,75.0,161.5,11.61895003862225
2021-07-04,139.0,Leeks,Matale,148.0,157.0,166.0,85.0,152.5,11.61895003862225
2021-07-11,130.0,Leeks,Matale,139.0,148.0,157.0,170.0,143.5,11.61895003862225
2021-07-18,110.0,Leeks,Matale,130.0,139.0,148.0,120.0,131.75,16.25576820700886
2021-07-25,140.0,Leeks,Matale,110.0,130.0,139.0,70.0,129.75,13.9134227756269
2021-08-01,180.0,Leeks,Matale,140.0,110.0,130.0,75.0,140.0,29.43920288775949
2021-08-08,87.5,Leeks,Matale,180.0,140.0,110.0,205.0,129.375,40.0195264839553
2021-08-15,131.25,Leeks,Matale,87.5,180.0,140.0,205.0,134.6875,37.946988791382815
2021-08-22,175.0,Leeks,Matale,131.25,87.5,180.0,205.0,143.4375,43.24560430456102
2021-08-29,170.0,Leeks,Matale,175.0,131.25,87.5,190.0,140.9375,40.63781849049807
2021-09-05,165.0,Leeks,Matale,170.0,175.0,131.25,175.0,160.3125,19.800436653434357
2021-09-12,160.0,Leeks,Matale,165.0,170.0,175.0,166.0,167.5,6.454972243679028
2021-09-19,165.0,Leeks,Matale,160.0,165.0,170.0,157.0,165.0,4.08248290463863
2021-09-26,145.0,Leeks,Matale,165.0,160.0,165.0,148.0,158.75,9.46484724300046
2021-10-03,135.0,Leeks,Matale,145.0,165.0,160.0,139.0,151.25,13.768926368215256
2021-10-10,160.0,Leeks,Matale,135.0,145.0,165.0,130.0,151.25,13.768926368215256
2021-10-17,185.0,Leeks,Matale,160.0,135.0,145.0,110.0,156.25,21.746647251166483
2021-10-24,160.0,Leeks,Matale,185.0,160.0,135.0,140.0,160.0,20.412414523193153
2021-10-31,215.0,Leeks,Matale,160.0,185.0,160.0,180.0,180.0,26.140645235596867
2021-11-07,90.0,Leeks,Matale,215.0,160.0,185.0,87.5,162.5,53.30728530573158
2021-11-14,190.0,Leeks,Matale,90.0,215.0,160.0,131.25,163.75,54.06400527769531
2021-11-21,225.0,Leeks,Matale,190.0,90.0,215.0,175.0,180.0,61.77917664283546
2021-11-28,370.0,Leeks,Matale,225.0,190.0,90.0,170.0,218.75,115.92921690985985
2021-12-05,287.5,Leeks,Matale,370.0,225.0,190.0,165.0,268.125,78.98773638989789
2021-12-12,205.0,Leeks,Matale,287.5,370.0,225.0,160.0,271.875,74.25673370139572
2021-12-19,260.0,Leeks,Matale,205.0,287.5,370.0,165.0,280.625,68.75
2021-12-26,240.0,Leeks,Matale,260.0,205.0,287.5,145.0,248.125,34.72361108333443
2022-01-02,210.0,Leeks,Matale,240.0,260.0,205.0,135.0,228.75,25.94063736045562
2022-01-09,150.0,Leeks,Matale,210.0,240.0,260.0,160.0,215.0,47.95831523312719
2022-01-16,287.5,Leeks,Matale,150.0,210.0,240.0,185.0,221.875,57.56789469834727
2022-01-23,200.0,Leeks,Matale,287.5,150.0,210.0,160.0,211.875,56.839503575125164
2022-01-30,190.0,Leeks,Matale,200.0,287.5,150.0,215.0,206.875,57.92865583341863
2022-02-06,150.0,Leeks,Matale,190.0,200.0,287.5,90.0,206.875,57.92865583341863
2022-02-13,122.5,Leeks,Matale,150.0,190.0,200.0,190.0,165.625,35.96149561220537
2022-02-20,95.0,Leeks,Matale,122.5,150.0,190.0,225.0,139.375,40.53676314984542
2022-02-27,80.0,Leeks,Matale,95.0,122.5,150.0,370.0,111.875,30.914869669249224
2022-03-06,132.5,Leeks,Matale,80.0,95.0,122.5,287.5,107.5,24.238399287081627
2022-03-13,225.0,Leeks,Matale,132.5,80.0,95.0,205.0,133.125,65.10808321552707
2022-03-20,95.0,Leeks,Matale,225.0,132.5,80.0,260.0,133.125,65.10808321552707
2022-03-27,85.0,Leeks,Matale,95.0,225.0,132.5,240.0,134.375,63.78267136665464
2022-04-03,85.0,Leeks,Matale,85.0,95.0,225.0,210.0,122.5,68.49574196011504
2022-04-10,110.0,Leeks,Matale,85.0,85.0,95.0,150.0,93.75,11.814539065631486
2022-04-17,97.5,Leeks,Matale,110.0,85.0,85.0,287.5,94.375,11.96783884695419
2022-04-24,85.0,Leeks,Matale,97.5,110.0,85.0,200.0,94.375,11.96783884695419
2022-05-01,97.5,Leeks,Matale,85.0,97.5,110.0,190.0,97.5,10.206207261596534
2022-05-08,150.0,Leeks,Matale,97.5,85.0,97.5,150.0,107.5,28.93959225697555
2022-05-15,142.5,Leeks,Matale,150.0,97.5,85.0,122.5,118.75,32.307119958300206
2022-05-22,135.0,Leeks,Matale,142.5,150.0,97.5,95.0,131.25,23.31844763272202
2022-05-29,150.0,Leeks,Matale,135.0,142.5,150.0,80.0,144.375,7.1807033081724825
2022-06-05,247.5,Leeks,Matale,150.0,135.0,142.5,132.5,168.75,52.85593627966493
2022-06-12,345.0,Leeks,Matale,247.5,150.0,135.0,225.0,219.375,97.47595857440952
2022-06-19,185.0,Leeks,Matale,345.0,247.5,150.0,95.0,231.875,85.52229241548662
2022-06-26,165.0,Leeks,Matale,185.0,345.0,247.5,85.0,235.625,80.94172286281038
2022-07-03,130.0,Leeks,Matale,165.0,185.0,345.0,85.0,206.25,95.25185912446364
2022-07-10,130.0,Leeks,Matale,130.0,165.0,185.0,110.0,152.5,27.23355773061365
2022-07-17,190.0,Leeks,Matale,130.0,130.0,165.0,97.5,153.75,29.261749776799064
2022-07-24,185.0,Leeks,Matale,190.0,130.0,130.0,85.0,158.75,33.26033673912518
2022-07-31,125.0,Leeks,Matale,185.0,190.0,130.0,97.5,157.5,34.76108935769035
2022-08-07,188.75,Leeks,Matale,125.0,185.0,190.0,150.0,172.1875,31.529995639073597
2022-08-14,252.5,Leeks,Matale,188.75,125.0,185.0,142.5,187.8125,52.08541662500166
2022-08-21,190.0,Leeks,Matale,252.5,188.75,125.0,135.0,189.0625,52.05540918098714
2022-08-28,190.0,Leeks,Matale,190.0,252.5,188.75,150.0,205.3125,31.463851613134292
2022-09-04,165.0,Leeks,Matale,190.0,190.0,252.5,247.5,199.375,37.32598513993525
2022-09-11,140.0,Leeks,Matale,165.0,190.0,190.0,345.0,171.25,23.935677693908445
2022-09-18,205.0,Leeks,Matale,140.0,165.0,190.0,185.0,175.0,28.577380332470405
2022-09-25,220.0,Leeks,Matale,205.0,140.0,165.0,165.0,182.5,36.62876829305985
2022-10-02,187.5,Leeks,Matale,220.0,205.0,140.0,130.0,188.125,34.72361108333444
2022-10-09,85.0,Leeks,Matale,187.5,220.0,205.0,130.0,174.375,61.0455772353739
2022-10-16,212.5,Leeks,Matale,85.0,187.5,220.0,190.0,176.25,62.39991987174342
2022-10-23,210.0,Leeks,Matale,212.5,85.0,187.5,185.0,173.75,60.22527155051551
2022-10-30,225.0,Leeks,Matale,210.0,212.5,85.0,125.0,183.125,65.74493009604112
2022-11-06,170.0,Leeks,Matale,225.0,210.0,212.5,188.75,204.375,23.837557900646324
2022-11-13,115.0,Leeks,Matale,170.0,225.0,210.0,252.5,180.0,49.159604012508744
2022-11-20,215.0,Leeks,Matale,115.0,170.0,225.0,190.0,181.25,50.22864388639878
2022-11-27,215.0,Leeks,Matale,215.0,115.0,170.0,190.0,178.75,47.49999999999999
2022-12-04,251.66666666666666,Leeks,Matale,215.0,215.0,115.0,165.0,199.16666666666666,58.71304984602845
2022-12-11,288.3333333333333,Leeks,Matale,251.66666666666666,215.0,215.0,140.0,242.5,35.105660617732404
2022-12-18,325.0,Leeks,Matale,288.3333333333333,251.66666666666666,215.0,205.0,270.0,47.33646312031289
2022-12-25,315.0,Leeks,Matale,325.0,288.3333333333333,251.66666666666666,220.0,295.0,32.77306934167254
2023-01-01,300.0,Leeks,Matale,315.0,325.0,288.3333333333333,187.5,307.08333333333337,16.180406532456402
2023-01-08,255.0,Leeks,Matale,300.0,315.0,325.0,85.0,298.75,30.923292192132482
2023-01-15,210.0,Leeks,Matale,255.0,300.0,315.0,212.5,270.0,47.43416490252571
2023-01-22,230.0,Leeks,Matale,210.0,255.0,300.0,210.0,248.75,38.81043674065008
2023-01-29,200.0,Leeks,Matale,230.0,210.0,255.0,225.0,223.75,24.281337140555806
2023-02-05,145.0,Leeks,Matale,200.0,230.0,210.0,170.0,196.25,36.371921404658686
2023-02-12,185.0,Leeks,Matale,145.0,200.0,230.0,115.0,190.0,35.3553390593274
2023-02-19,200.0,Leeks,Matale,185.0,145.0,200.0,215.0,182.5,25.980762113533192
2023-02-26,170.0,Leeks,Matale,200.0,185.0,145.0,215.0,175.0,23.45207879911718
2023-03-05,155.0,Leeks,Matale,170.0,200.0,185.0,251.66666666666666,177.5,19.364916731037127
2023-03-12,160.0,Leeks,Matale,155.0,170.0,200.0,288.3333333333333,171.25,20.155644370746412
2023-03-19,150.0,Leeks,Matale,160.0,155.0,170.0,325.0,158.75,8.53912563829975
2023-03-26,155.0,Leeks,Matale,150.0,160.0,155.0,315.0,155.0,4.082482904638806
2023-04-02,200.0,Leeks,Matale,155.0,150.0,160.0,300.0,166.25,22.86737122335377
2023-04-09,200.0,Leeks,Matale,200.0,155.0,150.0,255.0,176.25,27.500000000000025
2023-04-16,185.0,Leeks,Matale,200.0,200.0,155.0,210.0,185.0,21.21320343559646
2023-04-23,170.0,Leeks,Matale,185.0,200.0,200.0,230.0,188.75,14.36140661634512
2023-04-30,165.0,Leeks,Matale,170.0,185.0,200.0,200.0,180.0,15.811388300841939
2023-05-07,245.0,Leeks,Matale,165.0,170.0,185.0,145.0,191.25,36.827299656640605
2023-05-14,200.0,Leeks,Matale,245.0,165.0,170.0,185.0,195.0,36.74234614174769
2023-05-21,260.0,Leeks,Matale,200.0,245.0,165.0,200.0,217.5,43.301270189221945
2023-05-28,285.0,Leeks,Matale,260.0,200.0,245.0,170.0,247.5,35.70714214271427
2023-06-04,225.0,Leeks,Matale,285.0,260.0,200.0,155.0,242.5,37.52776749732569
2023-06-11,280.0,Leeks,Matale,225.0,285.0,260.0,160.0,262.5,27.23355773061367
2023-06-18,220.0,Leeks,Matale,280.0,225.0,285.0,150.0,252.5,34.76108935769036
2023-06-25,175.0,Leeks,Matale,220.0,280.0,225.0,155.0,225.0,43.01162633521314
2023-07-02,190.0,Leeks,Matale,175.0,220.0,280.0,200.0,216.25,46.43543905251678
2023-07-09,170.0,Leeks,Matale,190.0,175.0,220.0,200.0,188.75,22.500000000000007
2023-07-16,140.0,Leeks,Matale,170.0,190.0,175.0,185.0,168.75,20.96624270901522
2023-07-23,140.0,Leeks,Matale,140.0,170.0,190.0,170.0,160.0,24.49489742783179
2023-07-30,130.0,Leeks,Matale,140.0,140.0,170.0,165.0,145.0,17.320508075688785
2023-08-06,115.0,Leeks,Matale,130.0,140.0,140.0,245.0,131.25,11.814539065631534
2023-08-13,140.0,Leeks,Matale,115.0,130.0,140.0,200.0,131.25,11.814539065631534
2023-08-20,110.0,Leeks,Matale,140.0,115.0,130.0,260.0,123.75,13.768926368215268
2023-08-27,95.0,Leeks,Matale,110.0,140.0,115.0,285.0,115.0,18.70828693386972
2023-09-03,90.0,Leeks,Matale,95.0,110.0,140.0,225.0,108.75,22.50000000000001
2023-09-10,75.0,Leeks,Matale,90.0,95.0,110.0,280.0,92.5,14.433756729740658
2023-09-17,70.0,Leeks,Matale,75.0,90.0,95.0,220.0,82.5,11.9023807142381
2023-09-24,65.0,Leeks,Matale,70.0,75.0,90.0,175.0,75.0,10.801234497346451
2023-10-01,55.0,Leeks,Matale,65.0,70.0,75.0,190.0,66.25,8.539125638299687
2023-10-08,85.0,Leeks,Matale,55.0,65.0,70.0,170.0,68.75,12.500000000000014
2023-10-15,65.0,Leeks,Matale,85.0,55.0,65.0,140.0,67.5,12.583057392117931
2023-10-22,80.0,Leeks,Matale,65.0,85.0,55.0,140.0,71.25,13.768926368215268
2023-10-29,60.0,Leeks,Matale,80.0,65.0,85.0,130.0,72.5,11.902380714238099
2023-11-05,140.0,Leeks,Matale,60.0,80.0,65.0,115.0,86.25,36.8272996566406
2023-11-12,95.0,Leeks,Matale,140.0,60.0,80.0,140.0,93.75,34.003676271838614
2023-11-19,220.0,Leeks,Matale,95.0,140.0,60.0,110.0,128.75,69.0862986898753
2023-11-26,140.0,Leeks,Matale,220.0,95.0,140.0,95.0,148.75,52.02163011671203
2023-12-03,210.0,Leeks,Matale,140.0,220.0,95.0,90.0,166.25,59.35416301041291
2023-12-10,210.0,Leeks,Matale,210.0,140.0,220.0,75.0,195.0,36.96845502136474
2023-12-17,230.0,Leeks,Matale,210.0,210.0,140.0,70.0,197.5,39.475730941090056
2023-12-24,225.0,Leeks,Matale,230.0,210.0,210.0,65.0,218.75,10.307764064044216
2023-12-31,315.0,Leeks,Matale,225.0,230.0,210.0,55.0,245.0,47.4341649025257
2024-01-07,325.0,Leeks,Matale,315.0,225.0,230.0,85.0,273.75,53.59959576962002
2024-01-14,310.0,Leeks,Matale,325.0,315.0,225.0,65.0,293.75,46.255630287926415
2024-01-21,430.0,Leeks,Matale,310.0,325.0,315.0,80.0,345.0,57.00877125495691
2024-01-28,390.0,Leeks,Matale,430.0,310.0,325.0,60.0,363.75,56.18051263561059
2024-02-04,500.0,Leeks,Matale,390.0,430.0,310.0,140.0,407.5,79.32002689527197
2024-02-11,475.0,Leeks,Matale,500.0,390.0,430.0,95.0,448.75,48.71259248558494
2024-02-18,275.0,Leeks,Matale,475.0,500.0,390.0,220.0,410.0,101.57099323461726
2024-02-25,325.0,Leeks,Matale,275.0,475.0,500.0,140.0,393.75,110.63265039459795
2024-03-03,225.0,Leeks,Matale,325.0,275.0,475.0,210.0,325.0,108.01234497346434
2024-03-10,210.0,Leeks,Matale,225.0,325.0,275.0,210.0,258.75,52.18157401484423
2024-03-17,220.0,Leeks,Matale,210.0,225.0,325.0,230.0,245.0,53.696678978623375
2024-03-24,200.0,Leeks,Matale,220.0,210.0,225.0,225.0,213.75,11.086778913041746
2024-03-31,150.0,Leeks,Matale,200.0,220.0,210.0,315.0,195.0,31.091263510296056
2024-04-07,155.0,Leeks,Matale,150.0,200.0,220.0,325.0,181.25,34.247870980057534
2024-04-14,156.66666666666666,Leeks,Matale,155.0,150.0,200.0,310.0,165.41666666666666,23.228933107943938
2024-04-21,158.33333333333334,Leeks,Matale,156.66666666666666,155.0,150.0,430.0,155.0,3.6004114991156535
2024-04-28,160.0,Leeks,Matale,158.33333333333334,156.66666666666666,155.0,390.0,157.5,2.15165741455992
2024-05-05,180.0,Leeks,Matale,160.0,158.33333333333334,156.66666666666666,500.0,163.75,10.918468892796442
2024-05-12,195.0,Leeks,Matale,180.0,160.0,158.33333333333334,475.0,173.33333333333334,17.48014746950252
2024-05-19,210.0,Leeks,Matale,195.0,180.0,160.0,275.0,186.25,21.360009363293802
2024-05-26,200.0,Leeks,Matale,210.0,195.0,180.0,325.0,196.25,12.499999999999929
2024-06-02,240.0,Leeks,Matale,200.0,210.0,195.0,225.0,211.25,20.155644370746298
2024-06-09,380.0,Leeks,Matale,240.0,200.0,210.0,210.0,257.5,83.41662504161461
2024-06-16,490.0,Leeks,Matale,380.0,240.0,200.0,220.0,327.5,133.01002468485842
2024-06-23,425.0,Leeks,Matale,490.0,380.0,240.0,200.0,383.75,105.93826818797181
2024-06-30,575.0,Leeks,Matale,425.0,490.0,380.0,150.0,467.5,84.70537173048685
2024-07-07,385.0,Leeks,Matale,575.0,425.0,490.0,155.0,468.75,83.00351398183871
2024-07-14,365.0,Leeks,Matale,385.0,575.0,425.0,156.66666666666666,437.5,94.99999999999982
2024-07-21,385.0,Leeks,Matale,365.0,385.0,575.0,158.33333333333334,427.5,98.7842767515828
2024-07-28,390.0,Leeks,Matale,385.0,365.0,385.0,160.0,381.25,11.086778913040627
2024-08-04,375.0,Leeks,Matale,390.0,385.0,365.0,180.0,378.75,11.086778913040643
2024-08-11,325.0,Leeks,Matale,375.0,390.0,385.0,195.0,368.75,29.825883613621762
2024-08-18,220.0,Leeks,Matale,325.0,375.0,390.0,210.0,327.5,76.8656837173346
2024-08-25,220.0,Leeks,Matale,220.0,325.0,375.0,200.0,285.0,77.78174593052017
2024-09-01,220.0,Leeks,Matale,220.0,220.0,325.0,240.0,246.25,52.49999999999998
2024-09-08,210.0,Leeks,Matale,220.0,220.0,220.0,380.0,217.5,5.0
2024-09-15,205.0,Leeks,Matale,210.0,220.0,220.0,490.0,213.75,7.499999999999997
2024-09-22,210.0,Leeks,Matale,205.0,210.0,220.0,425.0,211.25,6.291528696058952
2024-09-29,225.0,Leeks,Matale,210.0,205.0,210.0,575.0,212.5,8.660254037844382
2024-10-06,190.0,Leeks,Matale,225.0,210.0,205.0,385.0,207.5,14.433756729740642
2024-10-13,135.0,Leeks,Matale,190.0,225.0,210.0,365.0,190.0,39.370039370059054
2024-10-20,120.0,Leeks,Matale,135.0,190.0,225.0,385.0,167.5,48.73397172404482
2024-10-27,140.0,Leeks,Matale,120.0,135.0,190.0,390.0,146.25,30.379543555930315
2024-11-03,165.0,Leeks,Matale,140.0,120.0,135.0,375.0,140.0,18.708286933869715
2024-11-10,150.0,Leeks,Matale,165.0,140.0,120.0,325.0,143.75,18.874586088176883
2024-11-17,140.0,Leeks,Matale,150.0,165.0,140.0,220.0,148.75,11.814539065631537
2024-11-24,125.0,Leeks,Matale,140.0,150.0,165.0,220.0,145.0,16.832508230603473
2024-12-01,130.0,Leeks,Matale,125.0,140.0,150.0,220.0,136.25,11.086778913041746
2024-12-08,140.0,Leeks,Matale,130.0,125.0,140.0,210.0,133.75,7.500000000000029
2024-12-15,220.0,Leeks,Matale,140.0,130.0,125.0,205.0,153.75,44.604745636908795
2024-12-22,275.0,Leeks,Matale,220.0,140.0,130.0,210.0,191.25,68.84463184107628
2024-12-29,175.0,Leeks,Matale,275.0,220.0,140.0,225.0,202.5,58.38093296045665
2025-01-05,187.5,Leeks,Matale,175.0,275.0,220.0,190.0,214.375,44.64559515413213
2025-01-12,200.0,Leeks,Matale,187.5,175.0,275.0,135.0,209.375,44.9247055267663
2025-01-19,165.0,Leeks,Matale,200.0,187.5,175.0,120.0,181.875,15.189771777965154
2025-01-26,235.0,Leeks,Matale,165.0,200.0,187.5,140.0,196.875,29.252848864113506
2025-02-02,190.0,Leeks,Matale,235.0,165.0,200.0,165.0,197.5,29.01149197588202
2025-02-09,270.0,Leeks,Matale,190.0,235.0,165.0,150.0,215.0,46.726152562920625
2025-02-16,250.0,Leeks,Matale,270.0,190.0,235.0,140.0,236.25,34.003676271838614
2025-02-23,250.0,Leeks,Matale,250.0,270.0,190.0,125.0,240.0,34.64101615137755
2025-03-02,200.0,Leeks,Matale,250.0,250.0,270.0,130.0,242.5,29.8607881119482
2025-03-09,175.0,Leeks,Matale,200.0,250.0,250.0,140.0,218.75,37.50000000000001
2025-03-16,180.0,Leeks,Matale,175.0,200.0,250.0,220.0,201.25,34.24787098005754
2025-03-23,160.0,Leeks,Matale,180.0,175.0,200.0,275.0,178.75,16.520189667999198
2025-03-30,160.0,Leeks,Matale,160.0,180.0,175.0,175.0,168.75,10.307764064044184
2025-04-06,150.0,Leeks,Matale,160.0,160.0,180.0,187.5,162.5,12.583057392117942
2025-04-13,150.0,Leeks,Matale,150.0,160.0,160.0,200.0,155.0,5.773502691896306
2025-04-20,137.5,Leeks,Matale,150.0,150.0,160.0,165.0,149.375,9.213893494790026
2025-04-27,125.0,Leeks,Matale,137.5,150.0,150.0,235.0,140.625,11.967838846954256
2025-05-04,165.0,Leeks,Matale,125.0,137.5,150.0,190.0,144.375,17.123935490028785
2025-05-11,165.0,Leeks,Matale,165.0,125.0,137.5,270.0,148.125,20.14271994211972
2025-05-18,200.0,Leeks,Matale,165.0,165.0,125.0,250.0,163.75,30.652623596249217
2025-05-25,200.0,Leeks,Matale,200.0,165.0,165.0,250.0,182.5,20.207259421636927
2025-06-01,200.0,Leeks,Matale,200.0,200.0,165.0,200.0,191.25,17.50000000000003
2025-06-08,275.0,Leeks,Matale,200.0,200.0,200.0,175.0,218.75,37.5
2025-06-15,330.0,Leeks,Matale,275.0,200.0,200.0,180.0,251.25,63.29494450586081
2025-06-22,275.0,Leeks,Matale,330.0,275.0,200.0,160.0,270.0,53.38539126015656
2025-06-29,215.0,Leeks,Matale,275.0,330.0,275.0,160.0,273.75,46.970735570139844
2025-07-06,155.0,Leeks,Matale,215.0,275.0,330.0,150.0,243.75,75.53972464869064
2025-07-13,180.0,Leeks,Matale,155.0,215.0,275.0,150.0,206.25,52.02163011671203
2025-07-20,175.0,Leeks,Matale,180.0,155.0,215.0,137.5,181.25,24.9582985531199
2025-07-27,150.0,Leeks,Matale,175.0,180.0,155.0,125.0,165.0,14.71960144387975
2025-08-03,115.0,Leeks,Matale,150.0,175.0,180.0,165.0,155.0,29.72092416687835
2025-08-10,120.0,Leeks,Matale,115.0,150.0,175.0,165.0,140.0,27.988092706244444
2025-08-17,130.0,Leeks,Matale,120.0,115.0,150.0,200.0,128.75,15.478479684172267
2025-08-24,120.0,Leeks,Matale,130.0,120.0,115.0,200.0,121.25,6.291528696058982
2025-08-31,115.0,Leeks,Matale,120.0,130.0,120.0,200.0,121.25,6.291528696058982
2025-09-07,115.0,Leeks,Matale,115.0,120.0,130.0,275.0,120.0,7.071067811865497
2025-09-14,115.0,Leeks,Matale,115.0,115.0,120.0,330.0,116.25,2.500000000000064
2025-09-21,90.0,Leeks,Matale,115.0,115.0,115.0,275.0,108.75,12.5
2025-09-28,85.0,Leeks,Matale,90.0,115.0,115.0,215.0,101.25,16.007810593582125
2025-10-05,90.0,Leeks,Matale,85.0,90.0,115.0,155.0,95.0,13.540064007726603
2025-10-12,110.0,Leeks,Matale,90.0,85.0,90.0,180.0,93.75,11.086778913041728
2025-10-19,90.0,Leeks,Matale,110.0,90.0,85.0,175.0,93.75,11.086778913041728
2025-10-26,80.0,Leeks,Matale,90.0,110.0,90.0,150.0,92.5,12.583057392117919
2025-11-02,115.0,Leeks,Matale,80.0,90.0,110.0,115.0,98.75,16.52018966799918
2025-11-09,120.0,Leeks,Matale,115.0,80.0,90.0,120.0,101.25,19.311050377094116
2025-11-16,135.0,Leeks,Matale,120.0,115.0,80.0,130.0,112.5,23.273733406281572
2025-11-23,90.0,Leeks,Matale,135.0,120.0,115.0,120.0,115.0,18.70828693386971
2025-11-30,195.0,Leeks,Matale,90.0,135.0,120.0,115.0,135.0,44.15880433163923
2025-12-07,300.0,Leeks,Matale,195.0,90.0,135.0,115.0,180.0,90.82951062292474
2021-01-10,95.0,Okra,Kandy,,,,,,
2021-01-17,120.0,Okra,Kandy,95.0,,,,,
2021-01-24,145.0,Okra,Kandy,120.0,95.0,,,,
2021-01-31,170.0,Okra,Kandy,145.0,120.0,95.0,,132.5,32.274861218395145
2021-02-07,157.5,Okra,Kandy,170.0,145.0,120.0,,148.125,21.347814095749165
2021-02-14,145.0,Okra,Kandy,157.5,170.0,145.0,,154.375,11.967838846954226
2021-02-21,155.0,Okra,Kandy,145.0,157.5,170.0,,156.875,10.282468899377555
2021-02-28,115.0,Okra,Kandy,155.0,145.0,157.5,,143.125,19.512282456613494
2021-03-07,108.33333333333333,Okra,Kandy,115.0,155.0,145.0,,130.83333333333334,22.669117514559076
2021-03-14,101.66666666666667,Okra,Kandy,108.33333333333333,115.0,155.0,,120.0,23.959842947608706
2021-03-21,95.0,Okra,Kandy,101.66666666666667,108.33333333333333,115.0,,105.0,8.606629658238775
2021-03-28,85.0,Okra,Kandy,95.0,101.66666666666667,108.33333333333333,,97.5,9.95359603731614
2021-04-04,115.0,Okra,Kandy,85.0,95.0,101.66666666666667,,99.16666666666667,12.583057392117974
2021-04-11,105.0,Okra,Kandy,115.0,85.0,95.0,95.0,100.0,12.90994448735811
2021-04-18,80.0,Okra,Kandy,105.0,115.0,85.0,120.0,96.25,16.52018966799922
2021-04-25,55.0,Okra,Kandy,80.0,105.0,115.0,145.0,88.75,26.887109674836164
2021-05-02,65.0,Okra,Kandy,55.0,80.0,105.0,170.0,76.25,21.746647251166532
2021-05-09,85.0,Okra,Kandy,65.0,55.0,80.0,157.5,71.25,13.768926368215343
2021-05-16,55.0,Okra,Kandy,85.0,65.0,55.0,145.0,65.0,14.142135623731045
2021-05-23,70.0,Okra,Kandy,55.0,85.0,65.0,155.0,68.75,12.500000000000101
2021-05-30,67.5,Okra,Kandy,70.0,55.0,85.0,115.0,69.375,12.311072252245232
2021-06-06,65.0,Okra,Kandy,67.5,70.0,55.0,108.33333333333333,64.375,6.574889099191663
2021-06-13,69.0,Okra,Kandy,65.0,67.5,70.0,101.66666666666667,67.875,2.17466472511724
2021-06-20,73.0,Okra,Kandy,69.0,65.0,67.5,95.0,68.625,3.3509948771475635
2021-06-27,77.0,Okra,Kandy,73.0,69.0,65.0,85.0,71.0,5.163977794943461
2021-07-04,81.0,Okra,Kandy,77.0,73.0,69.0,115.0,75.0,5.163977794943449
2021-07-11,85.0,Okra,Kandy,81.0,77.0,73.0,105.0,79.0,5.163977794943436
2021-07-18,105.0,Okra,Kandy,85.0,81.0,77.0,80.0,87.0,12.436505404118499
2021-07-25,105.0,Okra,Kandy,105.0,85.0,81.0,55.0,94.0,12.806248474865761
2021-08-01,105.0,Okra,Kandy,105.0,105.0,85.0,65.0,100.0,10.000000000000071
2021-08-08,80.0,Okra,Kandy,105.0,105.0,105.0,85.0,98.75,12.5
2021-08-15,67.5,Okra,Kandy,80.0,105.0,105.0,55.0,89.375,18.75
2021-08-22,55.0,Okra,Kandy,67.5,80.0,105.0,70.0,76.875,21.347814095749165
2021-08-29,50.0,Okra,Kandy,55.0,67.5,80.0,67.5,63.125,13.443554837418072
2021-09-05,45.0,Okra,Kandy,50.0,55.0,67.5,65.0,54.375,9.655525188547063
2021-09-12,40.0,Okra,Kandy,45.0,50.0,55.0,69.0,47.5,6.45497224367904
2021-09-19,45.0,Okra,Kandy,40.0,45.0,50.0,73.0,45.0,4.082482904638648
2021-09-26,55.0,Okra,Kandy,45.0,40.0,45.0,77.0,46.25,6.29152869605897
2021-10-03,55.0,Okra,Kandy,55.0,45.0,40.0,81.0,48.75,7.500000000000011
2021-10-10,75.0,Okra,Kandy,55.0,55.0,45.0,85.0,57.5,12.583057392117924
2021-10-17,95.0,Okra,Kandy,75.0,55.0,55.0,105.0,70.0,19.14854215512677
2021-10-24,105.0,Okra,Kandy,95.0,75.0,55.0,105.0,82.5,22.173557826083456
2021-10-31,115.0,Okra,Kandy,105.0,95.0,75.0,105.0,97.5,17.078251276599335
2021-11-07,115.0,Okra,Kandy,115.0,105.0,95.0,80.0,107.5,9.574271077563388
2021-11-14,115.0,Okra,Kandy,115.0,115.0,105.0,67.5,112.5,5.000000000000012
2021-11-21,135.0,Okra,Kandy,115.0,115.0,115.0,55.0,120.0,10.0
2021-11-28,195.0,Okra,Kandy,135.0,115.0,115.0,50.0,140.0,37.859388972001824
2021-12-05,140.0,Okra,Kandy,195.0,135.0,115.0,45.0,146.25,34.24787098005753
2021-12-12,85.0,Okra,Kandy,140.0,195.0,135.0,40.0,138.75,44.97684589504545
2021-12-19,135.0,Okra,Kandy,85.0,140.0,195.0,45.0,138.75,44.97684589504545
2021-12-26,135.0,Okra,Kandy,135.0,85.0,140.0,55.0,123.75,25.940637360455632
2022-01-02,135.0,Okra,Kandy,135.0,135.0,85.0,55.0,122.5,25.0
2022-01-09,75.0,Okra,Kandy,135.0,135.0,135.0,75.0,120.0,30.0
2022-01-16,127.5,Okra,Kandy,75.0,135.0,135.0,95.0,118.125,28.96657556564117
2022-01-23,145.0,Okra,Kandy,127.5,75.0,135.0,105.0,120.625,31.25
2022-01-30,165.0,Okra,Kandy,145.0,127.5,75.0,115.0,128.125,38.58837260108283
2022-02-06,225.0,Okra,Kandy,165.0,145.0,127.5,115.0,165.625,42.44481711587411
2022-02-13,197.5,Okra,Kandy,225.0,165.0,145.0,115.0,183.125,35.31849137963473
2022-02-20,170.0,Okra,Kandy,197.5,225.0,165.0,135.0,189.375,27.716947282604302
2022-02-27,155.0,Okra,Kandy,170.0,197.5,225.0,195.0,186.875,30.91486966924923
2022-03-06,135.0,Okra,Kandy,155.0,170.0,197.5,140.0,164.375,26.32924546329928
2022-03-13,115.0,Okra,Kandy,135.0,155.0,170.0,85.0,143.75,23.93567769390844
2022-03-20,65.0,Okra,Kandy,115.0,135.0,155.0,135.0,117.5,38.62210075418822
2022-03-27,53.0,Okra,Kandy,65.0,115.0,135.0,135.0,92.0,39.27679552441449
2022-04-03,75.0,Okra,Kandy,53.0,65.0,115.0,135.0,77.0,26.882460204874594
2022-04-10,155.0,Okra,Kandy,75.0,53.0,65.0,75.0,87.0,46.21688003316537
2022-04-17,115.0,Okra,Kandy,155.0,75.0,53.0,127.5,99.5,45.02961988143655
2022-04-24,75.0,Okra,Kandy,115.0,155.0,75.0,145.0,105.0,38.29708431025352
2022-05-01,115.0,Okra,Kandy,75.0,115.0,155.0,165.0,115.0,32.659863237109036
2022-05-08,115.0,Okra,Kandy,115.0,75.0,115.0,225.0,105.0,19.999999999999993
2022-05-15,135.0,Okra,Kandy,115.0,115.0,75.0,197.5,110.0,25.166114784235827
2022-05-22,155.0,Okra,Kandy,135.0,115.0,115.0,170.0,130.0,19.148542155126755
2022-05-29,225.0,Okra,Kandy,155.0,135.0,115.0,155.0,157.5,47.871355387816905
2022-06-05,172.5,Okra,Kandy,225.0,155.0,135.0,135.0,171.875,38.588372601082824
2022-06-12,120.0,Okra,Kandy,172.5,225.0,155.0,115.0,168.125,43.75
2022-06-19,245.0,Okra,Kandy,120.0,172.5,225.0,65.0,190.625,56.13877893221405
2022-06-26,235.0,Okra,Kandy,245.0,120.0,172.5,53.0,193.125,58.35862546930545
2022-07-03,225.0,Okra,Kandy,235.0,245.0,120.0,75.0,206.25,58.076816946753084
2022-07-10,107.5,Okra,Kandy,225.0,235.0,245.0,155.0,203.125,64.27074891944754
2022-07-17,225.0,Okra,Kandy,107.5,225.0,235.0,115.0,198.125,60.60029565384424
2022-07-24,210.0,Okra,Kandy,225.0,107.5,225.0,75.0,191.875,56.69270235224284
2022-07-31,180.0,Okra,Kandy,210.0,225.0,107.5,115.0,180.625,52.21649643551356
2022-08-07,135.0,Okra,Kandy,180.0,210.0,225.0,115.0,187.5,39.686269665968865
2022-08-14,90.0,Okra,Kandy,135.0,180.0,210.0,135.0,153.75,52.50000000000001
2022-08-21,120.0,Okra,Kandy,90.0,135.0,180.0,155.0,131.25,37.50000000000001
2022-08-28,85.0,Okra,Kandy,120.0,90.0,135.0,225.0,107.5,23.979157616563608
2022-09-04,157.5,Okra,Kandy,85.0,120.0,90.0,172.5,113.125,33.377574807046734
2022-09-11,230.0,Okra,Kandy,157.5,85.0,120.0,120.0,148.125,62.09451800816774
2022-09-18,105.0,Okra,Kandy,230.0,157.5,85.0,245.0,144.375,64.75514780051597
2022-09-25,125.0,Okra,Kandy,105.0,230.0,157.5,235.0,154.375,54.862517562843706
2022-10-02,140.0,Okra,Kandy,125.0,105.0,230.0,225.0,150.0,55.22680508593631
2022-10-09,95.0,Okra,Kandy,140.0,125.0,105.0,107.5,116.25,20.155644370746398
2022-10-16,135.0,Okra,Kandy,95.0,140.0,125.0,225.0,123.75,20.155644370746398
2022-10-23,115.0,Okra,Kandy,135.0,95.0,140.0,210.0,121.25,20.564937798755135
2022-10-30,125.0,Okra,Kandy,115.0,135.0,95.0,180.0,117.5,17.07825127659936
2022-11-06,135.0,Okra,Kandy,125.0,115.0,135.0,135.0,127.5,9.574271077563433
2022-11-13,145.0,Okra,Kandy,135.0,125.0,115.0,90.0,130.0,12.909944487358095
2022-11-20,130.0,Okra,Kandy,145.0,135.0,125.0,120.0,133.75,8.539125638299723
2022-11-27,150.0,Okra,Kandy,130.0,145.0,135.0,85.0,140.0,9.128709291752825
2022-12-04,141.66666666666666,Okra,Kandy,150.0,130.0,145.0,157.5,141.66666666666666,8.498365855988038
2022-12-11,133.33333333333334,Okra,Kandy,141.66666666666666,150.0,130.0,230.0,138.75,8.962369891612097
2022-12-18,125.0,Okra,Kandy,133.33333333333334,141.66666666666666,150.0,105.0,137.5,10.758287072798424
2022-12-25,130.0,Okra,Kandy,125.0,133.33333333333334,141.66666666666666,125.0,132.5,7.005289007177011
2023-01-01,140.0,Okra,Kandy,130.0,125.0,133.33333333333334,140.0,132.08333333333334,6.291528696059041
2023-01-08,142.5,Okra,Kandy,140.0,130.0,125.0,95.0,134.375,8.260094833999649
2023-01-15,145.0,Okra,Kandy,142.5,140.0,130.0,135.0,139.375,6.574889099191534
2023-01-22,195.0,Okra,Kandy,145.0,142.5,140.0,115.0,155.625,26.32924546329932
2023-01-29,190.0,Okra,Kandy,195.0,145.0,142.5,125.0,168.125,28.23819812476239
2023-02-05,210.0,Okra,Kandy,190.0,195.0,145.0,135.0,185.0,27.988092706244462
2023-02-12,210.0,Okra,Kandy,210.0,190.0,195.0,145.0,201.25,10.307764064044193
2023-02-19,205.0,Okra,Kandy,210.0,210.0,190.0,130.0,203.75,9.464847243000499
2023-02-26,210.0,Okra,Kandy,205.0,210.0,210.0,150.0,208.75,2.500000000000154
2023-03-05,215.0,Okra,Kandy,210.0,205.0,210.0,141.66666666666666,210.0,4.082482904638723
2023-03-12,205.0,Okra,Kandy,215.0,210.0,205.0,133.33333333333334,208.75,4.78713553878177
2023-03-19,190.0,Okra,Kandy,205.0,215.0,210.0,125.0,205.0,10.801234497346469
2023-03-26,145.0,Okra,Kandy,190.0,205.0,215.0,130.0,188.75,30.923292192132468
2023-04-02,115.0,Okra,Kandy,145.0,190.0,205.0,140.0,163.75,41.30677910464578
2023-04-09,95.0,Okra,Kandy,115.0,145.0,190.0,142.5,136.25,41.30677910464578
2023-04-16,90.0,Okra,Kandy,95.0,115.0,145.0,145.0,111.25,24.958298553119914
2023-04-23,85.0,Okra,Kandy,90.0,95.0,115.0,195.0,96.25,13.149778198382949
2023-04-30,95.0,Okra,Kandy,85.0,90.0,95.0,190.0,91.25,4.7871355387817776
2023-05-07,130.0,Okra,Kandy,95.0,85.0,90.0,210.0,100.0,20.41241452319317
2023-05-14,120.0,Okra,Kandy,130.0,95.0,85.0,210.0,107.5,21.01586702153084
2023-05-21,155.0,Okra,Kandy,120.0,130.0,95.0,205.0,125.0,24.832774042918917
2023-05-28,140.0,Okra,Kandy,155.0,120.0,130.0,210.0,136.25,14.930394055974128
2023-06-04,140.0,Okra,Kandy,140.0,155.0,120.0,215.0,138.75,14.361406616345104
2023-06-11,130.0,Okra,Kandy,140.0,140.0,155.0,205.0,141.25,10.307764064044196
2023-06-18,145.0,Okra,Kandy,130.0,140.0,140.0,190.0,138.75,6.291528696059029
2023-06-25,175.0,Okra,Kandy,145.0,130.0,140.0,145.0,147.5,19.364916731037102
2023-07-02,195.0,Okra,Kandy,175.0,145.0,130.0,115.0,161.25,29.261749776799075
2023-07-09,190.0,Okra,Kandy,195.0,175.0,145.0,95.0,176.25,22.50000000000002
2023-07-16,155.0,Okra,Kandy,190.0,195.0,175.0,90.0,178.75,17.969882210706547
2023-07-23,135.0,Okra,Kandy,155.0,190.0,195.0,85.0,168.75,28.686524130097524
2023-07-30,95.0,Okra,Kandy,135.0,155.0,190.0,95.0,143.75,39.66001344763599
2023-08-06,110.0,Okra,Kandy,95.0,135.0,155.0,130.0,123.75,26.575364531836644
2023-08-13,85.0,Okra,Kandy,110.0,95.0,135.0,120.0,106.25,21.746647251166504
2023-08-20,75.0,Okra,Kandy,85.0,110.0,95.0,155.0,91.25,14.930394055974133
2023-08-27,75.0,Okra,Kandy,75.0,85.0,110.0,140.0,86.25,16.520189667999205
2023-09-03,95.0,Okra,Kandy,75.0,75.0,85.0,140.0,82.5,9.574271077563434
2023-09-10,75.0,Okra,Kandy,95.0,75.0,75.0,130.0,80.0,10.000000000000052
2023-09-17,95.0,Okra,Kandy,75.0,95.0,75.0,145.0,85.0,11.54700538379256
2023-09-24,95.0,Okra,Kandy,95.0,75.0,95.0,175.0,90.0,10.000000000000053
2023-10-01,100.0,Okra,Kandy,95.0,95.0,75.0,195.0,91.25,11.086778913041773
2023-10-08,105.0,Okra,Kandy,100.0,95.0,95.0,190.0,98.75,4.787135538781797
2023-10-15,100.0,Okra,Kandy,105.0,100.0,95.0,155.0,100.0,4.082482904638755
2023-10-22,110.0,Okra,Kandy,100.0,105.0,100.0,135.0,103.75,4.787135538781795
2023-10-29,140.0,Okra,Kandy,110.0,100.0,105.0,95.0,113.75,17.969882210706547
2023-11-05,165.0,Okra,Kandy,140.0,110.0,100.0,110.0,128.75,29.545163168726408
2023-11-12,170.0,Okra,Kandy,165.0,140.0,110.0,85.0,146.25,27.500000000000014
2023-11-19,175.0,Okra,Kandy,170.0,165.0,140.0,75.0,162.5,15.545631755148046
2023-11-26,175.0,Okra,Kandy,175.0,170.0,165.0,75.0,171.25,4.787135538781754
2023-12-03,170.0,Okra,Kandy,175.0,175.0,170.0,95.0,172.5,2.8867513459482317
2023-12-10,170.0,Okra,Kandy,170.0,175.0,175.0,75.0,172.5,2.8867513459482317
2023-12-17,145.0,Okra,Kandy,170.0,170.0,175.0,95.0,165.0,13.54006400772662
2023-12-24,160.0,Okra,Kandy,145.0,170.0,170.0,95.0,161.25,11.814539065631541
2023-12-31,190.0,Okra,Kandy,160.0,145.0,170.0,100.0,166.25,18.874586088176887
2024-01-07,165.0,Okra,Kandy,190.0,160.0,145.0,105.0,165.0,18.70828693386972
2024-01-14,205.0,Okra,Kandy,165.0,190.0,160.0,100.0,180.0,21.21320343559644
2024-01-21,345.0,Okra,Kandy,205.0,165.0,190.0,110.0,226.25,80.86769029305421
2024-01-28,350.0,Okra,Kandy,345.0,205.0,165.0,140.0,266.25,95.25185912446365
2024-02-04,360.0,Okra,Kandy,350.0,345.0,205.0,165.0,315.0,73.59800721939874
2024-02-11,285.0,Okra,Kandy,360.0,350.0,345.0,170.0,335.0,33.91164991562635
2024-02-18,290.0,Okra,Kandy,285.0,360.0,350.0,175.0,321.25,39.23752455664519
2024-02-25,260.0,Okra,Kandy,290.0,285.0,360.0,175.0,298.75,42.890364108192585
2024-03-03,190.0,Okra,Kandy,260.0,290.0,285.0,170.0,256.25,46.07511982259696
2024-03-10,165.0,Okra,Kandy,190.0,260.0,290.0,170.0,226.25,58.505697728227005
2024-03-17,130.0,Okra,Kandy,165.0,190.0,260.0,145.0,186.25,54.98105734402228
2024-03-24,85.0,Okra,Kandy,130.0,165.0,190.0,160.0,142.5,45.55216789572149
2024-03-31,50.0,Okra,Kandy,85.0,130.0,165.0,190.0,107.5,50.41494487418058
2024-04-07,70.0,Okra,Kandy,50.0,85.0,130.0,165.0,83.75,34.00367627183861
2024-04-14,75.0,Okra,Kandy,70.0,50.0,85.0,205.0,70.0,14.719601443879732
2024-04-21,80.0,Okra,Kandy,75.0,70.0,50.0,345.0,68.75,13.149778198382903
2024-04-28,85.0,Okra,Kandy,80.0,75.0,70.0,350.0,77.5,6.454972243679001
2024-05-05,125.0,Okra,Kandy,85.0,80.0,75.0,360.0,91.25,22.867371223353732
2024-05-12,65.0,Okra,Kandy,125.0,85.0,80.0,285.0,88.75,25.61737691489899
2024-05-19,125.0,Okra,Kandy,65.0,125.0,85.0,290.0,100.0,29.999999999999993
2024-05-26,125.0,Okra,Kandy,125.0,65.0,125.0,260.0,110.0,29.999999999999993
2024-06-02,125.0,Okra,Kandy,125.0,125.0,65.0,190.0,110.0,29.999999999999993
2024-06-09,170.0,Okra,Kandy,125.0,125.0,125.0,165.0,136.25,22.5
2024-06-16,150.0,Okra,Kandy,170.0,125.0,125.0,130.0,142.5,21.79449471770337
2024-06-23,165.0,Okra,Kandy,150.0,170.0,125.0,85.0,152.5,20.2072594216369
2024-06-30,160.0,Okra,Kandy,165.0,150.0,170.0,50.0,161.25,8.539125638299666
2024-07-07,165.0,Okra,Kandy,160.0,165.0,150.0,70.0,160.0,7.071067811865477
2024-07-14,155.0,Okra,Kandy,165.0,160.0,165.0,75.0,161.25,4.787135538781692
2024-07-21,155.0,Okra,Kandy,155.0,165.0,160.0,80.0,158.75,4.787135538781692
2024-07-28,140.0,Okra,Kandy,155.0,155.0,165.0,85.0,153.75,10.307764064044155
2024-08-04,140.0,Okra,Kandy,140.0,155.0,155.0,125.0,147.5,8.66025403784439
2024-08-11,75.0,Okra,Kandy,140.0,140.0,155.0,65.0,127.5,35.70714214271425
2024-08-18,75.0,Okra,Kandy,75.0,140.0,140.0,125.0,107.5,37.52776749732568
2024-08-25,65.0,Okra,Kandy,75.0,75.0,140.0,125.0,88.75,34.490336810958134
2024-09-01,65.0,Okra,Kandy,65.0,75.0,75.0,125.0,70.0,5.77350269189628
2024-09-08,65.0,Okra,Kandy,65.0,65.0,75.0,170.0,67.5,5.000000000000025
2024-09-15,55.0,Okra,Kandy,65.0,65.0,65.0,150.0,62.5,5.0
2024-09-22,75.0,Okra,Kandy,55.0,65.0,65.0,165.0,65.0,8.16496580927726
2024-09-29,80.0,Okra,Kandy,75.0,55.0,65.0,160.0,68.75,11.086778913041726
2024-10-06,75.0,Okra,Kandy,80.0,75.0,55.0,165.0,71.25,11.086778913041726
2024-10-13,95.0,Okra,Kandy,75.0,80.0,75.0,155.0,81.25,9.464847243000452
2024-10-20,95.0,Okra,Kandy,95.0,75.0,80.0,155.0,86.25,10.30776406404415
2024-10-27,95.0,Okra,Kandy,95.0,95.0,75.0,140.0,90.0,10.0
2024-11-03,90.0,Okra,Kandy,95.0,95.0,95.0,140.0,93.75,2.5
2024-11-10,80.0,Okra,Kandy,90.0,95.0,95.0,75.0,90.0,7.071067811865474
2024-11-17,95.0,Okra,Kandy,80.0,90.0,95.0,75.0,90.0,7.071067811865474
2024-11-24,95.0,Okra,Kandy,95.0,80.0,90.0,65.0,90.0,7.071067811865474
2024-12-01,95.0,Okra,Kandy,95.0,95.0,80.0,65.0,91.25,7.499999999999998
2024-12-08,155.0,Okra,Kandy,95.0,95.0,95.0,65.0,110.0,30.0
2024-12-15,150.0,Okra,Kandy,155.0,95.0,95.0,55.0,123.75,33.26033673912518
2024-12-22,85.0,Okra,Kandy,150.0,155.0,95.0,75.0,121.25,36.37192140465866
2024-12-29,110.0,Okra,Kandy,85.0,150.0,155.0,80.0,125.0,33.4165627596057
2025-01-05,122.5,Okra,Kandy,110.0,85.0,150.0,75.0,116.875,27.032002638847654
2025-01-12,135.0,Okra,Kandy,122.5,110.0,85.0,95.0,113.125,21.347814095749165
2025-01-19,165.0,Okra,Kandy,135.0,122.5,110.0,95.0,133.125,23.573908599692725
2025-01-26,190.0,Okra,Kandy,165.0,135.0,122.5,95.0,153.125,30.370970240236534
2025-02-02,235.0,Okra,Kandy,190.0,165.0,135.0,90.0,181.25,42.30346715499018
2025-02-09,265.0,Okra,Kandy,235.0,190.0,165.0,80.0,213.75,44.791182167922294
2025-02-16,270.0,Okra,Kandy,265.0,235.0,190.0,95.0,240.0,36.742346141747674
2025-02-23,255.0,Okra,Kandy,270.0,265.0,235.0,95.0,256.25,15.478479684172248
2025-03-02,225.0,Okra,Kandy,255.0,270.0,265.0,95.0,253.75,20.155644370746366
2025-03-09,210.0,Okra,Kandy,225.0,255.0,270.0,155.0,240.0,27.3861278752583
2025-03-16,255.0,Okra,Kandy,210.0,225.0,255.0,150.0,236.25,22.499999999999993
2025-03-23,255.0,Okra,Kandy,255.0,210.0,225.0,85.0,236.25,22.499999999999993
2025-03-30,255.0,Okra,Kandy,255.0,255.0,210.0,110.0,243.75,22.499999999999993
2025-04-06,255.0,Okra,Kandy,255.0,255.0,255.0,122.5,255.0,0.0
2025-04-13,255.0,Okra,Kandy,255.0,255.0,255.0,135.0,255.0,0.0
2025-04-20,242.5,Okra,Kandy,255.0,255.0,255.0,165.0,251.875,6.25
2025-04-27,230.0,Okra,Kandy,242.5,255.0,255.0,190.0,245.625,11.967838846954228
2025-05-04,270.0,Okra,Kandy,230.0,242.5,255.0,235.0,249.375,17.123935490028767
2025-05-11,275.0,Okra,Kandy,270.0,230.0,242.5,265.0,254.375,21.638603620997976
2025-05-18,115.0,Okra,Kandy,275.0,270.0,230.0,270.0,222.5,74.44237144709098
2025-05-25,150.0,Okra,Kandy,115.0,275.0,270.0,255.0,202.5,82.10765291169068
2025-06-01,130.0,Okra,Kandy,150.0,115.0,275.0,225.0,167.5,73.08670649760234
2025-06-08,110.0,Okra,Kandy,130.0,150.0,115.0,210.0,126.25,17.969882210706515
2025-06-15,110.0,Okra,Kandy,110.0,130.0,150.0,255.0,125.0,19.14854215512676
2025-06-22,85.0,Okra,Kandy,110.0,110.0,130.0,255.0,108.75,18.42778698957998
2025-06-29,105.0,Okra,Kandy,85.0,110.0,110.0,255.0,102.5,11.902380714238078
2025-07-06,85.0,Okra,Kandy,105.0,85.0,110.0,255.0,96.25,13.149778198382911
2025-07-13,85.0,Okra,Kandy,85.0,105.0,85.0,255.0,90.0,9.999999999999995
2025-07-20,75.0,Okra,Kandy,85.0,85.0,105.0,242.5,87.5,12.583057392117912
2025-07-27,75.0,Okra,Kandy,75.0,85.0,85.0,230.0,80.0,5.77350269189625
2025-08-03,95.0,Okra,Kandy,75.0,75.0,85.0,270.0,82.5,9.574271077563377
2025-08-10,115.0,Okra,Kandy,95.0,75.0,75.0,275.0,90.0,19.14854215512676
2025-08-17,105.0,Okra,Kandy,115.0,95.0,75.0,115.0,97.5,17.078251276599328
2025-08-24,100.0,Okra,Kandy,105.0,115.0,95.0,150.0,103.75,8.53912563829966
2025-08-31,115.0,Okra,Kandy,100.0,105.0,115.0,130.0,108.75,7.499999999999994
2025-09-07,115.0,Okra,Kandy,115.0,100.0,105.0,110.0,108.75,7.499999999999994
2025-09-14,135.0,Okra,Kandy,115.0,115.0,100.0,110.0,116.25,14.361406616345068
2025-09-21,155.0,Okra,Kandy,135.0,115.0,115.0,85.0,130.0,19.14854215512676
2025-09-28,155.0,Okra,Kandy,155.0,135.0,115.0,105.0,140.0,19.14854215512676
2025-10-05,165.0,Okra,Kandy,155.0,155.0,135.0,85.0,152.5,12.583057392117905
2025-10-12,165.0,Okra,Kandy,165.0,155.0,155.0,85.0,160.0,5.773502691896227
2025-10-19,145.0,Okra,Kandy,165.0,165.0,155.0,75.0,157.5,9.574271077563361
2025-10-26,110.0,Okra,Kandy,145.0,165.0,165.0,75.0,146.25,25.94063736045563
2025-11-02,145.0,Okra,Kandy,110.0,145.0,165.0,95.0,141.25,22.867371223353732
2025-11-09,160.0,Okra,Kandy,145.0,110.0,145.0,115.0,140.0,21.21320343559642
2025-11-16,125.0,Okra,Kandy,160.0,145.0,110.0,105.0,135.0,21.984843263788193
2025-11-23,100.0,Okra,Kandy,125.0,160.0,145.0,100.0,132.5,25.980762113533157
2025-11-30,170.0,Okra,Kandy,100.0,125.0,160.0,115.0,138.75,32.2425702035885
2025-12-07,240.0,Okra,Kandy,170.0,100.0,125.0,115.0,158.75,61.42407237123461
2021-01-10,80.0,Okra,Matale,,,,,,
2021-01-17,86.0,Okra,Matale,80.0,,,,,
2021-01-24,92.0,Okra,Matale,86.0,80.0,,,,
2021-01-31,98.0,Okra,Matale,92.0,86.0,80.0,,89.0,7.745966692414834
2021-02-07,104.0,Okra,Matale,98.0,92.0,86.0,,95.0,7.745966692414834
2021-02-14,110.0,Okra,Matale,104.0,98.0,92.0,,101.0,7.745966692414834
2021-02-21,145.0,Okra,Matale,110.0,104.0,98.0,,114.25,21.07723890835799
2021-02-28,130.0,Okra,Matale,145.0,110.0,104.0,,122.25,18.803811670332514
2021-03-07,115.0,Okra,Matale,130.0,145.0,110.0,,125.0,15.811388300841895
2021-03-14,100.0,Okra,Matale,115.0,130.0,145.0,,122.5,19.364916731037084
2021-03-21,85.0,Okra,Matale,100.0,115.0,130.0,,107.5,19.364916731037084
2021-03-28,85.0,Okra,Matale,85.0,100.0,115.0,,96.25,14.361406616345068
2021-04-04,87.5,Okra,Matale,85.0,85.0,100.0,,89.375,7.18070330817253
2021-04-11,85.0,Okra,Matale,87.5,85.0,85.0,80.0,85.625,1.2499999999999643
2021-04-18,60.0,Okra,Matale,85.0,87.5,85.0,86.0,79.375,12.970318680227813
2021-04-25,35.0,Okra,Matale,60.0,85.0,87.5,92.0,66.875,24.611565709370595
2021-05-02,55.0,Okra,Matale,35.0,60.0,85.0,98.0,58.75,20.564937798755107
2021-05-09,80.0,Okra,Matale,55.0,35.0,60.0,104.0,57.5,18.48422751068236
2021-05-16,80.0,Okra,Matale,80.0,55.0,35.0,110.0,62.5,21.794494717703365
2021-05-23,80.0,Okra,Matale,80.0,80.0,55.0,145.0,73.75,12.499999999999993
2021-05-30,95.0,Okra,Matale,80.0,80.0,80.0,130.0,83.75,7.5
2021-06-06,110.0,Okra,Matale,95.0,80.0,80.0,115.0,91.25,14.361406616345072
2021-06-13,99.0,Okra,Matale,110.0,95.0,80.0,100.0,96.0,12.409673645990857
2021-06-20,88.0,Okra,Matale,99.0,110.0,95.0,85.0,98.0,9.201449161228174
2021-06-27,77.0,Okra,Matale,88.0,99.0,110.0,85.0,93.5,14.200938936093861
2021-07-04,66.0,Okra,Matale,77.0,88.0,99.0,87.5,82.5,14.200938936093861
2021-07-11,55.0,Okra,Matale,66.0,77.0,88.0,85.0,71.5,14.200938936093861
2021-07-18,95.0,Okra,Matale,55.0,66.0,77.0,60.0,73.25,17.05627939108253
2021-07-25,90.0,Okra,Matale,95.0,55.0,66.0,35.0,76.5,19.122412679017955
2021-08-01,105.0,Okra,Matale,90.0,95.0,55.0,55.0,86.25,21.746647251166483
2021-08-08,80.0,Okra,Matale,105.0,90.0,95.0,80.0,92.5,10.408329997330663
2021-08-15,67.5,Okra,Matale,80.0,105.0,90.0,80.0,85.625,15.8607219255619
2021-08-22,55.0,Okra,Matale,67.5,80.0,105.0,80.0,76.875,21.347814095749165
2021-08-29,46.666666666666664,Okra,Matale,55.0,67.5,80.0,95.0,62.291666666666664,14.583333333333336
2021-09-05,38.33333333333333,Okra,Matale,46.666666666666664,55.0,67.5,110.0,51.875,12.441995046645086
2021-09-12,30.0,Okra,Matale,38.33333333333333,46.666666666666664,55.0,99.0,42.5,10.758287072798383
2021-09-19,50.0,Okra,Matale,30.0,38.33333333333333,46.666666666666664,88.0,41.25,8.962369891612047
2021-09-26,45.0,Okra,Matale,50.0,30.0,38.33333333333333,77.0,40.833333333333336,8.660254037844393
2021-10-03,45.0,Okra,Matale,45.0,50.0,30.0,66.0,42.5,8.660254037844393
2021-10-10,70.0,Okra,Matale,45.0,45.0,50.0,55.0,52.5,11.902380714238088
2021-10-17,95.0,Okra,Matale,70.0,45.0,45.0,95.0,63.75,23.935677693908453
2021-10-24,95.0,Okra,Matale,95.0,70.0,45.0,90.0,76.25,23.935677693908453
2021-10-31,90.0,Okra,Matale,95.0,95.0,70.0,105.0,87.5,11.902380714238085
2021-11-07,125.0,Okra,Matale,90.0,95.0,95.0,80.0,101.25,16.007810593582125
2021-11-14,105.0,Okra,Matale,125.0,90.0,95.0,67.5,103.75,15.478479684172262
2021-11-21,155.0,Okra,Matale,105.0,125.0,90.0,55.0,118.75,28.09952550014561
2021-11-28,175.0,Okra,Matale,155.0,105.0,125.0,46.666666666666664,140.0,31.091263510296045
2021-12-05,127.5,Okra,Matale,175.0,155.0,105.0,38.33333333333333,140.625,30.7120361856173
2021-12-12,80.0,Okra,Matale,127.5,175.0,155.0,30.0,134.375,41.14886592199919
2021-12-19,125.0,Okra,Matale,80.0,127.5,175.0,50.0,126.875,38.803726195646036
2021-12-26,110.0,Okra,Matale,125.0,80.0,127.5,45.0,110.625,21.830311495716217
2022-01-02,125.0,Okra,Matale,110.0,125.0,80.0,45.0,110.0,21.213203435596416
2022-01-09,65.0,Okra,Matale,125.0,110.0,125.0,70.0,106.25,28.39454172900136
2022-01-16,92.5,Okra,Matale,65.0,125.0,110.0,95.0,98.125,25.769410160110372
2022-01-23,130.0,Okra,Matale,92.5,65.0,125.0,95.0,103.125,30.37097024023653
2022-01-30,190.0,Okra,Matale,130.0,92.5,65.0,90.0,119.375,54.097712520956
2022-02-06,265.0,Okra,Matale,190.0,130.0,92.5,125.0,169.375,75.34296582959819
2022-02-13,209.0,Okra,Matale,265.0,190.0,130.0,105.0,198.5,55.66866263886712
2022-02-20,153.0,Okra,Matale,209.0,265.0,190.0,155.0,204.25,46.70028550947699
2022-02-27,155.0,Okra,Matale,153.0,209.0,265.0,175.0,195.5,53.10053358175101
2022-03-06,122.5,Okra,Matale,155.0,153.0,209.0,127.5,159.875,35.96844682032666
2022-03-13,100.0,Okra,Matale,122.5,155.0,153.0,80.0,132.625,26.34822890948587
2022-03-20,53.0,Okra,Matale,100.0,122.5,155.0,125.0,107.625,42.847355033109494
2022-03-27,55.0,Okra,Matale,53.0,100.0,122.5,110.0,82.625,34.315630549357536
2022-04-03,45.0,Okra,Matale,55.0,53.0,100.0,125.0,63.25,24.878035828149027
2022-04-10,110.0,Okra,Matale,45.0,55.0,53.0,65.0,65.75,29.81470554385313
2022-04-17,82.5,Okra,Matale,110.0,45.0,55.0,92.5,73.125,29.252848864113503
2022-04-24,55.0,Okra,Matale,82.5,110.0,45.0,130.0,73.125,29.252848864113503
2022-05-01,82.5,Okra,Matale,55.0,82.5,110.0,190.0,82.5,22.453655975512465
2022-05-08,125.0,Okra,Matale,82.5,55.0,82.5,265.0,86.25,28.90357532670771
2022-05-15,125.0,Okra,Matale,125.0,82.5,55.0,209.0,96.875,34.36173986669864
2022-05-22,125.0,Okra,Matale,125.0,125.0,82.5,153.0,114.375,21.250000000000004
2022-05-29,230.0,Okra,Matale,125.0,125.0,125.0,155.0,151.25,52.5
2022-06-05,155.0,Okra,Matale,230.0,125.0,125.0,122.5,158.75,49.56056900399752
2022-06-12,80.0,Okra,Matale,155.0,230.0,125.0,100.0,147.5,63.047601064592456
2022-06-19,220.0,Okra,Matale,80.0,155.0,230.0,53.0,171.25,69.32712311931024
2022-06-26,210.0,Okra,Matale,220.0,80.0,155.0,55.0,166.25,64.2099421169858
2022-07-03,215.0,Okra,Matale,210.0,220.0,80.0,45.0,181.25,67.62334409556117
2022-07-10,85.0,Okra,Matale,215.0,210.0,220.0,110.0,182.5,65.12807894193308
2022-07-17,225.0,Okra,Matale,85.0,215.0,210.0,82.5,183.75,66.12803238163575
2022-07-24,165.0,Okra,Matale,225.0,85.0,215.0,55.0,172.5,63.966136874651625
2022-07-31,155.0,Okra,Matale,165.0,225.0,85.0,82.5,157.5,57.37304826019503
2022-08-07,105.0,Okra,Matale,155.0,165.0,225.0,125.0,162.5,49.24428900898053
2022-08-14,55.0,Okra,Matale,105.0,155.0,165.0,125.0,120.0,50.66228051190222
2022-08-21,125.0,Okra,Matale,55.0,105.0,155.0,125.0,110.0,42.03173404306164
2022-08-28,55.0,Okra,Matale,125.0,55.0,105.0,230.0,85.0,35.59026084010438
2022-09-04,145.0,Okra,Matale,55.0,125.0,55.0,155.0,95.0,46.9041575982343
2022-09-11,235.0,Okra,Matale,145.0,55.0,125.0,80.0,140.0,74.16198487095663
2022-09-18,75.0,Okra,Matale,235.0,145.0,55.0,220.0,127.5,81.39410298049853
2022-09-25,100.0,Okra,Matale,75.0,235.0,145.0,210.0,138.75,70.40063920164361
2022-10-02,120.0,Okra,Matale,100.0,75.0,235.0,215.0,132.5,70.76957915187381
2022-10-09,85.0,Okra,Matale,120.0,100.0,75.0,85.0,95.0,19.57890020745123
2022-10-16,90.0,Okra,Matale,85.0,120.0,100.0,225.0,98.75,15.478479684172271
2022-10-23,75.0,Okra,Matale,90.0,85.0,120.0,165.0,92.5,19.364916731037095
2022-10-30,90.0,Okra,Matale,75.0,90.0,85.0,155.0,85.0,7.0710678118654995
2022-11-06,115.0,Okra,Matale,90.0,75.0,90.0,105.0,92.5,16.583123951777008
2022-11-13,140.0,Okra,Matale,115.0,90.0,75.0,55.0,105.0,28.577380332470415
2022-11-20,130.0,Okra,Matale,140.0,115.0,90.0,125.0,118.75,21.74664725116649
2022-11-27,95.0,Okra,Matale,130.0,140.0,115.0,55.0,120.0,19.578900207451227
2022-12-04,91.66666666666667,Okra,Matale,95.0,130.0,140.0,145.0,114.16666666666667,24.438130497691972
2022-12-11,88.33333333333333,Okra,Matale,91.66666666666667,95.0,130.0,235.0,101.25,19.35893898225104
2022-12-18,85.0,Okra,Matale,88.33333333333333,91.66666666666667,95.0,75.0,90.0,4.303314829119404
2022-12-25,90.0,Okra,Matale,85.0,88.33333333333333,91.66666666666667,100.0,88.75,2.8463752127666324
2023-01-01,95.0,Okra,Matale,90.0,85.0,88.33333333333333,120.0,89.58333333333333,4.16666666666672
2023-01-08,112.5,Okra,Matale,95.0,90.0,85.0,85.0,95.625,11.967838846954246
2023-01-15,130.0,Okra,Matale,112.5,95.0,90.0,90.0,106.875,18.18596070232934
2023-01-22,140.0,Okra,Matale,130.0,112.5,95.0,75.0,119.375,19.830006723818002
2023-01-29,170.0,Okra,Matale,140.0,130.0,112.5,90.0,138.125,24.098322901535433
2023-02-05,165.0,Okra,Matale,170.0,140.0,130.0,115.0,151.25,19.311050377094126
2023-02-12,155.0,Okra,Matale,165.0,170.0,140.0,140.0,157.5,13.22875655532297
2023-02-19,220.0,Okra,Matale,155.0,165.0,170.0,130.0,177.5,29.011491975882024
2023-02-26,190.0,Okra,Matale,220.0,155.0,165.0,95.0,182.5,29.011491975882024
2023-03-05,165.0,Okra,Matale,190.0,220.0,155.0,91.66666666666667,182.5,29.011491975882024
2023-03-12,205.0,Okra,Matale,165.0,190.0,220.0,88.33333333333333,195.0,23.452078799117157
2023-03-19,160.0,Okra,Matale,205.0,165.0,190.0,85.0,180.0,21.213203435596434
2023-03-26,115.0,Okra,Matale,160.0,205.0,165.0,90.0,161.25,36.82729965664059
2023-04-02,85.0,Okra,Matale,115.0,160.0,205.0,95.0,141.25,52.5
2023-04-09,77.0,Okra,Matale,85.0,115.0,160.0,112.5,109.25,37.579914848227105
2023-04-16,70.0,Okra,Matale,77.0,85.0,115.0,130.0,86.75,19.80530232033836
2023-04-23,63.0,Okra,Matale,70.0,77.0,85.0,140.0,73.75,9.429563439877082
2023-04-30,90.0,Okra,Matale,63.0,70.0,77.0,170.0,75.0,11.518101695447324
2023-05-07,130.0,Okra,Matale,90.0,63.0,70.0,165.0,88.25,30.092911679219963
2023-05-14,115.0,Okra,Matale,130.0,90.0,63.0,155.0,99.5,29.39954648176283
2023-05-21,150.0,Okra,Matale,115.0,130.0,90.0,220.0,121.25,25.289984842489194
2023-05-28,170.0,Okra,Matale,150.0,115.0,130.0,190.0,141.25,23.935677693908453
2023-06-04,125.0,Okra,Matale,170.0,150.0,115.0,165.0,140.0,24.8327740429189
2023-06-11,105.0,Okra,Matale,125.0,170.0,150.0,205.0,137.5,28.431203515386635
2023-06-18,155.0,Okra,Matale,105.0,125.0,170.0,160.0,138.75,29.261749776799064
2023-06-25,165.0,Okra,Matale,155.0,105.0,125.0,115.0,137.5,27.537852736430512
2023-07-02,190.0,Okra,Matale,165.0,155.0,105.0,85.0,153.75,35.67795771434608
2023-07-09,170.0,Okra,Matale,190.0,165.0,155.0,77.0,170.0,14.719601443879755
2023-07-16,125.0,Okra,Matale,170.0,190.0,165.0,70.0,162.5,27.233557730613658
2023-07-23,90.0,Okra,Matale,125.0,170.0,190.0,63.0,143.75,44.97684589504545
2023-07-30,75.0,Okra,Matale,90.0,125.0,170.0,90.0,115.0,42.22953153106643
2023-08-06,65.0,Okra,Matale,75.0,90.0,125.0,130.0,88.75,26.259918760981225
2023-08-13,70.0,Okra,Matale,65.0,75.0,90.0,115.0,75.0,10.801234497346456
2023-08-20,75.0,Okra,Matale,70.0,65.0,75.0,150.0,71.25,4.787135538781742
2023-08-27,55.0,Okra,Matale,75.0,70.0,65.0,170.0,66.25,8.539125638299694
2023-09-03,65.0,Okra,Matale,55.0,75.0,70.0,125.0,66.25,8.539125638299694
2023-09-10,65.0,Okra,Matale,65.0,55.0,75.0,105.0,65.0,8.164965809277291
2023-09-17,65.0,Okra,Matale,65.0,65.0,55.0,155.0,62.5,5.000000000000048
2023-09-24,75.0,Okra,Matale,65.0,65.0,65.0,165.0,67.5,5.0
2023-10-01,75.0,Okra,Matale,75.0,65.0,65.0,190.0,70.0,5.773502691896259
2023-10-08,75.0,Okra,Matale,75.0,75.0,65.0,170.0,72.5,5.0
2023-10-15,70.0,Okra,Matale,75.0,75.0,75.0,125.0,73.75,2.5
2023-10-22,90.0,Okra,Matale,70.0,75.0,75.0,90.0,77.5,8.660254037844387
2023-10-29,135.0,Okra,Matale,90.0,70.0,75.0,75.0,92.5,29.58039891549808
2023-11-05,135.0,Okra,Matale,135.0,90.0,70.0,65.0,107.5,32.78719262151001
2023-11-12,140.0,Okra,Matale,135.0,135.0,90.0,70.0,125.0,23.45207879911715
2023-11-19,135.0,Okra,Matale,140.0,135.0,135.0,75.0,136.25,2.5000000000000497
2023-11-26,140.0,Okra,Matale,135.0,140.0,135.0,55.0,137.5,2.886751345948174
2023-12-03,140.0,Okra,Matale,140.0,135.0,140.0,65.0,138.75,2.5000000000000497
2023-12-10,120.0,Okra,Matale,140.0,140.0,135.0,65.0,133.75,9.464847243000472
2023-12-17,90.0,Okra,Matale,120.0,140.0,140.0,65.0,122.5,23.629078131263054
2023-12-24,135.0,Okra,Matale,90.0,120.0,140.0,75.0,121.25,22.50000000000001
2023-12-31,125.0,Okra,Matale,135.0,90.0,120.0,75.0,117.5,19.364916731037095
2024-01-07,155.0,Okra,Matale,125.0,135.0,90.0,75.0,126.25,27.195281453467874
2024-01-14,165.0,Okra,Matale,155.0,125.0,135.0,70.0,145.0,18.257418583505544
2024-01-21,290.0,Okra,Matale,165.0,155.0,125.0,90.0,183.75,72.84401142166733
2024-01-28,330.0,Okra,Matale,290.0,165.0,155.0,135.0,235.0,88.22320178577364
2024-02-04,360.0,Okra,Matale,330.0,290.0,165.0,135.0,286.25,85.76858399204221
2024-02-11,325.0,Okra,Matale,360.0,330.0,290.0,140.0,326.25,28.686524130097474
2024-02-18,275.0,Okra,Matale,325.0,360.0,330.0,135.0,322.5,35.23729085310993
2024-02-25,260.0,Okra,Matale,275.0,325.0,360.0,140.0,305.0,46.00724580614085
2024-03-03,155.0,Okra,Matale,260.0,275.0,325.0,140.0,253.75,71.45802963978225
2024-03-10,165.0,Okra,Matale,155.0,260.0,275.0,120.0,213.75,62.49999999999999
2024-03-17,110.0,Okra,Matale,165.0,155.0,260.0,90.0,172.5,63.047601064592456
2024-03-24,70.0,Okra,Matale,110.0,165.0,155.0,135.0,125.0,43.77975178854566
2024-03-31,50.0,Okra,Matale,70.0,110.0,165.0,125.0,98.75,50.723925978444015
2024-04-07,65.0,Okra,Matale,50.0,70.0,110.0,155.0,73.75,25.617376914899012
2024-04-14,60.0,Okra,Matale,65.0,50.0,70.0,165.0,61.25,8.539125638299707
2024-04-21,65.0,Okra,Matale,60.0,65.0,50.0,290.0,60.0,7.071067811865525
2024-04-28,70.0,Okra,Matale,65.0,60.0,65.0,330.0,65.0,4.082482904638715
2024-05-05,70.0,Okra,Matale,70.0,65.0,60.0,360.0,66.25,4.7871355387817625
2024-05-12,87.5,Okra,Matale,70.0,70.0,65.0,325.0,73.125,9.868932735272546
2024-05-19,105.0,Okra,Matale,87.5,70.0,70.0,275.0,83.125,16.75497438573594
2024-05-26,95.0,Okra,Matale,105.0,87.5,70.0,260.0,89.375,14.772581584363223
2024-06-02,110.0,Okra,Matale,95.0,105.0,87.5,155.0,99.375,10.077822185373229
2024-06-09,150.0,Okra,Matale,110.0,95.0,105.0,165.0,115.0,24.152294576982417
2024-06-16,150.0,Okra,Matale,150.0,110.0,95.0,110.0,126.25,28.099525500145624
2024-06-23,155.0,Okra,Matale,150.0,150.0,110.0,70.0,141.25,20.966242709015233
2024-06-30,140.0,Okra,Matale,155.0,150.0,150.0,50.0,148.75,6.291528696059048
2024-07-07,165.0,Okra,Matale,140.0,155.0,150.0,65.0,152.5,10.408329997330716
2024-07-14,155.0,Okra,Matale,165.0,140.0,155.0,60.0,153.75,10.307764064044203
2024-07-21,150.0,Okra,Matale,155.0,165.0,140.0,65.0,152.5,10.408329997330716
2024-07-28,120.0,Okra,Matale,150.0,155.0,165.0,70.0,147.5,19.364916731037113
2024-08-04,90.0,Okra,Matale,120.0,150.0,155.0,70.0,128.75,30.103986446980755
2024-08-11,55.0,Okra,Matale,90.0,120.0,150.0,87.5,103.75,40.69705149024928
2024-08-18,50.0,Okra,Matale,55.0,90.0,120.0,105.0,78.75,32.75540667838926
2024-08-25,65.0,Okra,Matale,50.0,55.0,90.0,95.0,65.0,17.79513042005221
2024-09-01,45.0,Okra,Matale,65.0,50.0,55.0,110.0,53.75,8.539125638299717
2024-09-08,45.0,Okra,Matale,45.0,65.0,50.0,150.0,51.25,9.464847243000504
2024-09-15,40.0,Okra,Matale,45.0,45.0,65.0,150.0,48.75,11.086778913041766
2024-09-22,45.0,Okra,Matale,40.0,45.0,45.0,155.0,43.75,2.500000000000179
2024-09-29,45.0,Okra,Matale,45.0,40.0,45.0,140.0,43.75,2.500000000000179
2024-10-06,60.0,Okra,Matale,45.0,45.0,40.0,165.0,47.5,8.660254037844439
2024-10-13,95.0,Okra,Matale,60.0,45.0,45.0,155.0,61.25,23.58495283014153
2024-10-20,75.0,Okra,Matale,95.0,60.0,45.0,150.0,68.75,21.360009363293848
2024-10-27,75.0,Okra,Matale,75.0,95.0,60.0,120.0,76.25,14.3614066163451
2024-11-03,75.0,Okra,Matale,75.0,75.0,95.0,90.0,80.0,10.000000000000039
2024-11-10,45.0,Okra,Matale,75.0,75.0,75.0,55.0,67.5,15.0
2024-11-17,70.0,Okra,Matale,45.0,75.0,75.0,50.0,66.25,14.361406616345072
2024-11-24,60.0,Okra,Matale,70.0,45.0,75.0,65.0,62.5,13.228756555322954
2024-12-01,75.0,Okra,Matale,60.0,70.0,45.0,45.0,62.5,13.228756555322954
2024-12-08,125.0,Okra,Matale,75.0,60.0,70.0,45.0,82.5,29.01149197588202
2024-12-15,130.0,Okra,Matale,125.0,75.0,60.0,40.0,97.5,35.23729085310996
2024-12-22,85.0,Okra,Matale,130.0,125.0,75.0,45.0,103.75,27.801378862687127
2024-12-29,75.0,Okra,Matale,85.0,130.0,125.0,45.0,103.75,27.801378862687127
2025-01-05,107.5,Okra,Matale,75.0,85.0,130.0,60.0,99.375,24.526771087935728
2025-01-12,140.0,Okra,Matale,107.5,75.0,85.0,95.0,101.875,28.82237267586877
2025-01-19,125.0,Okra,Matale,140.0,107.5,75.0,75.0,111.875,27.941531215498312
2025-01-26,190.0,Okra,Matale,125.0,140.0,107.5,75.0,140.625,35.49501138657844
2025-02-02,235.0,Okra,Matale,190.0,125.0,140.0,75.0,172.5,50.083264004389065
2025-02-09,270.0,Okra,Matale,235.0,190.0,125.0,45.0,205.0,62.583277851728624
2025-02-16,265.0,Okra,Matale,270.0,235.0,190.0,70.0,240.0,36.742346141747674
2025-02-23,265.0,Okra,Matale,265.0,270.0,235.0,60.0,258.75,16.007810593582125
2025-03-02,200.0,Okra,Matale,265.0,265.0,270.0,75.0,250.0,33.4165627596057
2025-03-09,190.0,Okra,Matale,200.0,265.0,265.0,125.0,230.0,40.62019202317981
2025-03-16,240.0,Okra,Matale,190.0,200.0,265.0,130.0,223.75,34.970225430595484
2025-03-23,240.0,Okra,Matale,240.0,190.0,200.0,85.0,217.5,26.299556396765844
2025-03-30,240.0,Okra,Matale,240.0,240.0,190.0,75.0,227.5,25.00000000000001
2025-04-06,255.0,Okra,Matale,240.0,240.0,240.0,107.5,243.75,7.5
2025-04-13,240.0,Okra,Matale,255.0,240.0,240.0,140.0,243.75,7.5
2025-04-20,220.0,Okra,Matale,240.0,255.0,240.0,125.0,238.75,14.361406616345072
2025-04-27,200.0,Okra,Matale,220.0,240.0,255.0,190.0,228.75,23.935677693908456
2025-05-04,225.0,Okra,Matale,200.0,220.0,240.0,235.0,221.25,16.52018966799918
2025-05-11,225.0,Okra,Matale,225.0,200.0,220.0,270.0,217.5,11.90238071423809
2025-05-18,110.0,Okra,Matale,225.0,225.0,200.0,265.0,190.0,54.61989869391313
2025-05-25,165.0,Okra,Matale,110.0,225.0,225.0,265.0,181.25,55.283360968739956
2025-06-01,130.0,Okra,Matale,165.0,110.0,225.0,200.0,157.5,50.41494487418058
2025-06-08,70.0,Okra,Matale,130.0,165.0,110.0,190.0,118.75,39.660013447635976
2025-06-15,70.0,Okra,Matale,70.0,130.0,165.0,240.0,108.75,46.97073557013984
2025-06-22,60.0,Okra,Matale,70.0,70.0,130.0,240.0,82.5,32.01562118716424
2025-06-29,105.0,Okra,Matale,60.0,70.0,70.0,240.0,76.25,19.73786547054502
2025-07-06,95.0,Okra,Matale,105.0,60.0,70.0,255.0,82.5,21.015867021530823
2025-07-13,85.0,Okra,Matale,95.0,105.0,60.0,240.0,86.25,19.311050377094116
2025-07-20,60.0,Okra,Matale,85.0,95.0,105.0,220.0,86.25,19.311050377094116
2025-07-27,65.0,Okra,Matale,60.0,85.0,95.0,200.0,76.25,16.520189667999176
2025-08-03,85.0,Okra,Matale,65.0,60.0,85.0,225.0,73.75,13.14977819838292
2025-08-10,80.0,Okra,Matale,85.0,65.0,60.0,225.0,72.5,11.902380714238086
2025-08-17,75.0,Okra,Matale,80.0,85.0,65.0,110.0,76.25,8.53912563829967
2025-08-24,75.0,Okra,Matale,75.0,80.0,85.0,165.0,78.75,4.787135538781697
2025-08-31,95.0,Okra,Matale,75.0,75.0,80.0,130.0,81.25,9.464847243000458
2025-09-07,100.0,Okra,Matale,95.0,75.0,75.0,70.0,86.25,13.149778198382917
2025-09-14,115.0,Okra,Matale,100.0,95.0,75.0,70.0,96.25,16.520189667999176
2025-09-21,140.0,Okra,Matale,115.0,100.0,95.0,60.0,112.5,20.207259421636905
2025-09-28,155.0,Okra,Matale,140.0,115.0,100.0,105.0,127.5,24.66441431158124
2025-10-05,130.0,Okra,Matale,155.0,140.0,115.0,95.0,135.0,16.83250823060347
2025-10-12,110.0,Okra,Matale,130.0,155.0,140.0,85.0,133.75,18.87458608817688
2025-10-19,110.0,Okra,Matale,110.0,130.0,155.0,60.0,126.25,21.36000936329383
2025-10-26,110.0,Okra,Matale,110.0,110.0,130.0,65.0,115.0,10.000000000000009
2025-11-02,110.0,Okra,Matale,110.0,110.0,110.0,85.0,110.0,0.0
2025-11-09,125.0,Okra,Matale,110.0,110.0,110.0,80.0,113.75,7.5
2025-11-16,110.0,Okra,Matale,125.0,110.0,110.0,75.0,113.75,7.5
2025-11-23,60.0,Okra,Matale,110.0,125.0,110.0,75.0,101.25,28.394541729001368
2025-11-30,120.0,Okra,Matale,60.0,110.0,125.0,95.0,103.75,29.825883613622135
2025-12-07,180.0,Okra,Matale,120.0,60.0,110.0,100.0,117.5,49.24428900898052
